0.082898,0.4222,-0.0035963
0.090667,0.35144,-0.0062017
0.10137,0.28802,-0.0080218
0.11494,0.23136,-0.0089926
0.13131,0.18096,-0.0092413
0.15043,0.13639,-0.0088866
0.17225,0.097291,-0.0080853
0.19677,0.063356,-0.0069415
0.22397,0.034362,-0.0055769
0.25387,0.010148,-0.0040617
0.28648,-0.009381,-0.0024819
0.31445,-0.011528,-0.0067685
0.34441,-0.013789,-0.012779
0.37644,-0.016168,-0.020459
0.41062,-0.018672,-0.029782
0.44699,-0.021308,-0.040656
0.48562,-0.024083,-0.053036
0.52656,-0.027004,-0.066794
0.56983,-0.030078,-0.081872
0.61545,-0.033314,-0.098113
0.66345,-0.036718,-0.11545
0.63333,-0.018037,-0.088913
0.60509,0.0037919,-0.069397
0.57853,0.028708,-0.054215
0.55351,0.056671,-0.041946
0.52989,0.08765,-0.031694
0.50758,0.12163,-0.022965
0.4865,0.15858,-0.015396
0.46658,0.19851,-0.008788
0.44777,0.24142,-0.0029683
0.43001,0.28729,0.0021549
0.46704,0.24,-0.0045482
0.50628,0.19612,-0.01282
0.54774,0.15547,-0.022643
0.59144,0.11787,-0.03404
0.63742,0.083197,-0.046994
0.6857,0.051333,-0.061531
0.73631,0.022189,-0.077623
0.78927,-0.004311,-0.095298
0.84462,-0.02823,-0.11452
0.90237,-0.049623,-0.13532
0.88275,-0.038959,-0.10755
0.8638,-0.027607,-0.087661
0.84541,-0.015683,-0.072549
0.82751,-0.0032708,-0.060593
0.81005,0.0095655,-0.050816
0.793,0.022774,-0.042671
0.77633,0.03631,-0.035769
0.76003,0.050139,-0.029883
0.74407,0.064226,-0.02482
0.72846,0.078546,-0.020467
0.7154,0.10549,-0.016577
0.70278,0.13395,-0.0095167
0.69064,0.16392,-0.0008351
0.67902,0.19541,0.0084024
0.66792,0.22839,0.017523
0.65735,0.26285,0.026079
0.64732,0.29877,0.033791
0.63781,0.33615,0.040461
0.62883,0.37497,0.045959
0.62037,0.41522,0.05018
0.57433,0.35246,0.043223
0.53183,0.29785,0.03528
0.49253,0.25032,0.02682
0.45611,0.20895,0.018047
0.42232,0.17298,0.0090787
0.39095,0.14176,-2.1388e-05
0.36179,0.11474,-0.0092004
0.33468,0.091443,-0.018428
0.30945,0.071466,-0.027672
0.28597,0.054447,-0.036917
0.31029,0.046239,-0.01474
0.3363,0.038235,0.0004965
0.36382,0.030345,0.011301
0.39279,0.022508,0.019247
0.42313,0.014681,0.02535
0.45481,0.0068345,0.030278
0.48781,-0.0010562,0.034474
0.5221,-0.0090088,0.038234
0.55768,-0.017038,0.041761
0.59455,-0.025154,0.04519
0.60872,-0.023359,0.046449
0.62302,-0.021463,0.047973
0.63743,-0.019467,0.049802
0.65195,-0.017371,0.051877
0.6666,-0.015168,0.05412
0.68136,-0.012855,0.056464
0.69623,-0.010429,0.058863
0.71122,-0.0078878,0.061284
0.72633,-0.0052298,0.06371
0.74154,-0.0024536,0.06613
0.74181,-0.0098025,0.071054
0.74115,-0.017535,0.086002
0.73972,-0.025562,0.10902
0.7376,-0.03383,0.13884
0.73486,-0.042314,0.17467
0.73154,-0.051,0.21599
0.72766,-0.059883,0.26236
0.72325,-0.06896,0.31347
0.71832,-0.078225,0.36897
0.7129,-0.087677,0.42861
0.71584,-0.10891,0.50351
0.71915,-0.12755,0.57759
0.7228,-0.14371,0.65123
0.72674,-0.15751,0.7248
0.73096,-0.16904,0.79836
0.73544,-0.17856,0.87195
0.73977,-0.18923,0.94508
0.74382,-0.20219,1.0176
0.74762,-0.21733,1.0891
0.75121,-0.23456,1.1595
0.80214,-0.20247,0.87501
0.84158,-0.18451,0.69286
0.87498,-0.17553,0.56248
0.90546,-0.16711,0.46353
0.93442,-0.15612,0.38593
0.96245,-0.14237,0.32409
0.98986,-0.12581,0.27457
1.0169,-0.10641,0.23511
1.0437,-0.084203,0.20414
1.0704,-0.0592,0.18045
1.061,-0.048017,0.17938
1.0528,-0.035884,0.17132
1.0452,-0.023187,0.1603
1.0381,-0.010166,0.14871
1.0312,0.0030407,0.13793
1.0244,0.016351,0.12868
1.0177,0.029715,0.12135
1.011,0.043103,0.11617
1.0044,0.056492,0.11326
0.99773,0.069881,0.11257
1.0385,0.067801,0.11575
1.0797,0.065313,0.11894
1.1215,0.062407,0.12217
1.1637,0.059084,0.12534
1.2064,0.055349,0.12837
1.2494,0.051208,0.13116
1.2929,0.046664,0.13371
1.3366,0.041698,0.13617
1.3807,0.036305,0.13861
1.425,0.030487,0.14106
1.4,0.076152,0.14709
1.3765,0.12466,0.15481
1.3545,0.17611,0.16333
1.3338,0.23052,0.17247
1.3144,0.2879,0.18221
1.2964,0.34826,0.19248
1.2796,0.41161,0.20323
1.2641,0.47797,0.21435
1.2498,0.54734,0.22579
1.2367,0.61972,0.23745
1.1037,0.62765,0.22983
0.98247,0.6345,0.22236
0.87212,0.64028,0.21527
0.77177,0.64502,0.20857
0.68068,0.64873,0.20228
0.59819,0.65145,0.19636
0.5237,0.65321,0.19079
0.45669,0.65404,0.18553
0.39669,0.65397,0.18056
0.34327,0.65303,0.17583
0.31352,0.56109,0.1031
0.28548,0.47822,0.067804
0.25961,0.40421,0.052992
0.23671,0.34027,0.032376
0.21648,0.28549,0.0023766
0.19844,0.23859,-0.035067
0.1822,0.19855,-0.078687
0.16743,0.16457,-0.12769
0.15387,0.13595,-0.18145
0.14125,0.11216,-0.2396
0.168,0.1217,-0.23964
0.19794,0.13215,-0.24165
0.23119,0.1435,-0.24532
0.26787,0.15573,-0.25053
0.30809,0.16881,-0.25699
0.35194,0.1827,-0.26462
0.3995,0.19736,-0.27315
0.45083,0.2127,-0.28255
0.50599,0.22867,-0.29256
0.56499,0.24517,-0.30321
0.53763,0.25435,-0.23155
0.51152,0.26543,-0.17669
0.48659,0.27789,-0.13301
0.46279,0.29143,-0.097677
0.44005,0.30587,-0.069011
0.41832,0.3211,-0.046091
0.39753,0.33701,-0.028254
0.37763,0.35355,-0.015118
0.35856,0.37066,-0.0063526
0.34025,0.38827,-0.0017493
0.32329,0.34754,-0.018772
0.30638,0.31092,-0.04672
0.28941,0.27776,-0.083131
0.27223,0.2476,-0.1268
0.2547,0.22007,-0.17697
0.23668,0.19484,-0.23327
0.218,0.17165,-0.29533
0.19854,0.15027,-0.363
0.17817,0.1305,-0.43598
0.15677,0.11217,-0.51419
0.16216,0.10148,-0.34095
0.16294,0.093531,-0.22358
0.16083,0.087341,-0.14212
0.15664,0.082359,-0.08619
0.15078,0.078229,-0.049667
0.14346,0.074698,-0.028765
0.13477,0.071569,-0.02093
0.12609,0.068632,-0.016201
0.11957,0.065792,-0.0014994
0.11519,0.063126,0.022421
0.11364,0.051232,0.0040142
0.11337,0.040147,-0.0080504
0.11405,0.029858,-0.01591
0.11549,0.020349,-0.020901
0.11753,0.011603,-0.023886
0.12008,0.0036041,-0.025462
0.12279,-0.0036881,-0.027241
0.12553,-0.010306,-0.029862
0.1283,-0.016261,-0.033138
0.13113,-0.021562,-0.036935
0.12351,-0.013522,-0.029448
0.11564,-0.0043622,-0.026313
0.10997,0.0063032,-0.017529
0.10651,0.018534,-0.0034331
0.1052,0.032385,0.015315
0.10601,0.047924,0.038236
0.10892,0.065223,0.064883
0.11392,0.08435,0.094923
0.121,0.10537,0.12798
0.13015,0.12835,0.16378
0.12732,0.1505,0.12876
0.12594,0.17471,0.097625
0.12583,0.20102,0.069485
0.12692,0.22946,0.043779
0.12912,0.26007,0.020004
0.13241,0.2929,-0.0021483
0.13675,0.32799,-0.02299
0.14214,0.36534,-0.042696
0.14857,0.40499,-0.061467
0.15605,0.44695,-0.0794
0.146,0.42958,-0.087539
0.13758,0.41319,-0.091205
0.1305,0.39766,-0.091402
0.12408,0.38275,-0.090162
0.11705,0.36803,-0.091097
0.10941,0.35344,-0.094102
0.10122,0.33897,-0.09901
0.092528,0.3246,-0.10566
0.083349,0.31031,-0.11396
0.073735,0.29607,-0.12381
0.081423,0.27351,-0.10673
0.088918,0.25103,-0.093672
0.096374,0.22869,-0.083991
0.10389,0.20652,-0.077218
0.11153,0.18454,-0.07308
0.11935,0.16277,-0.071366
0.12777,0.14136,-0.070921
0.13786,0.12074,-0.068979
0.14966,0.10095,-0.065478
0.16318,0.081962,-0.060464
0.1596,0.10323,-0.062239
0.1566,0.12556,-0.064937
0.1542,0.14896,-0.068535
0.15243,0.17344,-0.072963
0.15132,0.19902,-0.078196
0.15089,0.22569,-0.084169
0.15116,0.25347,-0.090857
0.15216,0.28236,-0.098204
0.15389,0.31238,-0.10619
0.15637,0.34352,-0.11475
0.15872,0.31298,-0.11027
0.16241,0.28412,-0.10517
0.1673,0.25678,-0.099604
0.17335,0.23084,-0.093547
0.18053,0.20621,-0.086947
0.18883,0.18282,-0.079686
0.19826,0.16061,-0.071698
0.20881,0.13951,-0.062881
0.22049,0.11947,-0.053178
0.23329,0.10044,-0.042504
0.23891,0.11201,-0.038107
0.24375,0.12325,-0.036532
0.2479,0.13418,-0.037503
0.25153,0.14487,-0.040572
0.25478,0.15538,-0.045326
0.25778,0.16578,-0.051293
0.26065,0.17614,-0.058106
0.2635,0.18651,-0.065424
0.2664,0.19693,-0.072971
0.26941,0.20743,-0.080512
0.28691,0.20068,-0.041232
0.30704,0.19616,0.0084853
0.32914,0.19342,0.066872
0.35273,0.19212,0.13267
0.37742,0.19202,0.20503
0.40291,0.19292,0.2832
0.42894,0.19465,0.36666
0.45525,0.19706,0.45485
0.48165,0.20001,0.54733
0.50792,0.20336,0.64358
0.49309,0.16668,0.51306
0.48986,0.13898,0.43045
0.49339,0.11617,0.37447
0.5013,0.096242,0.3346
0.51233,0.078121,0.3053
0.52571,0.061168,0.28322
0.54103,0.045013,0.26648
0.55798,0.029396,0.25377
0.57639,0.014166,0.24436
0.59611,-0.00080101,0.23765
0.52945,0.0019781,0.20781
0.46776,0.0050522,0.17934
0.41093,0.0084525,0.15313
0.35878,0.012111,0.12938
0.31108,0.015945,0.10811
0.26763,0.019854,0.08915
0.22825,0.023755,0.072387
0.19275,0.027562,0.057615
0.16095,0.031211,0.044728
0.13272,0.034638,0.033551
0.13248,0.043644,0.033313
0.1325,0.053051,0.032353
0.13279,0.062892,0.030849
0.13338,0.073195,0.028903
0.13429,0.083986,0.026669
0.13551,0.095289,0.02423
0.13706,0.10712,0.021712
0.13894,0.11951,0.019177
0.14115,0.13246,0.016724
0.1437,0.14598,0.014401
0.1325,0.1289,0.031898
0.12163,0.11303,0.05141
0.11104,0.09831,0.07256
0.10065,0.084671,0.095072
0.090417,0.072072,0.1188
0.080284,0.060472,0.14362
0.070204,0.049839,0.16946
0.060138,0.040139,0.19623
0.050048,0.031346,0.2239
0.039903,0.023432,0.25241
0.042004,0.015268,0.22233
0.043204,0.0083407,0.20079
0.043739,0.002393,0.18516
0.043768,-0.0027496,0.1738
0.043401,-0.0072084,0.16559
0.042719,-0.011074,0.15981
0.041784,-0.014416,0.15593
0.04064,-0.017288,0.15359
0.039327,-0.019735,0.15252
0.037872,-0.021795,0.15253
0.061345,-0.028972,0.15158
0.088834,-0.036851,0.1512
0.12044,-0.045491,0.15144
0.15626,-0.054956,0.15242
0.19638,-0.065305,0.15418
0.24087,-0.076596,0.1569
0.28978,-0.088884,0.16065
0.34316,-0.10222,0.16561
0.40104,-0.11667,0.1719
0.46346,-0.13227,0.17962
0.42243,-0.12656,0.15462
0.38433,-0.12034,0.13113
0.34874,-0.11373,0.1099
0.31535,-0.10685,0.091422
0.2839,-0.099783,0.076012
0.25417,-0.092638,0.06389
0.22597,-0.085498,0.055184
0.20013,-0.078209,0.046429
0.17718,-0.070631,0.035146
0.15703,-0.062768,0.021277
0.16525,-0.063174,0.0069426
0.17423,-0.063136,-0.010631
0.18366,-0.06269,-0.030473
0.19332,-0.061884,-0.05179
0.20303,-0.060755,-0.073995
0.21265,-0.05935,-0.096604
0.22208,-0.057703,-0.11929
0.23126,-0.055856,-0.14178
0.24013,-0.053838,-0.16391
0.24866,-0.051688,-0.18553
0.24557,-0.051577,-0.1897
0.24275,-0.0512,-0.19505
0.24007,-0.050601,-0.20116
0.23747,-0.049851,-0.20773
0.23487,-0.048972,-0.21454
0.23224,-0.048001,-0.22141
0.22954,-0.046954,-0.2282
0.22674,-0.045854,-0.23481
0.22384,-0.04471,-0.24116
0.22082,-0.043533,-0.24719
0.22049,-0.048677,-0.21068
0.22327,-0.050943,-0.18496
0.22838,-0.050763,-0.16648
0.23537,-0.048412,-0.15306
0.24393,-0.044056,-0.14335
0.25387,-0.037816,-0.13643
0.26507,-0.029769,-0.13168
0.27744,-0.019971,-0.12871
0.29091,-0.0084604,-0.1272
0.30543,0.0047338,-0.12699
0.28222,-0.011504,-0.089204
0.26144,-0.02536,-0.057875
0.24287,-0.036956,-0.032842
0.22631,-0.046418,-0.013888
0.21155,-0.053872,-0.00071125
0.19839,-0.059434,0.0069533
0.18663,-0.063214,0.0093782
0.17599,-0.065453,0.0083684
0.1658,-0.066911,0.011736
0.15608,-0.067669,0.020322
0.15564,-0.062647,0.020455
0.1559,-0.056034,0.020828
0.15685,-0.047835,0.021408
0.15847,-0.038045,0.022143
0.16074,-0.02665,0.023008
0.16366,-0.013634,0.023955
0.16724,0.0010239,0.02496
0.17146,0.017347,0.025976
0.17635,0.035356,0.026978
0.18192,0.055072,0.027917
0.17546,0.046955,0.032681
0.16945,0.039326,0.038182
0.16387,0.032162,0.044387
0.15871,0.025443,0.051244
0.15395,0.019149,0.058721
0.1496,0.013269,0.066774
0.14564,0.0077886,0.07538
0.14206,0.0026975,0.084501
0.13886,-0.0020146,0.094111
0.13602,-0.0063547,0.10418
0.12613,-0.019866,0.096896
0.11765,-0.030015,0.090085
0.11048,-0.037053,0.083621
0.10456,-0.041195,0.077419
0.099811,-0.04262,0.071393
0.096094,-0.041695,0.065505
0.091743,-0.042051,0.059878
0.086214,-0.044882,0.054613
0.079533,-0.050157,0.049732
0.071707,-0.057876,0.045291
0.088178,-0.052278,0.04464
0.10364,-0.050552,0.043519
0.11819,-0.052679,0.042008
0.13213,-0.058194,0.040194
0.14795,-0.062029,0.037611
0.16643,-0.062814,0.034113
0.18773,-0.060459,0.029612
0.21203,-0.054846,0.024081
0.23951,-0.045849,0.017443
0.27037,-0.033334,0.009697
0.2503,0.0028425,-0.0063041
0.23449,0.040831,-0.017231
0.22255,0.08058,-0.025211
0.21427,0.12208,-0.031471
0.20953,0.16535,-0.036794
0.20827,0.21042,-0.041653
0.21048,0.25737,-0.046375
0.21617,0.30624,-0.05115
0.22533,0.35711,-0.056117
0.23801,0.41003,-0.061347
0.24025,0.38552,-0.053656
0.2453,0.36041,-0.036548
0.25291,0.33485,-0.011583
0.26295,0.30897,0.020341
0.27531,0.28288,0.058656
0.28995,0.25667,0.10305
0.30682,0.2304,0.15325
0.32588,0.2041,0.20913
0.34708,0.17779,0.27053
0.37039,0.15147,0.33738
0.35706,0.19791,0.24995
0.34971,0.24775,0.17894
0.34754,0.30081,0.11995
0.35004,0.35701,0.070476
0.3569,0.4163,0.028953
0.3679,0.47865,-0.0055833
0.38289,0.54407,-0.033784
0.40173,0.61253,-0.056063
0.42433,0.68405,-0.072725
0.45061,0.7586,-0.083974
0.46377,0.76693,-0.08443
0.47769,0.77549,-0.084058
0.49229,0.78425,-0.083656
0.50751,0.79313,-0.084125
0.52335,0.80214,-0.08547
0.53985,0.81126,-0.087711
0.55701,0.82049,-0.090798
0.57486,0.82981,-0.09468
0.59341,0.83924,-0.099292
0.61269,0.84876,-0.10457
0.59168,0.79495,-0.099261
0.57207,0.74371,-0.091755
0.5537,0.69482,-0.083088
0.53644,0.64808,-0.073942
0.52022,0.60332,-0.064753
0.50495,0.56042,-0.055826
0.49058,0.51924,-0.047386
0.47708,0.47967,-0.039612
0.46439,0.44162,-0.032656
0.4525,0.40499,-0.026649
0.41043,0.40399,-0.022503
0.3731,0.40281,-0.015792
0.3401,0.40136,-0.0065188
0.31109,0.39946,0.0039796
0.28581,0.39702,0.015077
0.264,0.39397,0.026473
0.24548,0.39025,0.038002
0.23006,0.38579,0.049583
0.2176,0.38057,0.061161
0.20797,0.37453,0.072689
0.19683,0.35395,0.053366
0.18651,0.33469,0.038136
0.17693,0.31659,0.025916
0.16798,0.29956,0.016073
0.1596,0.2835,0.0082257
0.1517,0.26834,0.0021463
0.14419,0.25406,-0.0023087
0.13697,0.24062,-0.0052251
0.13002,0.22796,-0.0066465
0.12333,0.21602,-0.0066768
0.12267,0.21558,-0.0044591
0.12164,0.21539,0.0027697
0.12026,0.21545,0.014696
0.11857,0.21576,0.031028
0.1166,0.21629,0.051531
0.11438,0.21705,0.076023
0.11194,0.21802,0.10435
0.10932,0.2192,0.13638
0.10655,0.22055,0.17201
0.10366,0.22207,0.21114
0.10833,0.21901,0.16062
0.1125,0.21703,0.12238
0.11624,0.21592,0.092696
0.11963,0.21552,0.069275
0.12269,0.21573,0.050606
0.12546,0.21645,0.035674
0.12794,0.21765,0.023757
0.13017,0.21926,0.014338
0.13214,0.22126,0.0070307
0.13409,0.22348,0.0015474
0.1388,0.23049,0.0068442
0.14372,0.23751,0.011961
0.14884,0.24452,0.016435
0.15416,0.25152,0.020042
0.15969,0.25851,0.022711
0.1654,0.26549,0.02446
0.17131,0.27245,0.02536
0.17739,0.27941,0.025507
0.18365,0.28636,0.025005
0.19008,0.29331,0.023955
0.17221,0.26481,0.010406
0.15559,0.23852,0.0031092
0.14013,0.21422,-0.00069555
0.12576,0.19176,-0.0025078
0.11241,0.171,-0.0031782
0.10003,0.15185,-0.003204
0.088566,0.1342,-0.0028863
0.077982,0.11798,-0.002528
0.068234,0.10311,-0.0022993
0.059287,0.089514,-0.0021275
0.054517,0.082366,-0.0027798
0.050055,0.075694,-0.0040104
0.04588,0.069466,-0.005866
0.041972,0.06365,-0.0083767
0.038314,0.058217,-0.011565
0.034887,0.05314,-0.015445
0.031677,0.048393,-0.020025
0.028668,0.043951,-0.02531
0.025848,0.039793,-0.031303
0.023204,0.035899,-0.038004
0.021416,0.033517,-0.025832
0.019835,0.031014,-0.016247
0.018124,0.028634,-0.0090291
0.016192,0.026461,-0.0040148
0.014057,0.024508,-0.0010814
0.011738,0.022785,-0.00013573
0.0092628,0.021308,0.00091804
0.0066513,0.02009,0.0038497
0.0039032,0.019139,0.0086372
0.0010147,0.018464,0.015274
0.0077991,0.018029,0.006052
0.012375,0.019547,0.0010188
0.015284,0.022615,-0.00020794
0.020069,0.024798,-0.003368
0.027459,0.025534,-0.010626
0.037536,0.024714,-0.021999
0.050408,0.022233,-0.037489
0.066184,0.017998,-0.057076
0.084978,0.011921,-0.080728
0.1069,0.0039233,-0.1084
0.090815,0.015587,-0.099391
0.076595,0.025612,-0.090975
0.064301,0.033967,-0.08307
0.053999,0.040626,-0.075625
0.045757,0.045569,-0.068597
0.039638,0.048782,-0.061961
0.035708,0.050261,-0.055692
0.034022,0.050013,-0.049778
0.03208,0.0498,-0.044203
0.027722,0.05117,-0.038956
0.038003,0.060943,-0.042185
0.048609,0.072774,-0.045314
0.059598,0.086809,-0.048303
0.071245,0.10304,-0.051101
0.084917,0.12069,-0.053653
0.10094,0.1397,-0.055906
0.11943,0.16014,-0.057809
0.1405,0.18205,-0.059331
0.16425,0.20548,-0.060447
0.19078,0.23047,-0.061155
0.20704,0.24104,-0.071925
0.2245,0.25146,-0.083878
0.24319,0.26173,-0.09698
0.26314,0.27179,-0.1112
0.28435,0.28163,-0.12647
0.30687,0.29121,-0.14274
0.33069,0.30051,-0.15993
0.35584,0.30951,-0.17797
0.38231,0.31817,-0.19677
0.41011,0.32648,-0.21626
0.38181,0.26652,-0.25368
0.35695,0.21101,-0.28703
0.33534,0.15963,-0.31728
0.31677,0.1121,-0.34514
0.30108,0.068164,-0.37106
0.28814,0.027602,-0.39538
0.27782,-0.0097733,-0.41827
0.27002,-0.04413,-0.43988
0.26466,-0.075609,-0.46027
0.26166,-0.10433,-0.4795
0.25275,-0.037819,-0.30558
0.25313,0.031702,-0.19027
0.26203,0.10463,-0.11164
0.2792,0.18154,-0.058913
0.30475,0.26313,-0.026311
0.33905,0.35012,-0.010551
0.38262,0.44321,-0.0083705
0.4363,0.54315,0.00018856
0.50075,0.65044,0.020843
0.57651,0.76534,0.052868
0.60743,0.79323,0.05444
0.64136,0.81977,0.05635
0.6783,0.84493,0.058116
0.71823,0.8687,0.059366
0.76113,0.89105,0.059862
0.80699,0.91196,0.059407
0.8558,0.9314,0.057897
0.90756,0.94935,0.055238
0.96224,0.96579,0.051411
1.0198,0.98068,0.046392
0.97339,0.87743,-0.0053439
0.9335,0.78236,-0.025685
0.89901,0.69403,-0.030878
0.86901,0.61139,-0.033146
0.84276,0.53355,-0.041994
0.81985,0.45997,-0.056099
0.79993,0.39016,-0.074521
0.7827,0.32372,-0.0966
0.76793,0.26031,-0.1218
0.75541,0.19963,-0.14969
0.69183,0.19247,-0.071241
0.63222,0.18487,-0.034092
0.57637,0.17703,-0.022276
0.52448,0.16939,-0.013478
0.47677,0.16235,0.010124
0.43292,0.15587,0.046558
0.39266,0.14989,0.094549
0.35576,0.14441,0.15321
0.32204,0.1394,0.22188
0.29133,0.13483,0.30004
0.28669,0.13578,0.17099
0.28406,0.13838,0.086171
0.2829,0.14218,0.031325
0.28289,0.14691,-0.0012056
0.28385,0.15241,-0.015938
0.28546,0.15842,-0.020013
0.28677,0.16421,-0.034381
0.28766,0.1697,-0.060403
0.28817,0.17489,-0.097099
0.28831,0.17979,-0.1437
0.27221,0.18388,-0.11044
0.25663,0.18627,-0.086562
0.24164,0.18723,-0.068666
0.2273,0.18695,-0.054815
0.21362,0.18557,-0.043862
0.20061,0.18322,-0.035092
0.18824,0.18001,-0.028051
0.17651,0.17601,-0.02243
0.16541,0.17131,-0.018023
0.15491,0.16598,-0.014678
0.15695,0.16127,-0.014428
0.15951,0.15628,-0.014281
0.16258,0.15099,-0.014227
0.16615,0.14539,-0.014254
0.17023,0.13948,-0.014359
0.17479,0.13325,-0.014541
0.17985,0.12669,-0.014802
0.18538,0.11978,-0.01514
0.1914,0.11253,-0.015561
0.1979,0.10492,-0.016066
0.16858,0.091514,-0.015555
0.14216,0.079491,-0.015411
0.1185,0.068717,-0.015639
0.097452,0.059063,-0.016239
0.078877,0.050414,-0.017215
0.062649,0.042659,-0.018571
0.048645,0.035697,-0.02031
0.036745,0.029431,-0.022433
0.026837,0.023769,-0.024946
0.018809,0.018624,-0.027848
0.027375,0.026243,-0.030244
0.037503,0.035271,-0.032995
0.049185,0.045778,-0.036031
0.06242,0.057826,-0.03927
0.07721,0.071467,-0.042627
0.093561,0.086748,-0.046018
0.11148,0.10371,-0.049363
0.13099,0.12238,-0.052596
0.15208,0.14278,-0.055659
0.17478,0.16495,-0.05851
0.18256,0.17128,-0.033309
0.19009,0.17734,-0.016776
0.19746,0.1832,-0.0077415
0.20476,0.18893,-0.0052317
0.21216,0.19468,-0.0011087
0.21973,0.20051,0.008693
0.22748,0.20643,0.023837
0.23541,0.21244,0.044068
0.24352,0.21853,0.069181
0.25181,0.2247,0.099018
0.27711,0.23285,0.08067
0.30458,0.24022,0.064643
0.33429,0.24676,0.050679
0.36627,0.25241,0.038597
0.40058,0.25711,0.028263
0.43725,0.2608,0.01958
0.47631,0.26343,0.012482
0.51778,0.26494,0.0069116
0.5617,0.26527,0.0028411
0.60805,0.26437,0.00021044
0.57113,0.19042,0.0084967
0.53982,0.12186,0.020717
0.51359,0.058089,0.035432
0.49203,-0.0013834,0.051964
0.47481,-0.056979,0.069959
0.46162,-0.10905,0.089185
0.45225,-0.15788,0.10948
0.44649,-0.20374,0.13068
0.4442,-0.24682,0.15268
0.44525,-0.2873,0.17533
0.44506,-0.26955,0.16997
0.44567,-0.25136,0.16814
0.44708,-0.23274,0.16858
0.44926,-0.21369,0.17051
0.45221,-0.1942,0.17344
0.45592,-0.17427,0.17703
0.46038,-0.15391,0.18107
0.46558,-0.13311,0.18543
0.47152,-0.11188,0.19001
0.4782,-0.090209,0.19474
0.52159,-0.13103,0.12853
0.56776,-0.1749,0.082786
0.6169,-0.22194,0.050255
0.66913,-0.27225,0.026739
0.72451,-0.32592,0.0096836
0.78311,-0.38301,-0.0025485
0.84492,-0.44357,-0.011042
0.90995,-0.50764,-0.016585
0.97815,-0.57525,-0.019887
1.0494,-0.64636,-0.024219
1.0101,-0.62591,-0.023121
0.97344,-0.60615,-0.023338
0.93923,-0.58704,-0.023658
0.90726,-0.56857,-0.024005
0.87731,-0.5507,-0.024356
0.84923,-0.53341,-0.02479
0.82285,-0.51667,-0.025339
0.79804,-0.50045,-0.026049
0.77467,-0.48473,-0.026935
0.75263,-0.46947,-0.028029
0.77573,-0.48506,-0.03028
0.79895,-0.5009,-0.032626
0.82226,-0.517,-0.035072
0.84565,-0.53335,-0.037635
0.8691,-0.54993,-0.040314
0.89261,-0.56674,-0.043121
0.91615,-0.58377,-0.046053
0.93972,-0.60102,-0.049122
0.96331,-0.61847,-0.052322
0.9869,-0.63612,-0.055666
0.98922,-0.64252,-0.056385
0.99111,-0.64916,-0.057637
0.99259,-0.65602,-0.059171
0.99369,-0.66307,-0.060889
0.99443,-0.67031,-0.062726
0.99482,-0.67771,-0.064666
0.99488,-0.68524,-0.066683
0.99464,-0.69291,-0.068783
0.99411,-0.70068,-0.07095
0.9933,-0.70853,-0.073194
1.046,-0.73939,-0.076845
1.1,-0.77087,-0.081041
1.1552,-0.80296,-0.086076
1.2117,-0.83567,-0.091963
1.2694,-0.86903,-0.097529
1.3284,-0.90308,-0.10252
1.3887,-0.9378,-0.1069
1.4502,-0.97322,-0.11067
1.5129,-1.0093,-0.11383
1.5769,-1.0462,-0.11638
1.5437,-1.048,-0.13295
1.513,-1.05,-0.137
1.4836,-1.0515,-0.14655
1.4552,-1.0523,-0.1649
1.4277,-1.0525,-0.19123
1.4008,-1.0521,-0.225
1.3746,-1.051,-0.26572
1.3489,-1.0494,-0.313
1.3236,-1.0472,-0.36646
1.2986,-1.0444,-0.42583
1.2344,-0.92999,-0.39467
1.1768,-0.82024,-0.36922
1.1255,-0.71482,-0.34644
1.0803,-0.6134,-0.32522
1.0408,-0.51567,-0.30507
1.0067,-0.42134,-0.28581
0.97766,-0.33015,-0.26733
0.95352,-0.24186,-0.24959
0.93402,-0.15626,-0.23255
0.91897,-0.073165,-0.21619
0.89489,-0.098072,-0.19591
0.87063,-0.12223,-0.17703
0.84625,-0.14559,-0.15968
0.8218,-0.16811,-0.1439
0.79737,-0.18975,-0.12975
0.77299,-0.21048,-0.1172
0.74874,-0.23026,-0.10627
0.72467,-0.24907,-0.096921
0.70083,-0.26688,-0.089193
0.67727,-0.28366,-0.083101
0.66583,-0.2932,-0.079718
0.65465,-0.30221,-0.077762
0.64377,-0.31079,-0.076583
0.63321,-0.31896,-0.075792
0.62299,-0.3268,-0.07479
0.61312,-0.33432,-0.073513
0.60356,-0.34154,-0.072041
0.59431,-0.34847,-0.070414
0.58534,-0.35511,-0.068679
0.57665,-0.36149,-0.066856
0.59347,-0.31806,-0.068664
0.61385,-0.2728,-0.06808
0.63722,-0.22533,-0.070789
0.66354,-0.17566,-0.076613
0.69279,-0.12382,-0.085267
0.72494,-0.069833,-0.096571
0.75998,-0.013723,-0.11043
0.79789,0.044468,-0.12675
0.83865,0.1047,-0.14549
0.88224,0.16691,-0.16658
0.87225,0.056369,-0.12072
0.86737,-0.051586,-0.094354
0.86772,-0.15781,-0.080775
0.87326,-0.26287,-0.076787
0.88399,-0.36726,-0.07937
0.90053,-0.47174,-0.077571
0.92284,-0.57661,-0.069715
0.9508,-0.682,-0.05629
0.98426,-0.78802,-0.037721
1.0231,-0.89477,-0.014372
1.0416,-0.93755,-0.028162
1.0609,-0.98034,-0.036731
1.0809,-1.023,-0.042741
1.1014,-1.0656,-0.047404
1.1224,-1.1081,-0.051297
1.1438,-1.1504,-0.054717
1.1656,-1.1925,-0.057812
1.1877,-1.2346,-0.060695
1.2101,-1.2764,-0.063418
1.2327,-1.3181,-0.066103
1.2379,-1.3119,-0.075639
1.2439,-1.3062,-0.083951
1.2506,-1.3011,-0.090902
1.2582,-1.2965,-0.096532
1.2664,-1.2924,-0.10076
1.2753,-1.2887,-0.1036
1.2849,-1.2854,-0.10505
1.295,-1.2824,-0.10751
1.3054,-1.2798,-0.11191
1.3163,-1.2775,-0.11823
1.2011,-1.203,-0.10665
1.0956,-1.1318,-0.097047
0.99907,-1.0637,-0.089051
0.91074,-0.99847,-0.082518
0.83001,-0.93578,-0.076824
0.7564,-0.87549,-0.070686
0.68942,-0.81742,-0.064004
0.62862,-0.76139,-0.05675
0.57361,-0.70724,-0.048894
0.52405,-0.65484,-0.040408
0.53487,-0.65405,-0.026857
0.55089,-0.64965,-0.0097241
0.57197,-0.64168,0.010542
0.59798,-0.63018,0.033716
0.62881,-0.6152,0.059616
0.6644,-0.59677,0.088152
0.70467,-0.57494,0.11921
0.74956,-0.54974,0.1527
0.79901,-0.52123,0.1885
0.85295,-0.48945,0.22652
0.79878,-0.46913,0.28256
0.74654,-0.44833,0.32376
0.69643,-0.42732,0.35512
0.64851,-0.40628,0.37959
0.60276,-0.38534,0.39882
0.55915,-0.36459,0.41386
0.51761,-0.3441,0.4253
0.47809,-0.32388,0.43367
0.44052,-0.304,0.43925
0.40483,-0.2845,0.44238
0.39966,-0.27558,0.4893
0.39443,-0.26645,0.53233
0.3892,-0.25718,0.57208
0.38399,-0.24776,0.60907
0.37882,-0.23824,0.64351
0.37371,-0.22861,0.67568
0.36867,-0.21889,0.70565
0.36371,-0.20907,0.73355
0.35883,-0.19917,0.75938
0.35404,-0.18918,0.78324
0.36523,-0.18396,0.69836
0.37797,-0.18078,0.64226
0.39166,-0.17891,0.60321
0.40598,-0.17796,0.57496
0.42073,-0.17773,0.55384
0.4358,-0.17809,0.53769
0.4511,-0.17896,0.52514
0.46657,-0.18031,0.51537
0.48218,-0.18212,0.50779
0.49789,-0.18438,0.50209
0.46255,-0.16987,0.47611
0.42985,-0.15545,0.44927
0.3996,-0.14129,0.42296
0.37163,-0.12747,0.39782
0.34575,-0.11406,0.37411
0.32181,-0.1011,0.35188
0.29965,-0.088616,0.33108
0.27913,-0.076633,0.31165
0.26015,-0.065168,0.29347
0.24258,-0.054226,0.27645
0.23458,-0.077521,0.19229
0.22897,-0.1018,0.13155
0.22544,-0.12677,0.08674
0.22383,-0.15228,0.053454
0.22402,-0.17821,0.028953
0.22594,-0.20449,0.011431
0.22952,-0.23106,-0.0003358
0.23473,-0.25789,-0.0072216
0.24153,-0.28493,-0.0098644
0.24985,-0.31214,-0.010896
0.24052,-0.29829,-0.0087397
0.23162,-0.28482,-0.0073678
0.22315,-0.27175,-0.0053726
0.21509,-0.25904,-0.0030028
0.20744,-0.24669,-0.0004052
0.20017,-0.23466,0.0023519
0.19327,-0.22296,0.0052417
0.18674,-0.21156,0.0082565
0.18056,-0.20045,0.011402
0.17473,-0.18962,0.014685
0.17287,-0.1872,0.01871
0.17095,-0.18462,0.022361
0.16898,-0.1819,0.025635
0.16697,-0.17903,0.028547
0.1649,-0.17603,0.031128
0.16279,-0.17288,0.033407
0.16064,-0.1696,0.035416
0.15845,-0.16619,0.037177
0.15623,-0.16266,0.038718
0.15397,-0.159,0.040053
0.14617,-0.14766,0.017594
0.13859,-0.13699,0.0058433
0.13121,-0.1269,0.0018601
0.12401,-0.1174,-0.00016496
0.11702,-0.10852,-0.0067993
0.11023,-0.10021,-0.017302
0.10367,-0.092395,-0.031065
0.097338,-0.085046,-0.04765
0.091241,-0.07812,-0.066722
0.085385,-0.071583,-0.088035
0.093465,-0.080447,-0.10246
0.10201,-0.089941,-0.1181
0.11103,-0.10008,-0.13496
0.12054,-0.11087,-0.15305
0.13053,-0.12232,-0.17233
0.14101,-0.13445,-0.19282
0.15199,-0.14726,-0.21445
0.16346,-0.16075,-0.23721
0.1754,-0.17492,-0.26102
0.18782,-0.18979,-0.28585
0.21226,-0.21485,-0.24656
0.23843,-0.24183,-0.2144
0.26638,-0.27081,-0.18746
0.29615,-0.30189,-0.16449
0.32778,-0.33512,-0.14456
0.36131,-0.37056,-0.12705
0.39675,-0.40826,-0.11146
0.43412,-0.44825,-0.097498
0.47343,-0.49056,-0.084897
0.51469,-0.5352,-0.073513
0.50036,-0.54174,-0.11583
0.48678,-0.54821,-0.15694
0.47394,-0.55459,-0.19663
0.46188,-0.56086,-0.23522
0.45058,-0.567,-0.27306
0.44007,-0.57297,-0.31043
0.43036,-0.57876,-0.34746
0.42143,-0.58434,-0.38427
0.41331,-0.58968,-0.42084
0.406,-0.59475,-0.45719
0.40193,-0.57719,-0.46873
0.39816,-0.55933,-0.48065
0.39467,-0.54122,-0.49237
0.39145,-0.52289,-0.50365
0.38847,-0.50435,-0.51425
0.38573,-0.48565,-0.52413
0.38321,-0.46681,-0.53319
0.3809,-0.44786,-0.54145
0.3788,-0.42882,-0.54887
0.37689,-0.40972,-0.5555
0.39624,-0.4062,-0.45336
0.41711,-0.40227,-0.37046
0.43945,-0.3979,-0.30105
0.46324,-0.39305,-0.24203
0.48846,-0.38769,-0.19156
0.51508,-0.38177,-0.14856
0.54308,-0.37528,-0.11237
0.57243,-0.36818,-0.082525
0.60313,-0.36043,-0.058746
0.63515,-0.35202,-0.040818
0.65034,-0.33615,-0.022553
0.66539,-0.32008,-0.018511
0.68048,-0.30405,-0.016308
0.69573,-0.28822,-0.0095626
0.7111,-0.27254,1.7889e-05
0.72657,-0.25701,0.011403
0.74211,-0.24162,0.023902
0.7577,-0.22636,0.036997
0.77331,-0.21123,0.050268
0.78892,-0.19623,0.063366
0.75462,-0.19477,0.065621
0.72221,-0.19366,0.070345
0.69151,-0.19284,0.076162
0.66238,-0.19227,0.082371
0.63468,-0.19191,0.088567
0.60831,-0.19174,0.094538
0.58318,-0.19176,0.10015
0.55919,-0.19193,0.10534
0.53629,-0.19226,0.11007
0.51439,-0.19273,0.11435
0.47243,-0.21999,0.10502
0.43467,-0.24351,0.099959
0.40063,-0.26361,0.097466
0.36991,-0.28059,0.096631
0.34218,-0.29473,0.096914
0.31715,-0.30625,0.09801
0.29461,-0.31537,0.099705
0.27433,-0.32229,0.10188
0.25615,-0.32718,0.10445
0.23992,-0.3302,0.10734
0.25877,-0.31891,0.09991
0.28122,-0.30575,0.093518
0.30726,-0.29072,0.087836
0.33685,-0.27384,0.082672
0.36999,-0.25511,0.077858
0.40668,-0.23457,0.0733
0.44692,-0.2122,0.068907
0.49069,-0.18804,0.064627
0.53798,-0.1621,0.060415
0.58876,-0.13441,0.056259
0.56221,-0.17666,0.028787
0.5392,-0.2184,0.0097966
0.51933,-0.25971,-0.0036163
0.5023,-0.30067,-0.013064
0.48789,-0.34136,-0.01952
0.4759,-0.38185,-0.023604
0.4662,-0.42221,-0.025747
0.45865,-0.4625,-0.026327
0.45307,-0.50272,-0.027424
0.44934,-0.54293,-0.029783
0.44775,-0.49442,-0.029923
0.44748,-0.44687,-0.03058
0.44845,-0.40033,-0.031699
0.4506,-0.35483,-0.033223
0.45389,-0.3104,-0.035093
0.45825,-0.26708,-0.037253
0.46367,-0.22487,-0.039656
0.4701,-0.18381,-0.042254
0.47752,-0.14391,-0.045011
0.48591,-0.10519,-0.047886
0.48975,-0.084978,-0.047301
0.49404,-0.065125,-0.046506
0.49876,-0.045625,-0.045537
0.50392,-0.026477,-0.044422
0.50951,-0.0076786,-0.043186
0.51552,0.010773,-0.041849
0.52195,0.028879,-0.040433
0.52881,0.046641,-0.038955
0.53608,0.064061,-0.037432
0.54377,0.081141,-0.035883
0.55351,0.082893,-0.019791
0.56299,0.08468,-0.01672
0.57265,0.086362,-0.012405
0.58256,0.087919,-0.0038065
0.59267,0.089378,0.0073641
0.60295,0.090756,0.020099
0.61337,0.092058,0.033771
0.62392,0.093289,0.047925
0.6346,0.094449,0.062246
0.6454,0.095538,0.07647
0.64308,0.09023,0.057263
0.64072,0.08469,0.046437
0.63824,0.078967,0.040199
0.63561,0.073089,0.03662
0.63278,0.067073,0.034674
0.62978,0.06093,0.033781
0.62659,0.05467,0.033605
0.62321,0.048299,0.033946
0.61966,0.041824,0.034684
0.61594,0.035251,0.035744
0.61685,0.023337,0.026986
0.61802,0.011527,0.018746
0.61945,-0.00017843,0.01116
0.62111,-0.011782,0.0043015
0.62301,-0.023285,-0.0017916
0.62511,-0.034687,-0.0071042
0.62742,-0.04599,-0.011631
0.62991,-0.057194,-0.015377
0.63257,-0.068298,-0.018349
0.63541,-0.079302,-0.020558
0.65418,-0.12198,-0.023548
0.67389,-0.16747,-0.030494
0.69446,-0.21582,-0.043139
0.71593,-0.26706,-0.06048
0.7383,-0.32121,-0.081911
0.76159,-0.37827,-0.10704
0.78577,-0.43826,-0.13554
0.81084,-0.50114,-0.16718
0.83679,-0.5669,-0.2017
0.86358,-0.63547,-0.23892
0.87078,-0.59941,-0.16376
0.87833,-0.56407,-0.11639
0.88661,-0.52929,-0.084268
0.89575,-0.495,-0.06211
0.90581,-0.46114,-0.047363
0.91679,-0.42765,-0.038664
0.92869,-0.39452,-0.035145
0.94156,-0.3617,-0.035324
0.95562,-0.32912,-0.032756
0.9709,-0.29675,-0.026571
0.92452,-0.28047,-0.021104
0.87995,-0.26706,-0.013108
0.83708,-0.25618,-0.0027914
0.79587,-0.24754,0.0097379
0.75625,-0.24087,0.024426
0.71817,-0.23594,0.04124
0.6816,-0.23255,0.060166
0.6465,-0.2305,0.081201
0.61285,-0.22965,0.10435
0.58061,-0.22983,0.12961
0.57077,-0.25071,0.07452
0.56304,-0.27037,0.035275
0.55699,-0.28901,0.0074199
0.55236,-0.30678,-0.011497
0.54897,-0.32381,-0.022931
0.54667,-0.34019,-0.027809
0.54519,-0.35599,-0.030152
0.54408,-0.37122,-0.037698
0.54329,-0.3859,-0.050371
0.54278,-0.40009,-0.067843
0.49792,-0.39932,-0.061287
0.45576,-0.39788,-0.055414
0.41627,-0.39577,-0.049976
0.37938,-0.393,-0.044863
0.34507,-0.38958,-0.040049
0.31328,-0.38552,-0.035544
0.28396,-0.38083,-0.031368
0.25708,-0.37551,-0.027546
0.23258,-0.36957,-0.024108
0.21043,-0.36303,-0.021079
0.24262,-0.39385,-0.02826
0.27833,-0.42593,-0.036874
0.31764,-0.45932,-0.046677
0.36061,-0.49402,-0.057477
0.40727,-0.53007,-0.06913
0.45764,-0.56748,-0.081517
0.51168,-0.60628,-0.094537
0.56937,-0.64648,-0.1081
0.63062,-0.68809,-0.1221
0.69538,-0.73114,-0.13645
0.77993,-0.74061,-0.13432
0.87056,-0.74861,-0.1364
0.96717,-0.75525,-0.14086
1.0696,-0.76059,-0.14676
1.1778,-0.76473,-0.15354
1.2913,-0.76772,-0.16095
1.4101,-0.76964,-0.16882
1.5339,-0.77056,-0.17712
1.6624,-0.77054,-0.18583
1.7953,-0.76964,-0.195
1.7731,-0.70321,-0.10054
1.7504,-0.63717,-0.082644
1.7309,-0.57437,-0.037924
1.7147,-0.51494,0.040964
1.7013,-0.45864,0.1476
1.6903,-0.40527,0.27733
1.6816,-0.3547,0.42647
1.6749,-0.30679,0.59184
1.6701,-0.26144,0.77069
1.667,-0.21855,0.9607
1.586,-0.22345,0.85315
1.5124,-0.22984,0.79312
1.4443,-0.23663,0.74872
1.3806,-0.24352,0.71076
1.3208,-0.25042,0.67603
1.2645,-0.25732,0.64347
1.2112,-0.26421,0.61253
1.1608,-0.2711,0.58303
1.1129,-0.278,0.55475
1.0674,-0.28491,0.52765
1.1069,-0.29888,0.37673
1.1488,-0.31471,0.27329
1.1922,-0.33163,0.19504
1.2368,-0.34931,0.13243
1.2822,-0.36759,0.080877
1.3285,-0.38637,0.037872
1.3755,-0.40558,0.0018672
1.4232,-0.42516,-0.028254
1.4715,-0.44505,-0.053354
1.5204,-0.4652,-0.074187
1.6239,-0.42647,-0.092707
1.7286,-0.3881,-0.10948
1.834,-0.35032,-0.12289
1.9399,-0.31328,-0.13261
2.0459,-0.27696,-0.14198
2.1513,-0.2413,-0.15544
2.2559,-0.2064,-0.17275
2.3595,-0.17238,-0.19368
2.4619,-0.13932,-0.21798
2.563,-0.1073,-0.24548
2.4553,-0.077946,-0.22958
2.3619,-0.046965,-0.2189
2.2807,-0.015026,-0.21032
2.2102,0.017411,-0.20314
2.1488,0.050008,-0.19704
2.0954,0.082492,-0.19191
2.049,0.11466,-0.18764
2.0088,0.14633,-0.18416
1.9741,0.17737,-0.18141
1.9444,0.20768,-0.17936
1.8888,0.17381,-0.1693
1.8355,0.14184,-0.16424
1.7843,0.1116,-0.16256
1.7352,0.082869,-0.16158
1.6883,0.055471,-0.15816
1.6434,0.029329,-0.15249
1.6004,0.0043809,-0.14473
1.5591,-0.019433,-0.13503
1.5195,-0.042162,-0.1235
1.4814,-0.063859,-0.11026
1.457,-0.097324,-0.11113
1.4328,-0.13119,-0.11031
1.4088,-0.16542,-0.10858
1.3851,-0.19999,-0.10627
1.3615,-0.23489,-0.10352
1.3382,-0.2701,-0.10039
1.3151,-0.30561,-0.096906
1.2923,-0.34142,-0.09308
1.2698,-0.37751,-0.088918
1.2476,-0.41388,-0.084414
1.2678,-0.35076,-0.081718
1.2879,-0.29101,-0.083654
1.3082,-0.23448,-0.088218
1.3288,-0.181,-0.094405
1.3497,-0.1304,-0.10172
1.3709,-0.08254,-0.10987
1.3924,-0.037259,-0.11869
1.4143,0.005577,-0.12804
1.4364,0.046095,-0.1378
1.4588,0.084413,-0.14788
1.5161,0.081095,-0.17373
1.5747,0.077072,-0.19168
1.634,0.072397,-0.20598
1.6938,0.067081,-0.21813
1.7539,0.061126,-0.2289
1.8142,0.054528,-0.23852
1.8748,0.047285,-0.24713
1.9356,0.039394,-0.25474
1.9966,0.030855,-0.26138
2.0577,0.021668,-0.26705
1.9887,0.034181,-0.22689
1.921,0.046719,-0.19884
1.8552,0.059156,-0.17742
1.7917,0.071391,-0.16004
1.7302,0.083338,-0.14561
1.6707,0.094923,-0.13361
1.6132,0.10608,-0.12375
1.5574,0.11675,-0.11578
1.5034,0.12688,-0.10951
1.451,0.13642,-0.10471
1.425,0.12402,-0.11801
1.4022,0.11217,-0.12247
1.3815,0.10079,-0.12299
1.3626,0.089831,-0.12153
1.3453,0.079236,-0.11898
1.3292,0.068973,-0.11572
1.3144,0.059012,-0.11194
1.3007,0.049325,-0.10773
1.288,0.039889,-0.10316
1.2762,0.030683,-0.09822
1.2739,0.011694,-0.14764
1.2753,-0.0072162,-0.17087
1.2788,-0.026208,-0.17834
1.2831,-0.045462,-0.18015
1.2861,-0.065262,-0.18972
1.2882,-0.085597,-0.20611
1.2894,-0.10645,-0.22819
1.2899,-0.12779,-0.25504
1.2899,-0.14961,-0.28587
1.2894,-0.17185,-0.31999
1.2885,-0.12164,-0.22083
1.281,-0.076701,-0.17721
1.2706,-0.035981,-0.1608
1.2597,0.0012082,-0.15402
1.2507,0.035587,-0.13598
1.2435,0.067294,-0.10795
1.2377,0.096429,-0.071568
1.2332,0.12309,-0.028047
1.2297,0.14735,0.021609
1.2271,0.16929,0.076579
1.1879,0.17264,0.030223
1.151,0.17567,0.00078269
1.1155,0.17821,-0.020037
1.081,0.18017,-0.035767
1.0473,0.18153,-0.04807
1.0143,0.18228,-0.057753
0.98194,0.18241,-0.065269
0.95031,0.18193,-0.070864
0.91935,0.18083,-0.074718
0.88906,0.17912,-0.076936
0.85555,0.17473,-0.081942
0.82531,0.17056,-0.079289
0.79717,0.16642,-0.07794
0.77073,0.16225,-0.079998
0.74588,0.15804,-0.084517
0.72252,0.15381,-0.090897
0.70054,0.14955,-0.098741
0.67985,0.14526,-0.10774
0.66037,0.14095,-0.11767
0.642,0.1366,-0.12833
0.54715,0.11545,-0.11509
0.46273,0.096435,-0.10812
0.38785,0.079397,-0.10534
0.32166,0.064186,-0.10568
0.26341,0.050661,-0.10858
0.2124,0.038693,-0.11366
0.16802,0.028158,-0.1207
0.12973,0.018945,-0.12953
0.097027,0.010947,-0.14002
0.069483,0.0040657,-0.15207
0.071849,-0.0022019,-0.12644
0.074471,-0.010251,-0.10328
0.077312,-0.020085,-0.082507
0.080343,-0.031725,-0.064078
0.083544,-0.045212,-0.047951
0.086902,-0.060597,-0.034105
0.090413,-0.077947,-0.022522
0.094083,-0.097331,-0.013196
0.097926,-0.11883,-0.0061228
0.10196,-0.14252,-0.0013057
0.11045,-0.14714,-0.00043359
0.11937,-0.15182,0.00037978
0.12872,-0.15654,0.0011593
0.1385,-0.16133,0.0019248
0.14872,-0.16616,0.0026941
0.15935,-0.17106,0.003481
0.17041,-0.17601,0.0042983
0.18189,-0.18103,0.0051558
0.19377,-0.18612,0.0060917
0.20604,-0.19128,0.0071483
0.19106,-0.18446,0.0073126
0.17712,-0.17749,0.0074072
0.16414,-0.17039,0.0073946
0.15205,-0.16318,0.0073159
0.14079,-0.15591,0.007194
0.1303,-0.14859,0.0070392
0.12053,-0.14126,0.0068593
0.11144,-0.13392,0.0066572
0.10297,-0.12662,0.0064371
0.095083,-0.11935,0.0061999
0.10386,-0.1342,0.0062964
0.11317,-0.15005,0.0059407
0.123,-0.16694,0.0051918
0.13337,-0.18489,0.0040947
0.14426,-0.2039,0.0026905
0.15567,-0.22399,0.00098579
0.1676,-0.24517,-0.00099203
0.18003,-0.26746,-0.0032319
0.19295,-0.29087,-0.0057169
0.20634,-0.31539,-0.0084428
0.21151,-0.30126,-0.013614
0.21685,-0.28728,-0.019688
0.22236,-0.27346,-0.02662
0.22803,-0.25981,-0.034387
0.23385,-0.24633,-0.04296
0.23981,-0.23304,-0.052323
0.2459,-0.21995,-0.062455
0.25211,-0.20705,-0.073349
0.25842,-0.19435,-0.084989
0.26482,-0.18186,-0.097371
0.2201,-0.206,-0.08531
0.1817,-0.22956,-0.074323
0.14914,-0.25265,-0.064226
0.12199,-0.27535,-0.054929
0.099921,-0.29775,-0.046378
0.08265,-0.31991,-0.038564
0.069973,-0.3419,-0.031485
0.061734,-0.36377,-0.025163
0.057826,-0.38557,-0.019625
0.05818,-0.40734,-0.014911
0.055642,-0.39735,-0.011838
0.052174,-0.38771,-0.0091183
0.047822,-0.37839,-0.0069736
0.042618,-0.36939,-0.0055716
0.03659,-0.36066,-0.0050322
0.029751,-0.3522,-0.0051518
0.022091,-0.34403,-0.0043783
0.013633,-0.33612,-0.0024167
0.0044033,-0.32848,0.00079982
-0.0055749,-0.32109,0.0053282
-0.0012294,-0.34964,0.0092618
0.0032363,-0.37949,0.011949
0.0078068,-0.41063,0.013161
0.012466,-0.44306,0.012919
0.017198,-0.47678,0.011381
0.021992,-0.51179,0.0087686
0.02684,-0.54811,0.0053227
0.031737,-0.58572,0.001275
0.03668,-0.62465,-0.003159
0.041671,-0.66489,-0.0077859
0.037693,-0.60438,0.01473
0.034331,-0.54819,0.04686
0.031624,-0.49604,0.087483
0.029593,-0.44765,0.13576
0.028248,-0.40279,0.19102
0.027576,-0.36126,0.25273
0.027556,-0.32288,0.32043
0.028112,-0.28751,0.39374
0.029196,-0.25501,0.47228
0.030736,-0.22528,0.55576
0.025699,-0.23766,0.53613
0.019798,-0.25046,0.5182
0.013044,-0.26365,0.5012
0.0054568,-0.27722,0.48475
-0.0029481,-0.29117,0.46847
-0.012172,-0.30548,0.4522
-0.0222,-0.32015,0.43575
-0.033031,-0.33516,0.41909
-0.044646,-0.35051,0.40212
-0.057043,-0.36621,0.38485
-0.039467,-0.37088,0.30949
-0.023862,-0.37595,0.25268
-0.010192,-0.38125,0.20787
0.0016148,-0.38669,0.17139
0.011655,-0.39222,0.14099
0.020013,-0.39781,0.11525
0.026778,-0.40345,0.093223
0.032018,-0.40914,0.074256
0.035803,-0.41487,0.057876
0.038184,-0.42064,0.043732
0.036687,-0.41085,0.054698
0.035093,-0.40121,0.064023
0.033411,-0.39174,0.071965
0.031647,-0.38244,0.078771
0.029805,-0.37331,0.084674
0.027888,-0.36435,0.089851
0.025899,-0.35558,0.094455
0.023835,-0.34697,0.098592
0.021698,-0.33855,0.10235
0.019484,-0.3303,0.1058
0.024434,-0.34071,0.083822
0.026909,-0.35178,0.068058
0.028103,-0.36332,0.05644
0.031596,-0.37499,0.047722
0.037612,-0.38676,0.041109
0.046148,-0.39862,0.036059
0.057205,-0.41055,0.032221
0.070792,-0.42254,0.029347
0.086919,-0.43461,0.027272
0.1056,-0.44674,0.025876
0.11713,-0.46916,0.028303
0.12942,-0.49232,0.02906
0.14246,-0.51622,0.028531
0.1562,-0.54085,0.027049
0.1706,-0.56621,0.024923
0.18561,-0.59227,0.022373
0.20118,-0.61903,0.019582
0.21726,-0.64647,0.016656
0.23379,-0.67457,0.01369
0.25073,-0.70331,0.010706
0.20514,-0.68104,0.0042784
0.16635,-0.65948,0.00011229
0.13355,-0.63855,-0.0027098
0.10607,-0.61823,-0.0046659
0.083347,-0.59846,-0.0060028
0.064892,-0.5792,-0.0068809
0.050297,-0.56044,-0.0073892
0.03921,-0.54214,-0.0075977
0.031332,-0.52427,-0.0075502
0.026408,-0.50682,-0.0072877
0.026834,-0.52344,-0.0018055
0.027302,-0.54031,0.0037645
0.027826,-0.55744,0.0089123
0.028412,-0.5748,0.013431
0.029058,-0.59241,0.017274
0.02976,-0.61027,0.02046
0.030515,-0.62837,0.023038
0.03132,-0.64672,0.025053
0.032171,-0.66532,0.026554
0.033066,-0.68418,0.027572
0.031779,-0.736,0.028364
0.031435,-0.78973,0.028582
0.032021,-0.84537,0.028245
0.033181,-0.90293,0.027358
0.033513,-0.96246,0.025934
0.032864,-1.024,0.023977
0.031238,-1.0874,0.0215
0.028641,-1.1528,0.018503
0.02508,-1.2202,0.014998
0.020564,-1.2894,0.010989
0.02115,-1.1909,0.04575
0.02138,-1.0982,0.083014
0.021392,-1.0111,0.12267
0.021266,-0.9291,0.16468
0.021072,-0.85205,0.20895
0.020847,-0.77968,0.25541
0.020626,-0.71176,0.30393
0.020416,-0.64807,0.35442
0.020233,-0.58843,0.40675
0.020081,-0.53268,0.46083
0.017304,-0.54014,0.27984
0.015102,-0.55005,0.16378
0.015991,-0.56143,0.086311
0.019753,-0.57386,0.034463
0.026203,-0.5871,0.0010736
0.035227,-0.60101,-0.018155
0.046747,-0.61552,-0.02598
0.0606,-0.63033,-0.030269
0.076583,-0.64497,-0.042476
0.094745,-0.65947,-0.061832
0.088781,-0.67474,-0.06121
0.083008,-0.68982,-0.062534
0.077432,-0.70476,-0.065033
0.072053,-0.71957,-0.068255
0.066869,-0.73426,-0.071896
0.061878,-0.74883,-0.075752
0.057072,-0.76329,-0.079666
0.05245,-0.77765,-0.08353
0.048003,-0.79188,-0.087255
0.043728,-0.806,-0.090787
0.05372,-0.78396,-0.086549
0.064765,-0.76202,-0.086002
0.07685,-0.74024,-0.087804
0.08996,-0.71865,-0.09129
0.10408,-0.69729,-0.096098
0.11919,-0.67616,-0.10204
0.13527,-0.65527,-0.109
0.15232,-0.63463,-0.11695
0.17032,-0.61424,-0.12584
0.18926,-0.59412,-0.1357
0.16113,-0.62708,-0.15518
0.13527,-0.66106,-0.1733
0.1116,-0.69604,-0.19053
0.090012,-0.73201,-0.20726
0.070448,-0.76896,-0.2237
0.052829,-0.80689,-0.24004
0.037103,-0.84578,-0.25636
0.023206,-0.88566,-0.27273
0.011097,-0.92651,-0.28919
0.00072442,-0.96834,-0.30575
0.0023579,-0.93495,-0.28892
0.0040694,-0.90397,-0.26919
0.0058826,-0.87516,-0.24815
0.0078061,-0.84833,-0.22673
0.0098467,-0.82329,-0.2055
0.012004,-0.79991,-0.18484
0.014278,-0.77803,-0.16497
0.016666,-0.75755,-0.1461
0.019163,-0.73834,-0.12837
0.021763,-0.72031,-0.1119
0.016362,-0.65034,-0.095419
0.011482,-0.58479,-0.084553
0.0071289,-0.52354,-0.076974
0.0033145,-0.46647,-0.071524
5.1891e-05,-0.41341,-0.067592
-0.002646,-0.36423,-0.064828
-0.0047661,-0.31877,-0.063036
-0.006296,-0.27689,-0.062084
-0.0072242,-0.23844,-0.061911
-0.0075386,-0.2033,-0.062472
-0.0052154,-0.1715,-0.0794
-0.0022043,-0.14278,-0.09641
0.0015438,-0.11696,-0.11327
0.0060714,-0.093861,-0.12991
0.011408,-0.073323,-0.1463
0.017574,-0.055211,-0.16249
0.024576,-0.039413,-0.17851
0.032415,-0.025843,-0.19439
0.041082,-0.014445,-0.21015
0.050562,-0.0051892,-0.22583
0.06104,-0.0067587,-0.1704
0.071994,-0.0079234,-0.12652
0.083463,-0.0088137,-0.091518
0.095495,-0.0095141,-0.063673
0.10814,-0.010082,-0.041824
0.12147,-0.010561,-0.025181
0.13554,-0.010985,-0.013191
0.15041,-0.011384,-0.0054655
0.16614,-0.011785,-0.0017094
0.18279,-0.012257,-0.00088386
0.15553,-0.012746,-0.0023514
0.13044,-0.013929,-0.0078939
0.1075,-0.015811,-0.017048
0.086679,-0.018419,-0.029031
0.067964,-0.021774,-0.043358
0.051328,-0.025899,-0.059724
0.036754,-0.030821,-0.077945
0.024226,-0.036574,-0.097902
0.013735,-0.043196,-0.11951
0.0052724,-0.050737,-0.1427
0.0092584,-0.045446,-0.19083
0.014091,-0.040287,-0.24446
0.019859,-0.035316,-0.30282
0.026657,-0.030592,-0.36511
0.034568,-0.026164,-0.43053
0.043685,-0.022085,-0.49839
0.054069,-0.018394,-0.56806
0.065774,-0.015123,-0.63909
0.078826,-0.012297,-0.71102
0.093242,-0.0099396,-0.78359
0.1027,-0.01891,-0.57029
0.11228,-0.025772,-0.42174
0.12212,-0.031429,-0.3121
0.1323,-0.03634,-0.22849
0.14285,-0.040764,-0.16361
0.15379,-0.044858,-0.11306
0.16513,-0.048728,-0.074049
0.17685,-0.052444,-0.044702
0.18895,-0.056058,-0.023748
0.20142,-0.059613,-0.010283
0.17452,-0.066472,-0.011424
0.14948,-0.073931,-0.012185
0.12625,-0.081929,-0.01263
0.10479,-0.090425,-0.012818
0.085064,-0.099392,-0.012806
0.06704,-0.10882,-0.01263
0.050686,-0.11873,-0.012324
0.035975,-0.12913,-0.011908
0.022881,-0.14007,-0.0114
0.011382,-0.1516,-0.010809
0.019573,-0.1325,-0.0024453
0.0282,-0.11501,0.00020971
0.037308,-0.09908,0.001575
0.046946,-0.084638,0.0057122
0.057108,-0.071643,0.011965
0.067792,-0.060061,0.019874
0.079,-0.049869,0.029121
0.090733,-0.041053,0.039495
0.103,-0.033604,0.050835
0.1158,-0.02752,0.063025
0.11447,-0.032648,0.070932
0.11305,-0.03853,0.079324
0.11154,-0.04517,0.08817
0.10995,-0.052571,0.097454
0.10826,-0.06074,0.10714
0.10647,-0.069681,0.11719
0.10458,-0.079399,0.12758
0.10259,-0.0899,0.13826
0.1005,-0.10119,0.14919
0.098288,-0.11328,0.16032
0.10318,-0.12368,0.144
0.10823,-0.13446,0.13048
0.11342,-0.14563,0.11907
0.11876,-0.15721,0.1093
0.12423,-0.16921,0.1008
0.12984,-0.18164,0.093299
0.13558,-0.1945,0.0866
0.14145,-0.2078,0.080552
0.14745,-0.22154,0.075035
0.15357,-0.23574,0.069965
0.11091,-0.2381,0.056886
0.07418,-0.24095,0.048555
0.043043,-0.24434,0.043132
0.017229,-0.24833,0.039559
-0.0034818,-0.25293,0.037219
-0.019271,-0.25817,0.035721
-0.030276,-0.26406,0.03482
-0.036603,-0.27064,0.034348
-0.039093,-0.27781,0.034209
-0.044588,-0.28464,0.034323
-0.043697,-0.30066,0.072374
-0.045121,-0.31639,0.12569
-0.046666,-0.33239,0.1916
-0.046025,-0.3492,0.26799
-0.043181,-0.36697,0.35318
-0.038122,-0.38585,0.44588
-0.030828,-0.40593,0.54512
-0.021305,-0.42728,0.65022
-0.0095459,-0.44997,0.76063
0.0044417,-0.47406,0.87602
0.01182,-0.41182,0.87946
0.018501,-0.35533,0.8836
0.02453,-0.30421,0.8873
0.029946,-0.25809,0.89018
0.034788,-0.21664,0.89189
0.039091,-0.17957,0.89247
0.04289,-0.1466,0.89179
0.046212,-0.11748,0.89001
0.049088,-0.09197,0.88704
0.051541,-0.069858,0.88304
0.049575,-0.061184,0.80766
0.047276,-0.053022,0.74662
0.044713,-0.045468,0.69511
0.041945,-0.038564,0.65038
0.039021,-0.032312,0.61061
0.035986,-0.026706,0.57469
0.032878,-0.021722,0.54184
0.029736,-0.017341,0.51152
0.026591,-0.013534,0.48333
0.023479,-0.010279,0.45699
0.036212,-0.012143,0.3779
0.05061,-0.014187,0.31133
0.066636,-0.016456,0.25455
0.084285,-0.018984,0.20572
0.10356,-0.0218,0.1636
0.12448,-0.024936,0.12729
0.14709,-0.028425,0.096226
0.17143,-0.032306,0.069943
0.19754,-0.036622,0.048177
0.22547,-0.041421,0.030707
0.24319,-0.045172,0.030373
0.26164,-0.049149,0.029523
0.28082,-0.053354,0.028245
0.30071,-0.057793,0.026602
0.32132,-0.062467,0.02468
0.34263,-0.067382,0.022534
0.36464,-0.072542,0.020237
0.38734,-0.07795,0.017829
0.41073,-0.083611,0.015366
0.4348,-0.089528,0.012871
0.37708,-0.07732,0.013499
0.325,-0.066299,0.014471
0.27809,-0.056421,0.015791
0.23598,-0.047654,0.01744
0.19828,-0.039967,0.019423
0.16469,-0.033333,0.021728
0.13492,-0.027617,0.024365
0.10882,-0.022295,0.02734
0.08615,-0.017259,0.030664
0.066694,-0.012459,0.034325
0.063555,-0.010503,0.013761
0.060883,-0.0088645,0.0022229
0.058574,-0.0075247,-0.00093091
0.056426,-0.0060356,-0.0061716
0.054249,-0.0041123,-0.019487
0.051928,-0.0017335,-0.040839
0.049372,0.0011113,-0.070258
0.046522,0.0044195,-0.10783
0.043343,0.0081797,-0.15363
0.039824,0.012371,-0.20776
0.050098,0.0062412,-0.13934
0.060812,0.00073102,-0.08577
0.071943,-0.0042224,-0.045974
0.083521,-0.0086831,-0.019275
0.095628,-0.012719,-0.0052121
0.10841,-0.016454,-0.0022314
0.12235,-0.020694,0.0071521
0.13773,-0.025693,0.028343
0.15468,-0.031454,0.061118
0.17331,-0.037965,0.10524
0.16398,-0.039791,0.13074
0.15528,-0.040195,0.15761
0.14709,-0.039699,0.18569
0.13891,-0.040435,0.21486
0.13068,-0.042632,0.24502
0.12238,-0.046288,0.27614
0.114,-0.051412,0.30814
0.10552,-0.058017,0.341
0.096921,-0.066124,0.37463
0.088193,-0.075754,0.409
0.08792,-0.074449,0.34967
0.088253,-0.073686,0.30002
0.089097,-0.073358,0.25756
0.090387,-0.073389,0.22071
0.092074,-0.07373,0.18837
0.094122,-0.074342,0.1598
0.096501,-0.075196,0.13444
0.099186,-0.076268,0.1119
0.10216,-0.07754,0.091883
0.1054,-0.078993,0.074162
0.10737,-0.064504,0.088525
0.10861,-0.052479,0.10196
0.10915,-0.042846,0.11453
0.10903,-0.035541,0.12631
0.10826,-0.030518,0.13738
0.10689,-0.027739,0.14781
0.10506,-0.026598,0.15766
0.10365,-0.02371,0.16699
0.10281,-0.018541,0.17581
0.10256,-0.011092,0.18412
0.097838,-0.011716,0.17917
0.093165,-0.012236,0.1774
0.088555,-0.012634,0.17813
0.084018,-0.012895,0.18089
0.079567,-0.013007,0.18536
0.075211,-0.012962,0.1913
0.070961,-0.012751,0.19853
0.066825,-0.012367,0.20692
0.062813,-0.011807,0.21638
0.058932,-0.011066,0.22683
0.073165,-0.01206,0.17218
0.089501,-0.011049,0.12642
0.10802,-0.008042,0.088436
0.12884,-0.0030329,0.057517
0.15212,0.004,0.033233
0.178,0.013088,0.015326
0.20664,0.024267,0.0036406
0.23816,0.037573,-0.0019322
0.27266,0.052976,-0.0041042
0.31019,0.070286,-0.011645
0.31357,0.078925,-0.026003
0.3171,0.087689,-0.045676
0.32078,0.096612,-0.069727
0.32461,0.10572,-0.097492
0.3286,0.11504,-0.12845
0.33273,0.1246,-0.16223
0.33702,0.13438,-0.19847
0.34144,0.14442,-0.23689
0.34601,0.1547,-0.27718
0.35073,0.16525,-0.3191
0.34749,0.15743,-0.24139
0.34404,0.14974,-0.18468
0.34044,0.14228,-0.14128
0.33671,0.13508,-0.10707
0.33288,0.12815,-0.079665
0.32895,0.12151,-0.057654
0.32493,0.11512,-0.040119
0.32084,0.10899,-0.026467
0.31667,0.10311,-0.016284
0.31244,0.097445,-0.0092732
0.33403,0.11073,-0.013646
0.35651,0.12485,-0.018687
0.37985,0.13982,-0.024256
0.40405,0.15564,-0.030265
0.4291,0.1723,-0.036663
0.45499,0.18981,-0.043425
0.48169,0.20815,-0.050537
0.50921,0.22732,-0.057998
0.53752,0.2473,-0.065802
0.5666,0.2681,-0.073955
0.54068,0.24753,-0.069753
0.51624,0.2278,-0.067273
0.49316,0.20888,-0.06589
0.47134,0.19075,-0.065265
0.45066,0.17341,-0.065198
0.43105,0.15682,-0.065574
0.41243,0.14098,-0.066317
0.39474,0.12586,-0.067382
0.37791,0.11146,-0.068733
0.36188,0.097742,-0.070351
0.34038,0.089026,-0.037267
0.32034,0.081196,-0.017425
0.30159,0.074139,-0.0076836
0.28398,0.067761,-0.0053672
0.26754,0.062082,0.00049909
0.25222,0.057033,0.012474
0.23789,0.052521,0.029962
0.22447,0.048467,0.052521
0.21187,0.044803,0.079805
0.20003,0.041471,0.11155
0.19046,0.038633,0.063118
0.18087,0.035955,0.031071
0.17127,0.033403,0.010902
0.16173,0.030959,-0.00012657
0.15228,0.028614,-0.0037834
0.14286,0.026326,-0.006003
0.13338,0.024052,-0.013513
0.12389,0.021814,-0.025782
0.11444,0.019628,-0.042384
0.10509,0.01751,-0.063
0.11337,0.025849,-0.051255
0.12207,0.035028,-0.040958
0.13119,0.045046,-0.032052
0.14073,0.055899,-0.024484
0.15068,0.067583,-0.018223
0.16106,0.080095,-0.013242
0.17186,0.093429,-0.0095296
0.18309,0.10758,-0.0070754
0.19473,0.12255,-0.0058786
0.20681,0.13832,-0.0058259
0.19952,0.13124,-0.006343
0.1924,0.12417,-0.0092845
0.18545,0.11714,-0.014903
0.17864,0.11017,-0.023281
0.17198,0.10327,-0.034469
0.16544,0.096473,-0.048493
0.15902,0.089785,-0.065364
0.15271,0.08322,-0.085084
0.14651,0.076793,-0.10764
0.14042,0.070514,-0.13303
0.1474,0.1134,-0.1789
0.15715,0.16282,-0.2284
0.16975,0.21884,-0.2803
0.18524,0.2815,-0.33359
0.20368,0.35085,-0.38747
0.22509,0.42689,-0.44142
0.24949,0.50962,-0.49508
0.2769,0.59902,-0.54826
0.30733,0.69508,-0.60072
0.3408,0.79776,-0.65234
0.32296,0.67439,-0.50113
0.31071,0.5621,-0.40515
0.30382,0.45969,-0.33692
0.30193,0.36627,-0.28486
0.30466,0.28109,-0.24322
0.31174,0.20355,-0.20889
0.32292,0.13312,-0.17996
0.33802,0.069344,-0.15521
0.35692,0.011837,-0.1338
0.37958,-0.039725,-0.11513
0.35414,-0.025604,-0.17433
0.33055,-0.012088,-0.23289
0.30868,0.00088541,-0.28906
0.28845,0.013361,-0.34228
0.26975,0.025374,-0.39255
0.2525,0.036955,-0.44008
0.23661,0.048133,-0.48512
0.22199,0.058935,-0.52791
0.20858,0.069387,-0.5686
0.1963,0.079516,-0.60735
0.2066,0.076609,-0.42177
0.21557,0.072801,-0.29472
0.22369,0.06838,-0.20345
0.2312,0.063505,-0.13641
0.2383,0.058276,-0.087068
0.24508,0.052755,-0.051415
0.25163,0.046991,-0.02689
0.25801,0.041016,-0.011735
0.26427,0.034858,-0.0047254
0.27048,0.028569,-0.0029433
0.28627,0.046763,-0.004222
0.30296,0.066702,-0.0048939
0.32057,0.088383,-0.0056421
0.3391,0.11181,-0.0066602
0.35855,0.13697,-0.0078506
0.37893,0.16388,-0.0091541
0.40023,0.19253,-0.010543
0.42247,0.22292,-0.012005
0.44564,0.25502,-0.013541
0.46975,0.28884,-0.015174
0.44541,0.2832,-0.023649
0.4221,0.27736,-0.033385
0.39976,0.27136,-0.043438
0.37836,0.26522,-0.05347
0.35785,0.25896,-0.063376
0.33818,0.2526,-0.073125
0.31932,0.24615,-0.082715
0.30123,0.23963,-0.092143
0.28388,0.23304,-0.10141
0.26724,0.2264,-0.11051
0.23257,0.22739,-0.14524
0.20203,0.22729,-0.18017
0.17537,0.22613,-0.21507
0.15234,0.22395,-0.24987
0.13274,0.22077,-0.28449
0.11641,0.21658,-0.31892
0.10319,0.2114,-0.3531
0.09297,0.20523,-0.38698
0.085645,0.19807,-0.42047
0.080963,0.18999,-0.45352
0.095622,0.22139,-0.43108
0.11195,0.25466,-0.41659
0.13017,0.28977,-0.40775
0.15031,0.32672,-0.40307
0.17241,0.36551,-0.40144
0.19648,0.40613,-0.40209
0.22255,0.44859,-0.40438
0.25062,0.49285,-0.40789
0.2807,0.53891,-0.41227
0.31279,0.58675,-0.4173
0.30381,0.55259,-0.35475
0.29556,0.52062,-0.30219
0.28795,0.49065,-0.2571
0.28093,0.46251,-0.21799
0.27442,0.43604,-0.18383
0.26837,0.41111,-0.15391
0.26274,0.3876,-0.12773
0.25747,0.3654,-0.10486
0.25254,0.34441,-0.084981
0.24789,0.32454,-0.067817
0.25709,0.29009,-0.059834
0.26871,0.25546,-0.053734
0.28275,0.22065,-0.048971
0.29918,0.18566,-0.045178
0.31798,0.15049,-0.042119
0.33917,0.11515,-0.039622
0.36272,0.079627,-0.037577
0.38865,0.043916,-0.035894
0.41696,0.0080113,-0.034521
0.44765,-0.028092,-0.033409
0.37189,0.016631,-0.031323
0.30815,0.056491,-0.027373
0.25525,0.091974,-0.022687
0.21217,0.12349,-0.017984
0.17805,0.1514,-0.013732
0.15215,0.17596,-0.010234
0.13388,0.19739,-0.0077001
0.12276,0.21584,-0.0062767
0.11844,0.23138,-0.0060496
0.12071,0.24405,-0.0054696
0.12565,0.25012,-0.0079841
0.13285,0.255,-0.017343
0.14233,0.25873,-0.034362
0.15413,0.26137,-0.058318
0.1683,0.26293,-0.088623
0.18491,0.26343,-0.12476
0.20398,0.26286,-0.16629
0.22555,0.26121,-0.21282
0.24967,0.25847,-0.26398
0.27633,0.25461,-0.31945
0.30088,0.25357,-0.30148
0.32664,0.25178,-0.29025
0.35362,0.24928,-0.2835
0.38185,0.24609,-0.27981
0.41129,0.24224,-0.2782
0.44192,0.23774,-0.27805
0.47371,0.23261,-0.27889
0.50663,0.22687,-0.28045
0.54062,0.22053,-0.28252
0.57565,0.21361,-0.285
0.5533,0.19666,-0.20773
0.53222,0.18017,-0.15205
0.51233,0.16421,-0.11031
0.49354,0.14881,-0.078494
0.47575,0.13397,-0.054252
0.4589,0.11968,-0.036095
0.4429,0.10593,-0.023009
0.42768,0.092711,-0.01425
0.41319,0.080001,-0.0092499
0.39939,0.067789,-0.0075374
0.37436,0.08571,-0.0085468
0.351,0.10263,-0.011409
0.32921,0.11859,-0.01546
0.30895,0.13366,-0.020369
0.29013,0.14785,-0.025982
0.27272,0.16121,-0.032217
0.25665,0.17377,-0.039045
0.24188,0.18555,-0.046442
0.22838,0.19657,-0.054407
0.21609,0.20687,-0.062931
0.21023,0.21822,-0.057329
0.2052,0.22912,-0.053373
0.20093,0.2396,-0.050582
0.19739,0.2497,-0.048638
0.19453,0.25944,-0.047333
0.19231,0.26886,-0.04652
0.19069,0.27797,-0.046101
0.18965,0.28679,-0.046004
0.18916,0.29534,-0.046181
0.18919,0.30362,-0.046595
0.19251,0.30611,-0.058898
0.19589,0.30861,-0.069393
0.19935,0.31113,-0.077905
0.20286,0.31367,-0.084495
0.20644,0.31624,-0.089333
0.21008,0.31883,-0.092627
0.21376,0.32146,-0.094578
0.2175,0.32412,-0.095377
0.22127,0.32682,-0.095179
0.22509,0.32955,-0.094128
0.22116,0.34322,-0.11194
0.21908,0.356,-0.1307
0.21882,0.36788,-0.15026
0.22035,0.37887,-0.17053
0.22366,0.38895,-0.19139
0.2286,0.39819,-0.21274
0.23288,0.40791,-0.23443
0.23556,0.41864,-0.25637
0.23666,0.43038,-0.27843
0.23618,0.44312,-0.30054
0.25886,0.45976,-0.18846
0.27745,0.47787,-0.11585
0.29247,0.49766,-0.068273
0.30717,0.51753,-0.038125
0.32489,0.53568,-0.021048
0.34565,0.55222,-0.01434
0.36955,0.56724,-0.01285
0.39679,0.58092,-0.0050222
0.42739,0.59327,0.0092065
0.46132,0.60426,0.029143
0.43864,0.57055,0.01049
0.41705,0.53846,-0.00047866
0.39642,0.50784,-0.0070603
0.37668,0.47859,-0.010796
0.35776,0.45064,-0.012446
0.33963,0.42393,-0.012413
0.32221,0.39835,-0.01268
0.30545,0.37387,-0.014388
0.28931,0.35041,-0.01748
0.27377,0.32795,-0.02192
0.26623,0.33526,-0.020974
0.25987,0.34245,-0.020191
0.25464,0.3495,-0.019536
0.25052,0.35637,-0.018981
0.24747,0.36306,-0.018511
0.24545,0.36954,-0.018111
0.24444,0.3758,-0.017773
0.2444,0.38181,-0.017489
0.24531,0.38757,-0.017254
0.24715,0.39307,-0.017064
0.22005,0.34772,-0.01361
0.19545,0.30618,-0.010912
0.17321,0.26814,-0.0088116
0.15321,0.23336,-0.0072082
0.13533,0.20157,-0.0060328
0.11946,0.17254,-0.0052027
0.10552,0.14608,-0.0042949
0.093413,0.12197,-0.0032081
0.08305,0.10003,-0.0019583
0.074351,0.080073,-0.00055751
0.075371,0.097586,-0.00068473
0.079191,0.11466,-0.00090544
0.085866,0.13136,-0.001221
0.095427,0.1478,-0.0016327
0.10537,0.16571,-0.0021187
0.11404,0.18628,-0.0026656
0.12149,0.20959,-0.003278
0.12778,0.23572,-0.0039585
0.13296,0.26472,-0.0047106
0.13709,0.29665,-0.0055347
0.1084,0.26495,0.0085877
0.081878,0.23664,0.032906
0.057364,0.21146,0.067218
0.03469,0.18921,0.11136
0.013704,0.16975,0.16519
-0.0057272,0.15296,0.22858
-0.023714,0.13879,0.30139
-0.04034,0.12722,0.38352
-0.055656,0.11827,0.47479
-0.069686,0.112,0.57509
-0.082892,0.1029,0.4762
-0.094373,0.096364,0.3932
-0.10432,0.092109,0.32221
-0.11288,0.089936,0.26096
-0.12015,0.089683,0.20789
-0.12622,0.091225,0.16201
-0.13215,0.092988,0.12266
-0.13901,0.093443,0.089386
-0.14677,0.092629,0.061824
-0.15544,0.090564,0.039699
-0.16898,0.091794,0.033691
-0.18358,0.092209,0.028085
-0.19922,0.091807,0.022958
-0.21593,0.090581,0.018371
-0.23369,0.088526,0.014386
-0.25253,0.085634,0.011048
-0.27243,0.081897,0.0084051
-0.29341,0.077306,0.0064899
-0.31546,0.07185,0.0053355
-0.33858,0.06552,0.0049646
-0.29503,0.070068,0.0022967
-0.25664,0.073604,-0.0035706
-0.22288,0.07605,-0.011152
-0.19328,0.077342,-0.019507
-0.16748,0.077425,-0.028112
-0.14513,0.076255,-0.036674
-0.12596,0.07379,-0.045011
-0.10972,0.069995,-0.053027
-0.096183,0.064835,-0.060665
-0.085159,0.058281,-0.067911
-0.075576,0.051918,-0.059513
-0.066698,0.046029,-0.052462
-0.058481,0.040603,-0.046417
-0.050886,0.035632,-0.041155
-0.043876,0.031107,-0.036505
-0.037419,0.02702,-0.032355
-0.031484,0.023363,-0.028614
-0.026043,0.02013,-0.025223
-0.021067,0.017313,-0.022132
-0.016533,0.014907,-0.019306
-0.017424,0.014845,-0.011989
-0.018377,0.01492,-0.0068202
-0.019359,0.015123,-0.0033344
-0.020341,0.015443,-0.0012185
-0.021296,0.01587,-0.00026377
-0.022198,0.016397,-3.1833e-05
-0.023025,0.017029,0.00093756
-0.023875,0.017605,0.002781
-0.024765,0.018073,0.0054604
-0.025685,0.018425,0.0089453
-0.020513,0.014621,0.0099227
-0.016052,0.0113,0.010998
-0.012255,0.0084308,0.012164
-0.0090822,0.0059821,0.013412
-0.006494,0.003926,0.014736
-0.0044552,0.0022368,0.016131
-0.0029344,0.00089329,0.017592
-0.001905,-0.0001197,0.019117
-0.0013464,-0.00080935,0.020704
-0.0012461,-0.0011741,0.022353
-0.001459,-0.0014392,0.025234
-0.0015909,-0.0017939,0.028365
-0.0016208,-0.0022526,0.031754
-0.0015301,-0.0028277,0.035406
-0.0012991,-0.0035333,0.039322
-0.000907,-0.0043843,0.043499
-0.00033204,-0.0053968,0.047931
0.00044816,-0.0065876,0.052611
0.0014566,-0.0079743,0.057526
0.0027164,-0.0095751,0.062664
0.0054433,-0.0085275,0.039975
0.0077053,-0.007999,0.023189
0.0095122,-0.0079846,0.011413
0.010874,-0.0084802,0.004024
0.01205,-0.0091707,0.00060875
0.013654,-0.0093327,-0.00032488
0.015798,-0.0090351,-0.0043762
0.018524,-0.0082819,-0.01229
0.02187,-0.0070604,-0.024222
0.025871,-0.0053541,-0.040318
0.032626,-0.013784,-0.041024
0.041157,-0.023351,-0.041656
0.051524,-0.034098,-0.042206
0.063793,-0.046062,-0.042656
0.078027,-0.059276,-0.042974
0.094291,-0.073773,-0.043129
0.11264,-0.089579,-0.043085
0.13314,-0.10672,-0.042814
0.1558,-0.12527,-0.04229
0.18029,-0.14571,-0.041504
0.16068,-0.13123,-0.028864
0.14192,-0.11792,-0.018665
0.12399,-0.10577,-0.010645
0.1069,-0.094776,-0.0046373
0.090642,-0.084916,-0.00052735
0.075212,-0.076189,0.0017608
0.060611,-0.068587,0.0022796
0.046795,-0.062094,0.002611
0.033706,-0.056698,0.0046788
0.021339,-0.052403,0.008474
0.030861,-0.052307,0.003755
0.040169,-0.053148,0.0017653
0.049301,-0.054914,0.0014191
0.058378,-0.057615,-0.00097252
0.067409,-0.061247,-0.0057048
0.076383,-0.065813,-0.012706
0.085283,-0.071322,-0.02191
0.09409,-0.077786,-0.033254
0.10322,-0.084705,-0.046656
0.11335,-0.091255,-0.062023
0.11109,-0.091156,-0.04484
0.10911,-0.090747,-0.031386
0.10738,-0.090047,-0.020861
0.10572,-0.089254,-0.01271
0.10391,-0.088641,-0.0065363
0.10195,-0.088205,-0.0020394
0.099833,-0.087941,0.0010077
0.097578,-0.087846,0.0027775
0.095185,-0.087918,0.0034063
0.092632,-0.088158,0.0035673
0.08596,-0.085086,0.016273
0.078668,-0.082414,0.045994
0.070743,-0.080122,0.090658
0.062172,-0.078218,0.14895
0.05296,-0.076729,0.21979
0.043134,-0.075695,0.30215
0.032741,-0.07516,0.39494
0.021838,-0.075172,0.49709
0.01049,-0.075774,0.6075
-0.001239,-0.077012,0.72529
-0.01172,-0.05801,0.52589
-0.019658,-0.044223,0.39028
-0.024731,-0.034691,0.2917
-0.026988,-0.02877,0.21719
-0.026592,-0.02599,0.15948
-0.025758,-0.024195,0.11418
-0.027964,-0.020166,0.078416
-0.033031,-0.013959,0.050358
-0.040851,-0.0056037,0.028827
-0.051442,0.0049593,0.013128
-0.052365,-0.0047916,0.021165
-0.054323,-0.014903,0.030698
-0.057328,-0.025382,0.041631
-0.061385,-0.036244,0.053856
-0.06649,-0.047514,0.067276
-0.072634,-0.059219,0.081777
-0.079805,-0.071387,0.097259
-0.08799,-0.084046,0.11361
-0.097174,-0.097224,0.13074
-0.10734,-0.11095,0.14856
-0.099418,-0.1039,0.1552
-0.091843,-0.096984,0.16064
-0.084612,-0.09021,0.16509
-0.077715,-0.083599,0.16869
-0.071147,-0.077171,0.17157
-0.064898,-0.070943,0.17385
-0.058962,-0.064929,0.17561
-0.053333,-0.059145,0.17693
-0.047998,-0.053611,0.17785
-0.042887,-0.048399,0.17844
-0.043435,-0.0496,0.14685
-0.043783,-0.051347,0.11991
-0.043948,-0.053581,0.096779
-0.043938,-0.056259,0.076853
-0.043759,-0.059351,0.059699
-0.04341,-0.062841,0.044992
-0.042885,-0.066721,0.032498
-0.042172,-0.070988,0.022034
-0.041259,-0.07565,0.013467
-0.040127,-0.080715,0.0066927
-0.027463,-0.069814,0.024695
-0.016217,-0.060774,0.049967
-0.0062387,-0.053431,0.081895
0.0025743,-0.047677,0.12007
0.010277,-0.043453,0.16418
0.016885,-0.040742,0.21394
0.022377,-0.039562,0.26903
0.026712,-0.039952,0.32913
0.029828,-0.041967,0.39382
0.032202,-0.045102,0.46279
0.039732,-0.050545,0.39392
0.046735,-0.058005,0.33602
0.052723,-0.067905,0.28614
0.05775,-0.08018,0.24249
0.061865,-0.094823,0.20382
0.065108,-0.11187,0.16934
0.067514,-0.13138,0.13848
0.069106,-0.15345,0.11088
0.069902,-0.17815,0.086264
0.069908,-0.20559,0.064467
0.096738,-0.21578,0.042859
0.1243,-0.22796,0.026033
0.15262,-0.24211,0.012908
0.18172,-0.25819,0.0027249
0.21162,-0.27619,-0.005042
0.24231,-0.29612,-0.010789
0.27381,-0.31798,-0.014804
0.30611,-0.34178,-0.017313
0.33917,-0.3675,-0.019593
0.37296,-0.39512,-0.023251
0.32721,-0.34917,-0.02001
0.28511,-0.30678,-0.017546
0.24645,-0.26777,-0.015537
0.21108,-0.23198,-0.013881
0.17882,-0.19927,-0.012549
0.14953,-0.1695,-0.011539
0.12309,-0.14256,-0.010853
0.099363,-0.11834,-0.010496
0.078251,-0.096754,-0.010471
0.059648,-0.077706,-0.010783
0.070872,-0.090486,-0.015713
0.083276,-0.1047,-0.021565
0.096914,-0.12042,-0.028206
0.11183,-0.13772,-0.035496
0.12808,-0.15664,-0.043288
0.14568,-0.17723,-0.051448
0.16467,-0.19955,-0.059853
0.18507,-0.22363,-0.0684
0.20689,-0.24948,-0.077003
0.23015,-0.27714,-0.085588
0.24823,-0.30159,-0.077083
0.26684,-0.32717,-0.070027
0.28599,-0.3539,-0.064068
0.30567,-0.38179,-0.058957
0.32587,-0.41085,-0.054501
0.34659,-0.4411,-0.050562
0.36783,-0.47252,-0.047042
0.38957,-0.50512,-0.043873
0.4118,-0.53891,-0.041009
0.43452,-0.57386,-0.038428
0.44269,-0.56778,-0.026676
0.45051,-0.56313,-0.022356
0.45815,-0.5598,-0.020774
0.46587,-0.55772,-0.015445
0.47363,-0.55679,-0.0067363
0.48141,-0.55693,0.0049267
0.48918,-0.55806,0.019259
0.49693,-0.56014,0.036046
0.50465,-0.5631,0.055122
0.51232,-0.56692,0.076323
0.4937,-0.54526,0.029624
0.47572,-0.52455,0.0012605
0.45818,-0.50474,-0.013711
0.44095,-0.48578,-0.017904
0.42369,-0.46758,-0.021438
0.40675,-0.44948,-0.033406
0.3904,-0.43125,-0.053211
0.37463,-0.41289,-0.080431
0.35946,-0.39439,-0.11475
0.34489,-0.37576,-0.15591
0.36644,-0.39564,-0.11659
0.38819,-0.41585,-0.086854
0.41025,-0.43642,-0.06429
0.43267,-0.45734,-0.047397
0.45549,-0.47863,-0.035194
0.47875,-0.50027,-0.027032
0.50245,-0.52228,-0.022473
0.52661,-0.54464,-0.021208
0.55128,-0.56737,-0.021303
0.57659,-0.5905,-0.018733
0.53856,-0.57917,-0.017654
0.50677,-0.56482,-0.016473
0.48086,-0.54748,-0.015289
0.46017,-0.52753,-0.014138
0.43824,-0.51038,-0.012897
0.41282,-0.49779,-0.011538
0.3839,-0.48957,-0.010081
0.35148,-0.48557,-0.0085397
0.31552,-0.48566,-0.0069255
0.27599,-0.48974,-0.0052487
0.26209,-0.46534,-0.0076396
0.24912,-0.44218,-0.0089933
0.23698,-0.42019,-0.0097457
0.2256,-0.39928,-0.010133
0.21491,-0.37937,-0.010289
0.20487,-0.36042,-0.010293
0.1954,-0.34235,-0.010196
0.18648,-0.32512,-0.010028
0.17806,-0.30868,-0.0098108
0.1701,-0.29299,-0.0095597
0.15886,-0.26756,-0.0092295
0.14856,-0.24423,-0.008754
0.13907,-0.22283,-0.0082014
0.13029,-0.20321,-0.0077672
0.12213,-0.18524,-0.0074602
0.11451,-0.16879,-0.0072608
0.10736,-0.15376,-0.0071539
0.10062,-0.14004,-0.0071259
0.094229,-0.12754,-0.0071669
0.088139,-0.11619,-0.0072671
0.096046,-0.1201,-0.014569
0.1027,-0.12517,-0.026408
0.10821,-0.1313,-0.042702
0.11451,-0.13694,-0.063362
0.12233,-0.14149,-0.088295
0.13176,-0.14492,-0.11741
0.1429,-0.14717,-0.15059
0.15583,-0.1482,-0.18776
0.17067,-0.14795,-0.2288
0.18749,-0.14638,-0.27363
0.18189,-0.1314,-0.21465
0.1763,-0.11628,-0.16793
0.17086,-0.10116,-0.13016
0.16563,-0.086153,-0.099307
0.16067,-0.07134,-0.074027
0.15604,-0.05679,-0.053408
0.15177,-0.042556,-0.036804
0.1479,-0.028684,-0.023742
0.14446,-0.015212,-0.013869
0.14147,-0.0021718,-0.0069092
0.14603,0.00095885,-0.00758
0.1507,0.0041614,-0.007911
0.15549,0.0074365,-0.0079165
0.16039,0.010786,-0.0076317
0.16539,0.014212,-0.0071075
0.17051,0.017716,-0.0063974
0.17572,0.0213,-0.0055579
0.18105,0.024965,-0.004641
0.18647,0.028712,-0.0036967
0.192,0.032542,-0.0027691
0.16447,0.027583,-0.00030454
0.1402,0.023097,0.0011885
0.11883,0.018994,0.004792
0.10005,0.015276,0.0096156
0.083582,0.011938,0.01512
0.069181,0.0089694,0.020972
0.056638,0.006359,0.026956
0.045766,0.0040934,0.032935
0.036397,0.0021592,0.038818
0.028383,0.00054403,0.044552
0.027981,-0.00036174,0.040315
0.027583,-0.0012532,0.036932
0.02719,-0.0021289,0.034228
0.026801,-0.0029879,0.032076
0.026416,-0.0038296,0.030378
0.026037,-0.0046539,0.029061
0.025662,-0.0054606,0.028063
0.025293,-0.0062498,0.027341
0.024929,-0.0070218,0.026858
0.024572,-0.0077766,0.026587
0.023897,0.0051581,0.024969
0.026711,0.015744,0.023404
0.032909,0.024112,0.021894
0.041372,0.031766,0.020447
0.048787,0.04319,0.01908
0.05478,0.058913,0.017786
0.059148,0.079228,0.016555
0.061685,0.10443,0.015376
0.062187,0.1348,0.014235
0.060469,0.17059,0.013113
0.060631,0.15174,0.021503
0.060433,0.13431,0.031508
0.059875,0.11825,0.042947
0.05896,0.10354,0.0557
0.057684,0.090144,0.06969
0.056047,0.078026,0.084867
0.054045,0.067168,0.10119
0.051674,0.057546,0.11865
0.048928,0.049146,0.13721
0.045807,0.041952,0.15687
0.045041,0.041907,0.10375
0.044213,0.041887,0.061274
0.043321,0.041914,0.029718
0.042362,0.042017,0.0093235
0.04133,0.042226,0.0002736
0.040254,0.042508,-0.0031943
0.03922,0.042682,-0.017274
0.038207,0.04272,-0.042939
0.037191,0.042603,-0.080208
0.036151,0.042312,-0.12912
0.036094,0.044639,-0.10029
0.036071,0.047068,-0.075196
0.036075,0.049585,-0.053798
0.0361,0.052174,-0.036081
0.036138,0.054822,-0.022015
0.036181,0.057514,-0.011579
0.03622,0.060234,-0.0047481
0.036248,0.06297,-0.0015014
0.036251,0.06573,-0.00069652
0.036209,0.068617,0.002967
0.043338,0.054698,-0.0002575
0.047979,0.044911,-0.00089501
0.050512,0.038548,-0.0019699
0.051176,0.035127,-0.0046687
0.050607,0.033615,-0.0087283
0.051428,0.030046,-0.013935
0.053999,0.023777,-0.020225
0.0584,0.014593,-0.027581
0.06478,0.0021957,-0.035986
0.07334,-0.013776,-0.045414
0.067666,-0.026999,-0.071749
0.0634,-0.039931,-0.10332
0.060541,-0.052568,-0.13986
0.059093,-0.0649,-0.18116
0.059062,-0.076916,-0.22697
0.060461,-0.088604,-0.27707
0.063302,-0.099951,-0.33119
0.067602,-0.11094,-0.38912
0.073144,-0.12172,-0.45059
0.078048,-0.13351,-0.51539
0.086251,-0.14567,-0.45541
0.094542,-0.15833,-0.40636
0.10294,-0.17145,-0.36495
0.11147,-0.18501,-0.32918
0.12013,-0.19899,-0.29763
0.12894,-0.2134,-0.2694
0.13789,-0.22822,-0.2438
0.14698,-0.24345,-0.22038
0.15623,-0.25909,-0.1988
0.16561,-0.27512,-0.1788
0.17839,-0.29027,-0.17423
0.19087,-0.30622,-0.16708
0.20304,-0.32296,-0.158
0.21489,-0.3405,-0.14757
0.22646,-0.35881,-0.13624
0.23857,-0.37735,-0.12438
0.25147,-0.39598,-0.1123
0.26515,-0.41469,-0.10022
0.27961,-0.43348,-0.088347
0.29483,-0.45236,-0.076824
0.27596,-0.42041,-0.12669
0.25834,-0.39008,-0.18297
0.24187,-0.36117,-0.24465
0.22646,-0.33354,-0.31109
0.21204,-0.30708,-0.38187
0.19855,-0.28167,-0.45667
0.18594,-0.25724,-0.53514
0.17418,-0.23372,-0.61707
0.16323,-0.21104,-0.7021
0.15305,-0.18915,-0.79004
0.15239,-0.2118,-0.75647
0.15422,-0.23341,-0.72963
0.1585,-0.25403,-0.70678
0.16522,-0.27368,-0.68643
0.17435,-0.29242,-0.66747
0.18468,-0.31098,-0.6493
0.19318,-0.33123,-0.63141
0.19971,-0.35324,-0.61357
0.20428,-0.37701,-0.59557
0.20687,-0.40252,-0.57732
0.19405,-0.37723,-0.47055
0.1825,-0.35422,-0.39011
0.17206,-0.33316,-0.32648
0.16258,-0.3138,-0.27448
0.15394,-0.29595,-0.23106
0.14604,-0.27944,-0.19427
0.1388,-0.26413,-0.16284
0.13213,-0.24991,-0.13581
0.12597,-0.23668,-0.11252
0.12025,-0.22434,-0.09244
0.1208,-0.2194,-0.13178
0.12082,-0.21463,-0.17512
0.12031,-0.21004,-0.22182
0.11926,-0.20563,-0.2714
0.11767,-0.2014,-0.32354
0.11556,-0.19734,-0.37802
0.11359,-0.19306,-0.43469
0.11214,-0.18836,-0.49343
0.1112,-0.18325,-0.55415
0.11078,-0.17772,-0.61681
0.094354,-0.1487,-0.59063
0.07981,-0.12293,-0.57127
0.066952,-0.10008,-0.55651
0.055609,-0.079877,-0.54507
0.045636,-0.062083,-0.53605
0.036907,-0.046495,-0.52887
0.029314,-0.032931,-0.52312
0.022763,-0.021246,-0.5185
0.017172,-0.011299,-0.51479
0.012472,-0.002996,-0.51181
0.01175,-0.007861,-0.515
0.011902,-0.012573,-0.5194
0.012917,-0.017129,-0.52473
0.01479,-0.021546,-0.53081
0.016874,-0.026183,-0.53749
0.018368,-0.031498,-0.54464
0.019261,-0.037491,-0.55217
0.019544,-0.044171,-0.56
0.019204,-0.051541,-0.56805
0.018231,-0.059611,-0.57629
0.015061,-0.067371,-0.53806
0.010901,-0.075533,-0.50169
0.0057554,-0.084099,-0.46703
-0.00037052,-0.093075,-0.43395
-0.0074738,-0.10246,-0.40238
-0.015551,-0.11227,-0.37221
-0.024602,-0.12251,-0.34339
-0.034625,-0.13318,-0.31586
-0.045623,-0.14429,-0.28959
-0.057596,-0.15584,-0.26451
-0.052107,-0.13702,-0.24783
-0.047664,-0.11953,-0.23446
-0.044073,-0.10335,-0.22362
-0.041165,-0.088472,-0.2147
-0.038795,-0.074881,-0.20737
-0.036831,-0.062567,-0.20131
-0.035157,-0.051516,-0.19632
-0.033668,-0.041719,-0.19222
-0.032269,-0.033164,-0.18891
-0.030876,-0.025846,-0.18624
-0.013619,-0.02415,-0.17928
0.00049298,-0.025621,-0.17231
0.011459,-0.030251,-0.16538
0.019273,-0.038025,-0.15846
0.0257,-0.047991,-0.15152
0.03609,-0.057356,-0.14452
0.050798,-0.065914,-0.13744
0.069816,-0.073648,-0.13024
0.093141,-0.080544,-0.12293
0.12077,-0.086594,-0.1155
0.095384,-0.083156,-0.10925
0.073864,-0.078249,-0.10395
0.056065,-0.07207,-0.099446
0.041857,-0.064806,-0.095583
0.03112,-0.056629,-0.092262
0.023748,-0.047701,-0.089378
0.018225,-0.038884,-0.086853
0.010651,-0.032217,-0.084581
0.00088707,-0.027834,-0.082492
-0.011032,-0.025767,-0.080503
-0.004432,-0.03876,-0.059374
0.003898,-0.055378,-0.04209
0.013968,-0.075718,-0.028058
0.0258,-0.099889,-0.017019
0.039421,-0.128,-0.0088892
0.054861,-0.16017,-0.0036192
0.07215,-0.19649,-0.0011465
0.091323,-0.23706,-0.00054315
0.11243,-0.28197,0.0021236
0.13549,-0.33129,0.0072026
0.14417,-0.3357,0.0038449
0.15174,-0.34018,0.0019132
0.15822,-0.34476,0.0008295
0.16361,-0.34944,0.0002585
0.16794,-0.35422,4.0928e-06
0.17121,-0.35913,-5.3327e-05
0.17349,-0.36414,1.7909e-05
0.17601,-0.36867,9.6514e-05
0.17926,-0.37251,7.8623e-05
0.18324,-0.37566,-3.1453e-05
0.17646,-0.36917,-0.00023427
0.1709,-0.36232,-0.00039393
0.16654,-0.3551,-0.0004832
0.16202,-0.34813,-0.00050304
0.1565,-0.34181,-0.00046267
0.14996,-0.33612,-0.00038359
0.14241,-0.33104,-0.00028206
0.13386,-0.32656,-0.00017721
0.1243,-0.32268,-8.1842e-05
0.11373,-0.31938,-1.3333e-05
0.10802,-0.27144,-0.00021506
0.099482,-0.23014,-0.00038194
0.08831,-0.19484,-0.00051023
0.07551,-0.16461,-0.00060371
0.066902,-0.13637,-0.00067247
0.063256,-0.10939,-0.00071583
0.064259,-0.083521,-0.00073184
0.069693,-0.058578,-0.00072017
0.079449,-0.034399,-0.00068097
0.093526,-0.010831,-0.00061468
0.10002,-0.024112,-0.00043511
0.10721,-0.039394,-0.00034693
0.11509,-0.056729,-0.00032944
0.12369,-0.076166,-0.00036679
0.133,-0.09775,-0.00044764
0.14305,-0.12152,-0.00056491
0.15383,-0.14751,-0.00071532
0.16537,-0.17575,-0.00089912
0.17768,-0.20627,-0.0011191
0.19075,-0.23908,-0.0013808
0.18999,-0.27183,-0.0017337
0.19085,-0.30541,-0.002045
0.19335,-0.3398,-0.0023093
0.19747,-0.37503,-0.0025564
0.20324,-0.4111,-0.0028269
0.21067,-0.44801,-0.0031638
0.21977,-0.48577,-0.0034759
0.23055,-0.52436,-0.0036835
0.24305,-0.5638,-0.0037526
0.25726,-0.60409,-0.0036599
0.24497,-0.57769,-0.0050169
0.23312,-0.55177,-0.0084251
0.2217,-0.52632,-0.015124
0.21059,-0.50139,-0.024456
0.19962,-0.47706,-0.035988
0.18877,-0.45333,-0.049426
0.17805,-0.43021,-0.064545
0.16743,-0.4077,-0.081179
0.15691,-0.38581,-0.09918
0.14648,-0.36454,-0.11844
0.14988,-0.37616,-0.055569
0.15329,-0.38743,-0.021565
0.1567,-0.39851,-0.0069132
0.16011,-0.40951,-0.0041652
0.16349,-0.42068,0.0048813
0.16686,-0.43208,0.022094
0.17021,-0.4437,0.045919
0.17354,-0.45553,0.075238
0.17685,-0.46758,0.1092
0.18016,-0.47983,0.14716
0.17587,-0.49239,0.083048
0.16919,-0.50594,0.044496
0.16018,-0.52041,0.020707
0.14885,-0.53577,0.0059619
0.1352,-0.55201,-0.0029891
0.11922,-0.56912,-0.0080872
0.1009,-0.58709,-0.010535
0.080218,-0.60591,-0.011575
0.057147,-0.62554,-0.013685
0.031669,-0.64595,-0.016849
0.05287,-0.66454,-0.015048
0.073613,-0.6836,-0.014575
0.093907,-0.70315,-0.014889
0.11376,-0.72317,-0.015563
0.13318,-0.74367,-0.015926
0.15217,-0.76465,-0.015963
0.17074,-0.78609,-0.015668
0.1889,-0.80799,-0.015023
0.20664,-0.83034,-0.013996
0.22398,-0.85313,-0.012558
0.23249,-0.91715,-0.021182
0.24061,-0.98352,-0.02577
0.24831,-1.0521,-0.029516
0.25555,-1.1227,-0.036437
0.2623,-1.1954,-0.046267
0.26851,-1.2699,-0.058769
0.27418,-1.3463,-0.07373
0.27926,-1.4244,-0.090975
0.28373,-1.5043,-0.11032
0.28757,-1.5858,-0.13161
0.28917,-1.4871,-0.15205
0.29157,-1.3981,-0.17115
0.29435,-1.3174,-0.18987
0.29714,-1.244,-0.20861
0.29963,-1.1771,-0.2275
0.30156,-1.1159,-0.2466
0.30272,-1.0598,-0.26587
0.30291,-1.0083,-0.28532
0.30197,-0.96102,-0.30488
0.29978,-0.91751,-0.32453
0.22135,-0.72503,-0.21952
0.15458,-0.56558,-0.1564
0.0975,-0.43453,-0.11431
0.048578,-0.32801,-0.084585
0.0065553,-0.24274,-0.062869
-0.029618,-0.17598,-0.046705
-0.06083,-0.12536,-0.034558
-0.087827,-0.08891,-0.0254
-0.11122,-0.065026,-0.018523
-0.13146,-0.052546,-0.013434
-0.15268,-0.06361,-0.0080266
-0.17626,-0.075947,-0.0048729
-0.20243,-0.089591,-0.0039384
-0.23137,-0.10464,-0.0040281
-0.26326,-0.12128,-0.0022827
-0.29826,-0.13956,0.0013841
-0.33655,-0.15952,0.006916
-0.37826,-0.18118,0.014259
-0.42352,-0.20457,0.023343
-0.47245,-0.22969,0.034102
-0.50257,-0.24816,0.031241
-0.53378,-0.26754,0.030182
-0.56609,-0.2878,0.03041
-0.59952,-0.30886,0.031609
-0.63406,-0.33069,0.033533
-0.66974,-0.35323,0.036017
-0.70655,-0.37643,0.038919
-0.7445,-0.40022,0.042132
-0.78359,-0.42455,0.045573
-0.82382,-0.44937,0.049158
-0.79532,-0.46862,0.074098
-0.76722,-0.48935,0.095117
-0.73953,-0.51152,0.11285
-0.71221,-0.53513,0.12797
-0.68526,-0.56015,0.14095
-0.65865,-0.58654,0.15213
-0.63238,-0.61428,0.16167
-0.60644,-0.64333,0.16968
-0.58081,-0.67365,0.17621
-0.55548,-0.70521,0.18129
-0.50182,-0.62816,0.14796
-0.45193,-0.55867,0.126
-0.40559,-0.49569,0.10971
-0.36262,-0.4385,0.096646
-0.32281,-0.38654,0.085652
-0.28601,-0.33934,0.076126
-0.25206,-0.29652,0.06772
-0.22082,-0.25772,0.060223
-0.19215,-0.22264,0.053489
-0.16593,-0.19102,0.047414
-0.16026,-0.17593,0.04215
-0.15499,-0.16195,0.039541
-0.15007,-0.14898,0.03877
-0.14548,-0.13693,0.039357
-0.14117,-0.12573,0.041017
-0.13712,-0.11535,0.043576
-0.13329,-0.10572,0.046934
-0.12967,-0.096806,0.05103
-0.12623,-0.088576,0.055832
-0.12295,-0.080993,0.061327
-0.10802,-0.086641,0.026483
-0.093205,-0.09415,0.005579
-0.078583,-0.10342,-0.0037292
-0.064202,-0.11427,-0.0065988
-0.050071,-0.12618,-0.017129
-0.036186,-0.13923,-0.03601
-0.022535,-0.15356,-0.062722
-0.0090974,-0.1693,-0.096858
0.0041547,-0.18655,-0.13806
0.017252,-0.20541,-0.186
-0.0039799,-0.19055,-0.10626
-0.026318,-0.17716,-0.055989
-0.049886,-0.16521,-0.025498
-0.074811,-0.15465,-0.009493
-0.10123,-0.14543,-0.004826
-0.12937,-0.13778,0.00024367
-0.15943,-0.13183,0.013239
-0.19156,-0.12751,0.033245
-0.2259,-0.12478,0.059567
-0.26258,-0.12364,0.091645
-0.27257,-0.12331,0.049159
-0.28298,-0.12363,0.021613
-0.29376,-0.12443,0.0048607
-0.30487,-0.12556,-0.0036444
-0.31625,-0.12693,-0.0057881
-0.32782,-0.12839,-0.0096718
-0.33951,-0.12987,-0.018284
-0.35132,-0.13139,-0.03107
-0.36323,-0.13296,-0.047625
-0.37524,-0.13458,-0.067644
-0.33698,-0.10644,-0.049528
-0.30009,-0.08446,-0.037439
-0.26457,-0.068496,-0.028936
-0.2305,-0.058021,-0.022699
-0.19959,-0.045967,-0.017957
-0.17241,-0.029735,-0.014267
-0.14887,-0.0093987,-0.011357
-0.12886,0.014998,-0.0090513
-0.11231,0.043447,-0.0072383
-0.099172,0.075976,-0.0058458
-0.12284,0.059695,-0.01744
-0.15061,0.04278,-0.03514
-0.18261,0.025191,-0.058094
-0.21897,0.0069201,-0.085547
-0.25982,-0.012016,-0.1168
-0.30528,-0.031585,-0.1512
-0.35547,-0.051739,-0.1882
-0.41049,-0.072428,-0.22734
-0.47044,-0.093598,-0.26825
-0.5354,-0.11519,-0.31066
-0.52077,-0.11119,-0.32669
-0.50618,-0.10715,-0.34026
-0.49164,-0.10307,-0.35158
-0.47716,-0.098948,-0.36087
-0.46274,-0.094776,-0.36825
-0.44839,-0.09055,-0.37388
-0.43413,-0.086265,-0.37781
-0.41995,-0.081916,-0.38019
-0.40588,-0.077503,-0.38107
-0.39192,-0.07302,-0.38056
-0.42736,-0.07132,-0.27433
-0.46315,-0.069698,-0.19646
-0.4996,-0.068037,-0.13828
-0.53687,-0.066264,-0.094826
-0.57509,-0.064349,-0.0631
-0.61432,-0.062268,-0.041183
-0.65463,-0.060007,-0.027829
-0.69603,-0.057556,-0.022181
-0.7386,-0.054881,-0.022249
-0.78267,-0.051765,-0.017857
-0.76312,-0.049834,-0.024654
-0.74367,-0.047726,-0.031868
-0.724,-0.045668,-0.048472
-0.70421,-0.043631,-0.07211
-0.68432,-0.041604,-0.10158
-0.66438,-0.039586,-0.1362
-0.64438,-0.037578,-0.17553
-0.62434,-0.03558,-0.21927
-0.60428,-0.033597,-0.26716
-0.58419,-0.031627,-0.31896
-0.60951,-0.047075,-0.18947
-0.63419,-0.062047,-0.11149
-0.65878,-0.076373,-0.064637
-0.68353,-0.089997,-0.038778
-0.70857,-0.1029,-0.028287
-0.73406,-0.11504,-0.026874
-0.76064,-0.1262,-0.018248
-0.78832,-0.1364,-0.0014911
-0.81705,-0.14571,0.022269
-0.84677,-0.15416,0.052135
-0.81358,-0.15349,0.069185
-0.78252,-0.14815,0.088209
-0.75233,-0.14416,0.10865
-0.72232,-0.14464,0.13012
-0.69248,-0.14929,0.15222
-0.6628,-0.15788,0.17468
-0.63327,-0.17019,0.19725
-0.6039,-0.18606,0.21977
-0.57467,-0.20533,0.24206
-0.54558,-0.22789,0.26401
-0.54379,-0.23226,0.20082
-0.54324,-0.23655,0.15644
-0.54351,-0.24084,0.12328
-0.54437,-0.24517,0.097345
-0.5457,-0.24955,0.076331
-0.5474,-0.254,0.058875
-0.54942,-0.25852,0.04412
-0.55174,-0.26312,0.031508
-0.55433,-0.2678,0.020657
-0.55716,-0.27256,0.011292
-0.53326,-0.23272,0.018897
-0.50928,-0.19814,0.027562
-0.48534,-0.16823,0.037384
-0.46155,-0.14246,0.048437
-0.438,-0.1204,0.060783
-0.41477,-0.10168,0.07448
-0.39191,-0.085969,0.089573
-0.36949,-0.072993,0.10612
-0.34755,-0.062517,0.12415
-0.32614,-0.054334,0.14369
-0.30617,-0.053384,0.086708
-0.28781,-0.053008,0.043853
-0.27088,-0.05318,0.01362
-0.25526,-0.053879,-0.005014
-0.24082,-0.055094,-0.012787
-0.22719,-0.056808,-0.014884
-0.21351,-0.058979,-0.025867
-0.19969,-0.061586,-0.04647
-0.18569,-0.064616,-0.076431
-0.17149,-0.06806,-0.11555
-0.17039,-0.083167,-0.10091
-0.16884,-0.10067,-0.088438
-0.16686,-0.12058,-0.077664
-0.1645,-0.14296,-0.068272
-0.16176,-0.16783,-0.060013
-0.15865,-0.19524,-0.052711
-0.1552,-0.22522,-0.046226
-0.15139,-0.25783,-0.040458
-0.14725,-0.29308,-0.035327
-0.14279,-0.33101,-0.030777
