0.20945,0.26538,-0.010571
0.21757,0.24581,-0.023033
0.22603,0.22719,-0.038497
0.23484,0.20945,-0.056302
0.244,0.19253,-0.076114
0.25353,0.17637,-0.097633
0.26342,0.16096,-0.12074
0.27369,0.14624,-0.14526
0.28433,0.13219,-0.17115
0.29535,0.11878,-0.19824
0.30676,0.106,-0.22655
0.32586,0.1073,-0.21528
0.3455,0.10848,-0.20454
0.36567,0.10954,-0.19403
0.38636,0.11047,-0.18372
0.40756,0.11127,-0.17343
0.42927,0.11194,-0.16319
0.45147,0.11248,-0.1529
0.47415,0.11287,-0.14262
0.4973,0.11312,-0.13229
0.52091,0.11322,-0.12198
0.53092,0.12265,-0.099494
0.54125,0.13228,-0.08135
0.55189,0.14211,-0.066141
0.56282,0.15212,-0.053083
0.57403,0.16233,-0.04162
0.58552,0.17271,-0.031458
0.59729,0.18328,-0.022352
0.60935,0.19402,-0.014185
0.62168,0.20493,-0.0068341
0.63431,0.216,-0.00024836
0.65332,0.20717,0.001571
0.67254,0.19878,0.003483
0.69195,0.19081,0.0054577
0.71156,0.18324,0.0074543
0.73135,0.17604,0.0094728
0.75133,0.16918,0.011493
0.77148,0.16266,0.013526
0.79181,0.15645,0.015558
0.8123,0.15054,0.017604
0.83295,0.14491,0.019653
0.81365,0.15385,0.027067
0.79476,0.16243,0.031193
0.77625,0.17063,0.033128
0.75806,0.17846,0.033938
0.74013,0.18586,0.035748
0.72242,0.19286,0.038571
0.70495,0.19947,0.04226
0.68772,0.20569,0.046689
0.67071,0.21154,0.051769
0.65392,0.21704,0.05741
0.63345,0.24281,0.046696
0.6135,0.26898,0.040836
0.59409,0.29557,0.03853
0.57524,0.3226,0.038678
0.55711,0.35021,0.037353
0.53974,0.3784,0.033848
0.5231,0.40718,0.0283
0.50719,0.43655,0.020792
0.49199,0.46651,0.011397
0.4775,0.49705,0.00015975
0.43939,0.45269,-0.012253
0.40369,0.4125,-0.023656
0.37025,0.37604,-0.034321
0.33893,0.34291,-0.044432
0.30963,0.31276,-0.05409
0.28222,0.2853,-0.063375
0.25662,0.26026,-0.072322
0.23273,0.23741,-0.080973
0.21046,0.21654,-0.089341
0.18974,0.19748,-0.097452
0.2057,0.2039,-0.058949
0.22318,0.21079,-0.03004
0.24204,0.21806,-0.0081367
0.26217,0.22565,0.0084627
0.28353,0.23354,0.020928
0.30606,0.24168,0.030076
0.32974,0.25006,0.036501
0.35455,0.25867,0.040637
0.38033,0.26738,0.044629
0.40692,0.27608,0.050608
0.40714,0.25725,0.051719
0.40723,0.23887,0.053781
0.40717,0.22094,0.056863
0.40697,0.20347,0.061014
0.40663,0.18645,0.06626
0.40614,0.16988,0.072608
0.4055,0.15377,0.080051
0.40473,0.13811,0.088579
0.40383,0.1229,0.098175
0.40279,0.10815,0.10883
0.43375,0.098142,0.12493
0.46614,0.088039,0.14021
0.49995,0.077841,0.15471
0.53518,0.06754,0.16854
0.57182,0.05713,0.18179
0.60988,0.046602,0.19456
0.64935,0.035951,0.2069
0.69023,0.025172,0.21886
0.73252,0.014261,0.23046
0.77624,0.0032133,0.24172
0.79183,-0.0086196,0.27116
0.80776,-0.020052,0.29931
0.82399,-0.031125,0.32649
0.8405,-0.041872,0.35294
0.85728,-0.052322,0.37876
0.87432,-0.062496,0.40404
0.89161,-0.07241,0.42874
0.90916,-0.082081,0.45288
0.92697,-0.091517,0.47639
0.94505,-0.10073,0.49925
0.90311,-0.078629,0.39105
0.85852,-0.060018,0.3204
0.81317,-0.043504,0.26955
0.76792,-0.028467,0.23056
0.7232,-0.014593,0.19937
0.67928,-0.00171,0.17375
0.6363,0.010288,0.15231
0.5944,0.021471,0.13414
0.55366,0.031892,0.11858
0.51413,0.041591,0.10516
0.51756,0.062967,0.11329
0.52153,0.086422,0.11942
0.52597,0.11191,0.12408
0.53085,0.1394,0.1277
0.53612,0.16885,0.13066
0.54176,0.20023,0.13321
0.54774,0.23354,0.13556
0.55406,0.26875,0.13785
0.56071,0.30585,0.14016
0.56769,0.34485,0.14257
0.61038,0.33148,0.13093
0.65418,0.31728,0.12303
0.69919,0.30235,0.11784
0.74548,0.28676,0.11475
0.79308,0.27056,0.11343
0.84202,0.25378,0.11362
0.8923,0.23644,0.11518
0.94397,0.21862,0.11753
0.99721,0.2005,0.11882
1.052,0.18213,0.11884
1.0701,0.21881,0.1262
1.0889,0.25779,0.13148
1.1084,0.29891,0.13632
1.1283,0.34204,0.14201
1.1489,0.3872,0.14837
1.17,0.43438,0.15528
1.1916,0.48359,0.16266
1.2139,0.53485,0.17041
1.2368,0.58815,0.17849
1.2603,0.64349,0.18681
1.2007,0.66777,0.19579
1.1442,0.69167,0.20863
1.0906,0.71523,0.22518
1.0398,0.73846,0.24529
0.99148,0.76141,0.26884
0.94563,0.78409,0.2957
0.90208,0.80654,0.32578
0.86073,0.82877,0.35896
0.82148,0.85082,0.39518
0.78425,0.87271,0.43431
0.74123,0.73785,0.31303
0.69986,0.61597,0.23201
0.66093,0.50688,0.17239
0.6246,0.40977,0.12676
0.59082,0.32374,0.091569
0.55949,0.24797,0.064707
0.5305,0.18173,0.044808
0.50374,0.12439,0.030845
0.47909,0.075372,0.022053
0.45655,0.034412,0.015058
0.46695,0.07339,0.013634
0.47878,0.11856,0.010433
0.49209,0.16997,0.0051953
0.50689,0.22767,-0.0022853
0.52319,0.29168,-0.012096
0.54098,0.36199,-0.024329
0.56023,0.43861,-0.038969
0.58091,0.52148,-0.056059
0.60295,0.61056,-0.075531
0.62629,0.70577,-0.097423
0.61191,0.68864,-0.096865
0.59772,0.67221,-0.10116
0.58369,0.65631,-0.10814
0.5698,0.64084,-0.11684
0.55601,0.62574,-0.1267
0.54231,0.61097,-0.13751
0.52869,0.59648,-0.14906
0.51512,0.58226,-0.16137
0.50158,0.56826,-0.1743
0.48806,0.55448,-0.18793
0.45895,0.51074,-0.19993
0.43147,0.46982,-0.20475
0.40548,0.43161,-0.20499
0.38085,0.39596,-0.20231
0.3575,0.3627,-0.19757
0.33534,0.33167,-0.19145
0.31431,0.30273,-0.18424
0.29435,0.27575,-0.17629
0.27541,0.25061,-0.16772
0.25744,0.22718,-0.15877
0.26887,0.21372,-0.10725
0.27886,0.20073,-0.074975
0.28783,0.18807,-0.055782
0.29601,0.17563,-0.046166
0.30351,0.16334,-0.043938
0.3107,0.15119,-0.045564
0.31868,0.13929,-0.043017
0.32754,0.12768,-0.036236
0.33724,0.11639,-0.025732
0.34779,0.10544,-0.011929
0.33535,0.096591,-0.042722
0.3255,0.088458,-0.057675
0.3176,0.080976,-0.061587
0.30931,0.073651,-0.067814
0.29964,0.066216,-0.08112
0.28866,0.058634,-0.10054
0.27637,0.050864,-0.12545
0.26275,0.042863,-0.15542
0.24778,0.03459,-0.19014
0.23141,0.026005,-0.22938
0.22139,0.051047,-0.15512
0.20863,0.075139,-0.10431
0.1939,0.098398,-0.072184
0.17758,0.12087,-0.055865
0.16048,0.14276,-0.051227
0.14748,0.16562,-0.038869
0.13963,0.18987,-0.015468
0.13698,0.21561,0.018322
0.13959,0.24294,0.061954
0.14754,0.27197,0.11501
0.15057,0.27197,0.10435
0.15422,0.27175,0.095841
0.15834,0.27129,0.088813
0.16283,0.27056,0.082902
0.1676,0.26954,0.077746
0.17261,0.26823,0.073192
0.17781,0.26661,0.069019
0.18317,0.26469,0.06518
0.18866,0.26245,0.061523
0.19427,0.2599,0.05806
0.17965,0.25062,0.030348
0.16646,0.24199,0.0073747
0.1545,0.23395,-0.01174
0.14363,0.22643,-0.027481
0.13377,0.21939,-0.04028
0.12487,0.21282,-0.050359
0.11691,0.20669,-0.057963
0.10985,0.201,-0.063208
0.10369,0.19573,-0.066243
0.098422,0.19088,-0.06714
0.11754,0.22044,-0.080019
0.13869,0.25187,-0.094227
0.16198,0.28516,-0.1098
0.18747,0.32028,-0.12671
0.21524,0.35721,-0.14499
0.24537,0.39593,-0.16458
0.27792,0.43645,-0.18549
0.31295,0.47875,-0.20768
0.3505,0.52284,-0.23119
0.39058,0.5687,-0.25606
0.39691,0.56941,-0.25854
0.40384,0.56983,-0.25891
0.41129,0.56997,-0.2574
0.41918,0.56981,-0.25418
0.42746,0.56937,-0.2494
0.4361,0.56865,-0.24311
0.44505,0.56768,-0.23539
0.45431,0.56645,-0.22626
0.46383,0.565,-0.21579
0.47361,0.56334,-0.20395
0.47136,0.51308,-0.21366
0.47188,0.46625,-0.21814
0.47425,0.42221,-0.21972
0.47799,0.38057,-0.21952
0.48284,0.34106,-0.21821
0.48864,0.30348,-0.21612
0.49526,0.26767,-0.21348
0.50265,0.23351,-0.21041
0.51073,0.20089,-0.20703
0.51947,0.16971,-0.20338
0.52546,0.19222,-0.20214
0.53167,0.21514,-0.20058
0.53789,0.23832,-0.19927
0.54407,0.26172,-0.19835
0.5502,0.2853,-0.19784
0.55629,0.30906,-0.19767
0.56236,0.33299,-0.19779
0.56842,0.35706,-0.19814
0.57447,0.38128,-0.1987
0.58053,0.40563,-0.19943
0.56413,0.37759,-0.16528
0.54823,0.35135,-0.13172
0.53273,0.32674,-0.098891
0.51758,0.30363,-0.066833
0.50275,0.28192,-0.035518
0.48821,0.26152,-0.0049659
0.47392,0.24233,0.024837
0.45986,0.22428,0.053847
0.44599,0.20729,0.082082
0.43229,0.1913,0.10949
0.4038,0.16815,0.068385
0.38014,0.14833,0.043619
0.35954,0.13068,0.028232
0.34106,0.11457,0.018532
0.32416,0.09968,0.012501
0.30853,0.085804,0.0088817
0.29394,0.072821,0.0069457
0.28027,0.060654,0.0061607
0.2674,0.049253,0.0062236
0.25527,0.038581,0.0068667
0.24493,0.046311,0.015378
0.23505,0.054087,0.024087
0.22561,0.061918,0.033097
0.2166,0.069809,0.04244
0.20801,0.077765,0.052202
0.19981,0.085787,0.062405
0.19199,0.093878,0.07314
0.18451,0.10204,0.084406
0.17737,0.11027,0.096295
0.17053,0.11856,0.10879
0.18596,0.11698,0.080321
0.20313,0.1157,0.054695
0.22201,0.11476,0.032653
0.24255,0.11418,0.014704
0.26468,0.11395,0.0013061
0.2883,0.11406,-0.0072243
0.31331,0.11448,-0.010602
0.33959,0.11514,-0.0090824
0.36711,0.11543,-0.0097428
0.39599,0.11521,-0.015111
0.35636,0.12448,-0.00085106
0.31982,0.13229,0.003635
0.28573,0.13979,0.015487
0.25366,0.14707,0.03692
0.22328,0.15399,0.067478
0.1943,0.16047,0.10682
0.16641,0.16641,0.15473
0.13937,0.1717,0.211
0.11292,0.17626,0.27546
0.086841,0.17998,0.34796
0.10343,0.17582,0.23212
0.11832,0.17367,0.14758
0.13163,0.17296,0.08756
0.14335,0.17329,0.048042
0.15341,0.17433,0.026501
0.16168,0.17581,0.021284
0.17017,0.17738,0.017176
0.18132,0.17893,-0.0010377
0.19539,0.18056,-0.032776
0.21263,0.18238,-0.077582
0.22357,0.17064,-0.056311
0.23583,0.1585,-0.037771
0.24933,0.14599,-0.021192
0.26402,0.13309,-0.006033
0.27985,0.1198,0.0080526
0.29683,0.10613,0.021332
0.31492,0.092062,0.033964
0.33414,0.077593,0.046086
0.35448,0.062718,0.057764
0.37595,0.047431,0.069065
0.388,0.023288,0.080803
0.40154,-0.00033035,0.09052
0.4165,-0.023447,0.098455
0.43289,-0.046083,0.10469
0.45063,-0.068258,0.10947
0.4692,-0.090097,0.11491
0.48839,-0.11166,0.12174
0.50822,-0.13297,0.12988
0.52867,-0.15405,0.13929
0.54975,-0.17491,0.14993
0.52423,-0.15759,0.1294
0.49788,-0.14134,0.11724
0.47156,-0.12593,0.10971
0.44675,-0.11094,0.10079
0.4235,-0.096311,0.08998
0.40161,-0.082069,0.077888
0.38091,-0.068232,0.064908
0.3613,-0.054813,0.051322
0.34268,-0.04182,0.037321
0.32498,-0.029261,0.023066
0.32348,-0.025989,0.0010039
0.32282,-0.022283,-0.025136
0.32294,-0.018158,-0.055366
0.32377,-0.013637,-0.089631
0.32523,-0.0087483,-0.12787
0.32721,-0.0035241,-0.16997
0.32964,0.0020143,-0.21584
0.33241,0.0078349,-0.26536
0.33542,0.013914,-0.31841
0.33859,0.020217,-0.37487
0.33777,0.013562,-0.28185
0.34209,0.008821,-0.2095
0.35016,0.0054562,-0.15153
0.36115,0.0031378,-0.1042
0.37452,0.0016624,-0.065194
0.38991,0.00088559,-0.032936
0.40706,0.00071293,-0.0063733
0.42577,0.001071,0.015212
0.4459,0.0019073,0.032358
0.4673,0.0031768,0.045439
0.4603,-0.012925,0.04275
0.4537,-0.028106,0.040033
0.44748,-0.042396,0.037249
0.44164,-0.055824,0.034366
0.43614,-0.068419,0.031401
0.43096,-0.080206,0.028356
0.4261,-0.091209,0.025261
0.42153,-0.10145,0.022123
0.41723,-0.11095,0.018969
0.4132,-0.11972,0.015805
0.4038,-0.1017,0.012578
0.39514,-0.082941,0.0095034
0.38718,-0.063495,0.0065515
0.3799,-0.043389,0.0036742
0.37327,-0.022652,0.00084837
0.36726,-0.0013111,-0.0019685
0.36185,0.020609,-0.0047939
0.35703,0.043085,-0.0076662
0.35277,0.066095,-0.010599
0.34906,0.089616,-0.013629
0.33748,0.10249,-0.0067524
0.32652,0.11576,-0.0054242
0.31618,0.12923,-0.0051223
0.30673,0.14263,0.00062249
0.29826,0.156,0.011758
0.29088,0.16935,0.028161
0.28469,0.18271,0.04974
0.27978,0.19609,0.076386
0.27626,0.20953,0.10801
0.27421,0.22306,0.14452
0.27366,0.17261,0.12324
0.27594,0.12538,0.10315
0.28095,0.081117,0.084058
0.28863,0.039642,0.065841
0.2989,0.00078205,0.048396
0.31175,-0.035601,0.031664
0.32714,-0.069622,0.015576
0.34505,-0.10137,0.00010476
0.36551,-0.13092,-0.0148
0.38851,-0.15832,-0.029142
0.38944,-0.15571,-0.02134
0.39042,-0.15298,-0.01294
0.39142,-0.15015,-0.0040175
0.39244,-0.14723,0.0054375
0.39347,-0.14423,0.01538
0.3945,-0.14116,0.025914
0.39551,-0.13803,0.036972
0.39649,-0.13486,0.048582
0.39743,-0.13164,0.060673
0.39831,-0.1284,0.073279
0.35628,-0.10187,0.076291
0.3181,-0.076631,0.083985
0.28348,-0.052741,0.094771
0.25225,-0.030237,0.1078
0.22428,-0.0091514,0.12252
0.19952,0.010493,0.13866
0.17791,0.028682,0.15597
0.1594,0.045392,0.17438
0.14397,0.060623,0.19376
0.1316,0.074375,0.21411
0.15245,0.097185,0.1956
0.17639,0.12357,0.17538
0.2036,0.15365,0.15367
0.23426,0.18752,0.13078
0.26852,0.22529,0.10698
0.30653,0.26701,0.0826
0.34844,0.31276,0.057918
0.39436,0.36258,0.033248
0.44439,0.41649,0.0088388
0.49862,0.47451,-0.015047
0.49849,0.47457,-0.032663
0.49935,0.47467,-0.045231
0.5009,0.47477,-0.054474
0.50297,0.47484,-0.061357
0.50544,0.47484,-0.066455
0.50825,0.47478,-0.070135
0.51135,0.47464,-0.072625
0.51472,0.47441,-0.074073
0.5183,0.4741,-0.074597
0.5221,0.4737,-0.074288
0.52718,0.47113,-0.071864
0.53246,0.46873,-0.069354
0.53794,0.46651,-0.06675
0.54361,0.46444,-0.064032
0.54946,0.46252,-0.061187
0.55551,0.46073,-0.058195
0.56173,0.45908,-0.055046
0.56814,0.45756,-0.05172
0.57473,0.45615,-0.048211
0.58148,0.45484,-0.044499
0.57258,0.4531,-0.047598
0.5642,0.45187,-0.047992
0.55626,0.45108,-0.04651
0.54867,0.45067,-0.044044
0.54131,0.45053,-0.042675
0.53417,0.45063,-0.042461
0.52727,0.45097,-0.043272
0.52062,0.45152,-0.045005
0.51421,0.45226,-0.047575
0.50806,0.45319,-0.050911
0.48343,0.44058,-0.040398
0.46027,0.4286,-0.033712
0.43848,0.41723,-0.029071
0.418,0.40643,-0.025646
0.39873,0.39617,-0.023038
0.38059,0.38638,-0.021038
0.3635,0.37704,-0.019542
0.3474,0.3681,-0.018484
0.33222,0.35953,-0.017832
0.3179,0.3513,-0.01757
0.28822,0.33067,-0.012116
0.26089,0.31077,-0.0079552
0.23577,0.29157,-0.0055354
0.21273,0.27304,-0.0043916
0.19154,0.25525,-0.0016495
0.17207,0.23818,0.0030935
0.15419,0.22181,0.0099252
0.1378,0.2061,0.0189
0.1228,0.19104,0.030056
0.10912,0.17659,0.043417
0.11593,0.18976,0.043791
0.12311,0.20335,0.043757
0.13065,0.21734,0.043355
0.13855,0.23175,0.042629
0.14679,0.24657,0.041618
0.15538,0.26181,0.040352
0.16432,0.27745,0.038864
0.17359,0.29349,0.037183
0.18319,0.30994,0.035332
0.19313,0.3268,0.033335
0.1787,0.28947,0.019084
0.1679,0.25296,0.0099186
0.16073,0.21714,0.0041733
0.15715,0.18187,0.00085629
0.15713,0.14706,-0.00065237
0.16064,0.11262,-0.00075883
0.16768,0.078475,-0.00017853
0.17824,0.044516,-0.00045626
0.19231,0.010702,-0.0016103
0.20987,-0.023001,-0.0035677
0.20538,-0.0093926,0.0010957
0.20135,0.0044047,0.0015567
0.19775,0.018559,0.0050813
0.19464,0.033056,0.012011
0.19207,0.047861,0.021784
0.19006,0.062947,0.034002
0.18863,0.078293,0.048377
0.1878,0.093883,0.064697
0.18759,0.1097,0.082797
0.188,0.12574,0.10255
0.20066,0.11077,0.070432
0.21473,0.095319,0.046556
0.23021,0.079292,0.028811
0.24708,0.062616,0.015817
0.26534,0.045238,0.0066334
0.28499,0.027117,0.0006014
0.30603,0.0082226,-0.0027535
0.32846,-0.01147,-0.0037995
0.35226,-0.032014,-0.0051099
0.3774,-0.053438,-0.0083326
0.33786,-0.034904,-0.0094381
0.30107,-0.017502,-0.011059
0.26698,-0.0012625,-0.013188
0.23559,0.013789,-0.015829
0.20686,0.027627,-0.018973
0.18076,0.040228,-0.022614
0.15728,0.051571,-0.026745
0.1364,0.061634,-0.031351
0.11809,0.070396,-0.036433
0.10232,0.077836,-0.041986
0.10465,0.078698,-0.043534
0.107,0.07955,-0.045367
0.10937,0.080393,-0.047464
0.11177,0.081228,-0.049807
0.11419,0.082054,-0.052382
0.11663,0.08287,-0.055178
0.1191,0.083677,-0.058186
0.1216,0.084474,-0.061397
0.12412,0.085261,-0.064805
0.12666,0.086037,-0.068405
0.12736,0.090806,-0.055915
0.12812,0.095648,-0.044442
0.12895,0.10056,-0.034118
0.12983,0.10555,-0.025052
0.13079,0.1106,-0.017324
0.13182,0.11572,-0.011002
0.13292,0.12091,-0.0061388
0.13411,0.12617,-0.0027809
0.13538,0.13149,-0.00096215
0.13675,0.13687,-0.00048729
0.14754,0.14553,-0.00044983
0.15884,0.15449,-0.00040867
0.17066,0.16375,-0.00036353
0.183,0.1733,-0.00031571
0.19586,0.18315,-0.00026559
0.20925,0.19328,-0.00021559
0.22315,0.20368,-0.0001661
0.23758,0.21436,-0.00012462
0.25252,0.22529,-9.1705e-05
0.26798,0.23647,-7.4752e-05
0.28854,0.2346,-0.0014123
0.31059,0.23188,-0.0030945
0.33411,0.2283,-0.0068098
0.35913,0.22384,-0.012206
0.38565,0.21848,-0.019024
0.41367,0.2122,-0.027085
0.44318,0.20496,-0.036246
0.47418,0.19675,-0.046407
0.50667,0.18752,-0.05747
0.54062,0.17724,-0.069365
0.55516,0.15234,-0.071101
0.57031,0.12705,-0.073585
0.58605,0.10138,-0.076526
0.60238,0.07533,-0.079757
0.61929,0.048916,-0.083146
0.63677,0.022144,-0.086626
0.6548,-0.0049768,-0.09013
0.67339,-0.032438,-0.093635
0.69252,-0.060229,-0.097106
0.71217,-0.088342,-0.10054
0.68901,-0.085631,-0.12433
0.66663,-0.082259,-0.14673
0.64496,-0.078298,-0.16821
0.62398,-0.07381,-0.18912
0.60363,-0.068854,-0.20966
0.58389,-0.06348,-0.22999
0.56473,-0.057733,-0.25015
0.54612,-0.051642,-0.27019
0.52804,-0.045247,-0.2901
0.51047,-0.038575,-0.30989
0.54063,0.027895,-0.21927
0.57485,0.099236,-0.15757
0.61326,0.17573,-0.11402
0.65595,0.25756,-0.08289
0.70296,0.3448,-0.060835
0.75431,0.43749,-0.04586
0.81002,0.53559,-0.036681
0.87009,0.63905,-0.032445
0.93447,0.74776,-0.032511
1.0032,0.86158,-0.035048
1.0126,0.88028,-0.034167
1.0222,0.89914,-0.031956
1.032,0.91814,-0.028525
1.042,0.93728,-0.024139
1.0522,0.95653,-0.01901
1.0626,0.97589,-0.013382
1.0732,0.99536,-0.0074196
1.084,1.0149,-0.00131
1.0949,1.0346,0.0048309
1.1059,1.0543,0.010862
1.0736,0.95113,-0.010243
1.0473,0.85258,-0.020045
1.0261,0.75793,-0.025279
1.0097,0.66666,-0.028367
0.99749,0.57834,-0.030269
0.9893,0.49262,-0.031437
0.98483,0.40918,-0.032074
0.98388,0.32776,-0.032298
0.98625,0.24813,-0.032151
0.9918,0.17009,-0.031663
0.91763,0.1623,-0.0087059
0.84771,0.1549,0.012604
0.78177,0.14783,0.032197
0.71963,0.14106,0.050523
0.66109,0.13457,0.067935
0.60598,0.12831,0.084642
0.55415,0.12227,0.10075
0.50543,0.11644,0.11634
0.45971,0.11078,0.13141
0.41685,0.10528,0.14601
0.42613,0.079332,0.075944
0.43789,0.05332,0.02899
0.45172,0.027072,-0.0018983
0.46736,0.0004835,-0.020659
0.48469,-0.02651,-0.029709
0.50349,-0.053998,-0.032266
0.523,-0.082286,-0.039807
0.54314,-0.11144,-0.053672
0.56394,-0.14146,-0.073328
0.58543,-0.17236,-0.098346
0.54042,-0.10866,-0.074554
0.50004,-0.048768,-0.058568
0.46429,0.0075508,-0.047378
0.43309,0.060456,-0.039479
0.40637,0.11008,-0.03407
0.38403,0.15652,-0.030683
0.36597,0.19989,-0.029044
0.35213,0.24026,-0.028808
0.34255,0.27778,-0.028008
0.33721,0.3125,-0.02614
0.34521,0.30103,-0.027071
0.35427,0.28889,-0.027909
0.3644,0.27607,-0.028586
0.37559,0.26256,-0.029035
0.38782,0.24835,-0.029212
0.40109,0.23342,-0.029286
0.41537,0.21774,-0.029713
0.43064,0.20131,-0.030527
0.44691,0.18412,-0.031756
0.46417,0.16615,-0.033412
0.42211,0.15267,-0.029884
0.38258,0.14025,-0.026638
0.3455,0.12881,-0.023668
0.31076,0.11825,-0.020954
0.27828,0.1085,-0.018486
0.24798,0.099473,-0.016243
0.2198,0.091111,-0.014215
0.19365,0.083351,-0.012382
0.16949,0.076135,-0.010734
0.14724,0.069413,-0.0092548
0.14157,0.065915,-0.0093698
0.13604,0.062394,-0.0094467
0.13065,0.05886,-0.0094573
0.12541,0.055322,-0.0093887
0.12031,0.051789,-0.0092418
0.11535,0.048267,-0.0090199
0.11053,0.044764,-0.0087322
0.10586,0.041286,-0.0083862
0.10132,0.037841,-0.0079922
0.096933,0.034433,-0.0075578
0.11622,0.055177,-0.006396
0.13845,0.078989,-0.0061207
0.16373,0.10596,-0.0066678
0.19217,0.13619,-0.007558
0.22387,0.16977,-0.0079173
0.25891,0.20675,-0.0077697
0.29735,0.2472,-0.007171
0.33924,0.29114,-0.006163
0.38462,0.3386,-0.0047834
0.43352,0.3896,-0.0030552
0.44852,0.36019,-0.0050897
0.46778,0.3268,-0.0065181
0.49132,0.28942,-0.0074648
0.51917,0.24805,-0.0080037
0.55136,0.20265,-0.008178
0.58794,0.15318,-0.0080149
0.62894,0.099609,-0.0075277
0.6744,0.041876,-0.0067324
0.72436,-0.020069,-0.0057736
0.77883,-0.086283,-0.0051349
0.75102,-0.090311,-0.0040354
0.72453,-0.092941,-0.0032205
0.69924,-0.094327,-0.0023114
0.67505,-0.094609,-0.0015036
0.65188,-0.093908,-0.00083477
0.62964,-0.092332,-0.00031328
0.60828,-0.089973,7.0571e-05
0.58774,-0.086918,0.00031293
0.56796,-0.083241,0.00042927
0.5489,-0.07901,0.00042278
0.54662,-0.085347,0.0043575
0.54438,-0.091755,0.010438
0.5422,-0.098229,0.018888
0.54008,-0.10476,0.029824
0.53804,-0.11135,0.043309
0.53606,-0.11798,0.059364
0.53418,-0.12466,0.078002
0.53238,-0.13139,0.099216
0.53069,-0.13816,0.123
0.5291,-0.14498,0.14936
0.54252,-0.16433,0.088898
0.55575,-0.18374,0.047401
0.56885,-0.20327,0.019293
0.58187,-0.22297,0.0013835
0.59485,-0.24284,-0.008261
0.60783,-0.26291,-0.011219
0.62066,-0.28319,-0.016462
0.6333,-0.30366,-0.027307
0.64577,-0.3243,-0.04324
0.65807,-0.34509,-0.063844
0.64698,-0.33722,-0.050834
0.63659,-0.32948,-0.042488
0.62688,-0.32186,-0.03672
0.6178,-0.31434,-0.032501
0.60931,-0.30693,-0.029281
0.6014,-0.29961,-0.026768
0.59402,-0.29238,-0.024789
0.58714,-0.28523,-0.023246
0.58075,-0.27815,-0.022071
0.57481,-0.27114,-0.021227
0.60898,-0.29168,-0.022169
0.64411,-0.313,-0.023471
0.6802,-0.33511,-0.02514
0.71722,-0.358,-0.027181
0.75519,-0.38169,-0.029257
0.79408,-0.40616,-0.031174
0.8339,-0.43143,-0.032931
0.87461,-0.4575,-0.034542
0.91623,-0.48436,-0.036006
0.95872,-0.51201,-0.037343
0.95581,-0.5166,-0.037688
0.9526,-0.52135,-0.038325
0.94911,-0.52626,-0.039144
0.94537,-0.53129,-0.040101
0.94137,-0.53644,-0.041149
0.93716,-0.54169,-0.042278
0.93273,-0.54702,-0.04346
0.9281,-0.55242,-0.044696
0.9233,-0.55788,-0.045964
0.91833,-0.56338,-0.047266
0.94059,-0.58008,-0.05033
0.96303,-0.59706,-0.053222
0.98564,-0.61432,-0.056052
1.0084,-0.63186,-0.058887
1.0313,-0.64968,-0.061746
1.0544,-0.66778,-0.064657
1.0777,-0.68615,-0.067618
1.1011,-0.70479,-0.070647
1.1246,-0.72371,-0.073737
1.1483,-0.7429,-0.076903
1.15,-0.74302,-0.079025
1.1522,-0.74314,-0.080604
1.1548,-0.74322,-0.082408
1.1578,-0.74326,-0.084405
1.1613,-0.74328,-0.086514
1.1651,-0.74328,-0.088708
1.1694,-0.74325,-0.090947
1.1739,-0.74321,-0.093222
1.1789,-0.74315,-0.095502
1.1842,-0.74307,-0.097786
1.1028,-0.67218,-0.091044
1.0257,-0.60595,-0.084889
0.9527,-0.54409,-0.079088
0.88359,-0.48636,-0.07356
0.8182,-0.43253,-0.06826
0.75635,-0.38239,-0.063171
0.69789,-0.33576,-0.058281
0.64267,-0.29245,-0.053581
0.59058,-0.25232,-0.04907
0.54147,-0.21521,-0.044743
0.55523,-0.2144,-0.047803
0.56905,-0.21346,-0.051648
0.58291,-0.21239,-0.056254
0.59683,-0.2112,-0.061587
0.6108,-0.20988,-0.067636
0.62482,-0.20846,-0.074352
0.63887,-0.20692,-0.081733
0.65298,-0.20527,-0.089727
0.66713,-0.20353,-0.098345
0.68133,-0.20169,-0.10758
0.71534,-0.20711,-0.095046
0.75001,-0.2123,-0.086101
0.78538,-0.21728,-0.079804
0.82151,-0.2221,-0.0756
0.85842,-0.22677,-0.073171
0.89613,-0.23129,-0.072306
0.93466,-0.23567,-0.072874
0.97403,-0.23992,-0.074751
1.0143,-0.24411,-0.076352
1.0557,-0.24828,-0.076795
1.0214,-0.20812,-0.0733
0.98812,-0.17057,-0.069469
0.9559,-0.13546,-0.065641
0.92464,-0.10266,-0.06194
0.89431,-0.072025,-0.058409
0.86486,-0.043446,-0.055063
0.83626,-0.016812,-0.051904
0.80848,0.0079779,-0.048927
0.78151,0.031017,-0.046124
0.7553,0.052393,-0.043485
0.77541,0.00047101,-0.044597
0.79771,-0.052923,-0.044824
0.82209,-0.10779,-0.044732
0.8485,-0.16414,-0.044524
0.87689,-0.22198,-0.044283
0.9072,-0.28131,-0.044038
0.93939,-0.34212,-0.043816
0.9734,-0.40442,-0.043639
1.0092,-0.46818,-0.043536
1.0467,-0.5334,-0.043537
1.0327,-0.56397,-0.058556
1.0197,-0.59354,-0.068321
1.0075,-0.62209,-0.0745
0.99612,-0.64965,-0.077832
0.98542,-0.67624,-0.078618
0.97527,-0.70183,-0.079176
0.96551,-0.72638,-0.082012
0.95613,-0.74993,-0.087088
0.9471,-0.77253,-0.09437
0.93842,-0.79421,-0.10384
0.92248,-0.78905,-0.089693
0.90669,-0.7842,-0.079203
0.89103,-0.77963,-0.072357
0.87551,-0.77532,-0.069167
0.86035,-0.7713,-0.065719
0.84574,-0.76761,-0.058708
0.83167,-0.76423,-0.048117
0.81814,-0.76109,-0.033978
0.80515,-0.7582,-0.016262
0.79268,-0.75551,0.0050503
0.78149,-0.75032,-0.0097632
0.7713,-0.74565,-0.022954
0.76204,-0.74147,-0.034213
0.75368,-0.73775,-0.043388
0.74615,-0.73448,-0.050386
0.73941,-0.73162,-0.05514
0.73341,-0.72918,-0.057611
0.7281,-0.72711,-0.058043
0.72324,-0.72533,-0.059873
0.71873,-0.72379,-0.06415
0.73252,-0.71866,-0.058642
0.74663,-0.71331,-0.057006
0.76165,-0.70798,-0.048424
0.77753,-0.70271,-0.032904
0.79421,-0.6975,-0.010742
0.81165,-0.69235,0.017853
0.82982,-0.6873,0.052718
0.84866,-0.68236,0.093712
0.86814,-0.67755,0.1407
0.88824,-0.67288,0.19357
0.85189,-0.63519,0.20771
0.81642,-0.59799,0.21112
0.78203,-0.56142,0.20812
0.74881,-0.52554,0.20112
0.71678,-0.49041,0.19143
0.68596,-0.45605,0.17991
0.65635,-0.42249,0.16707
0.62792,-0.38975,0.15334
0.60067,-0.35785,0.13903
0.57457,-0.32678,0.12443
0.57905,-0.35599,0.15555
0.5841,-0.38532,0.1867
0.58973,-0.41478,0.21791
0.59591,-0.44436,0.24923
0.60266,-0.47407,0.2806
0.60995,-0.50392,0.312
0.61778,-0.53389,0.34332
0.62613,-0.56398,0.3745
0.635,-0.59421,0.4054
0.64438,-0.62455,0.43597
0.65784,-0.59022,0.38782
0.67496,-0.55521,0.35892
0.69523,-0.51919,0.34057
0.71836,-0.48202,0.32847
0.74417,-0.44364,0.32028
0.77253,-0.404,0.31478
0.80337,-0.36314,0.3112
0.83659,-0.32105,0.30916
0.87216,-0.27776,0.30838
0.91001,-0.2333,0.30873
0.82371,-0.26278,0.25816
0.74494,-0.28812,0.21075
0.67326,-0.30968,0.16778
0.60821,-0.32778,0.12959
0.5494,-0.34263,0.096114
0.49649,-0.35443,0.067193
0.44914,-0.36337,0.042624
0.40711,-0.36957,0.022203
0.37013,-0.37316,0.0057534
0.338,-0.37425,-0.0068908
0.34798,-0.36744,-0.014811
0.35917,-0.36006,-0.019526
0.3715,-0.35203,-0.022367
0.38496,-0.34334,-0.02409
0.39951,-0.33397,-0.025138
0.41517,-0.32391,-0.025775
0.43191,-0.31316,-0.02616
0.44976,-0.3017,-0.026388
0.4687,-0.28954,-0.026522
0.48874,-0.27669,-0.026593
0.45566,-0.2633,-0.023495
0.42412,-0.25022,-0.020375
0.39406,-0.23744,-0.017426
0.36543,-0.22497,-0.014669
0.33817,-0.21283,-0.012081
0.31226,-0.201,-0.0096275
0.28764,-0.1895,-0.0072831
0.26428,-0.17834,-0.005025
0.24215,-0.1675,-0.0028372
0.22121,-0.157,-0.00070685
0.2212,-0.14652,0.0025169
0.22142,-0.13593,0.0056118
0.22189,-0.12523,0.0085643
0.22261,-0.11443,0.011376
0.22358,-0.10354,0.014054
0.22483,-0.092562,0.016609
0.22635,-0.081512,0.01905
0.22815,-0.070394,0.021386
0.23025,-0.059219,0.023624
0.23265,-0.047991,0.025771
0.23528,-0.045943,0.0063667
0.23806,-0.044269,-0.0038209
0.24096,-0.042878,-0.0067022
0.2438,-0.041595,-0.0095234
0.24647,-0.040311,-0.017492
0.24902,-0.039031,-0.029984
0.25146,-0.03776,-0.046546
0.25384,-0.036504,-0.066831
0.25616,-0.03527,-0.090572
0.25846,-0.034063,-0.11756
0.27682,-0.037685,-0.10912
0.29581,-0.04148,-0.10141
0.31543,-0.045456,-0.094238
0.33569,-0.049618,-0.087461
0.35659,-0.053969,-0.080968
0.37815,-0.058511,-0.07469
0.40036,-0.063245,-0.068571
0.42323,-0.068172,-0.062582
0.44676,-0.073291,-0.056701
0.47096,-0.078603,-0.050925
0.45492,-0.10483,-0.048401
0.43962,-0.13025,-0.048058
0.42508,-0.15486,-0.049211
0.41132,-0.17869,-0.051489
0.39834,-0.20173,-0.05467
0.38615,-0.22401,-0.058634
0.37475,-0.24553,-0.063303
0.36416,-0.26631,-0.06864
0.35439,-0.28635,-0.074622
0.34543,-0.30566,-0.081246
0.34683,-0.30234,-0.089881
0.34832,-0.29913,-0.095312
0.3499,-0.29606,-0.098217
0.35156,-0.29312,-0.099196
0.3533,-0.29031,-0.098704
0.35511,-0.28764,-0.097147
0.35698,-0.2851,-0.094772
0.35892,-0.28268,-0.091812
0.36092,-0.28037,-0.088389
0.36299,-0.27819,-0.084608
0.39523,-0.29829,-0.098965
0.42894,-0.31911,-0.11424
0.4641,-0.34067,-0.13035
0.5007,-0.36297,-0.14722
0.53873,-0.38602,-0.16476
0.57814,-0.40981,-0.18292
0.61894,-0.43435,-0.2016
0.66108,-0.45965,-0.22075
0.70454,-0.48572,-0.24028
0.7493,-0.51255,-0.26014
0.73001,-0.45774,-0.22159
0.71229,-0.40504,-0.1924
0.69606,-0.35434,-0.16864
0.68128,-0.30556,-0.14846
0.6679,-0.25862,-0.13086
0.65587,-0.21349,-0.11527
0.64516,-0.17011,-0.10134
0.63575,-0.12844,-0.088848
0.62759,-0.088455,-0.077621
0.62067,-0.050115,-0.067536
0.6176,-0.063352,-0.043189
0.61417,-0.077032,-0.028198
0.61044,-0.091086,-0.01882
0.60645,-0.10547,-0.013052
0.60222,-0.12016,-0.0097381
0.59779,-0.13512,-0.0081759
0.59318,-0.15033,-0.0078962
0.58842,-0.16577,-0.0085278
0.58354,-0.18144,-0.0089373
0.57858,-0.19732,-0.0088756
0.5466,-0.19213,-0.0058794
0.51611,-0.18721,-0.00052727
0.48704,-0.18253,0.0072649
0.45932,-0.17809,0.017459
0.4329,-0.17386,0.029969
0.40772,-0.16985,0.04469
0.38373,-0.16602,0.061517
0.36089,-0.16236,0.080353
0.33916,-0.15886,0.10111
0.3185,-0.1555,0.1237
0.33796,-0.19217,0.10414
0.35884,-0.23146,0.086873
0.38115,-0.2734,0.071321
0.40488,-0.31804,0.057087
0.43004,-0.3654,0.04389
0.45665,-0.4155,0.031547
0.48471,-0.46837,0.019931
0.51424,-0.52402,0.0089636
0.54526,-0.58246,-0.0014054
0.57777,-0.64368,-0.011207
0.5823,-0.59456,-0.017399
0.58846,-0.54577,-0.022245
0.59618,-0.49733,-0.026148
0.60538,-0.44929,-0.029343
0.61602,-0.40168,-0.031965
0.62806,-0.35453,-0.034106
0.64146,-0.30785,-0.035826
0.65619,-0.26168,-0.037171
0.67222,-0.21604,-0.038177
0.68952,-0.17094,-0.038873
0.68364,-0.1857,-0.042459
0.67828,-0.20006,-0.051592
0.67341,-0.21407,-0.065136
0.669,-0.22777,-0.082458
0.66502,-0.24121,-0.10317
0.66143,-0.25443,-0.12698
0.6582,-0.26745,-0.15369
0.65532,-0.2803,-0.18311
0.65276,-0.29299,-0.21506
0.65051,-0.30556,-0.24938
0.64278,-0.27581,-0.21626
0.6344,-0.24727,-0.18641
0.62543,-0.21991,-0.15926
0.61593,-0.19372,-0.13459
0.60594,-0.16867,-0.11235
0.5955,-0.14474,-0.092557
0.58464,-0.1219,-0.075279
0.57341,-0.10013,-0.060583
0.56184,-0.079403,-0.048555
0.54995,-0.059702,-0.039265
0.55816,-0.057883,-0.03732
0.56643,-0.056065,-0.035668
0.57477,-0.054247,-0.034363
0.58317,-0.052429,-0.033443
0.59162,-0.050612,-0.032947
0.60014,-0.048794,-0.032899
0.60874,-0.046987,-0.032883
0.61745,-0.0452,-0.032341
0.62628,-0.043434,-0.031253
0.63521,-0.041689,-0.029591
0.64592,-0.037169,-0.023342
0.65679,-0.032706,-0.017488
0.66779,-0.028287,-0.012856
0.67891,-0.023913,-0.0095456
0.69016,-0.019592,-0.0074453
0.70155,-0.015328,-0.0063899
0.71309,-0.011126,-0.0062327
0.7248,-0.0069912,-0.0068423
0.73666,-0.0029272,-0.0081114
0.7487,0.0010632,-0.0099381
0.74051,-0.0059994,-0.0089384
0.7323,-0.013151,-0.0047601
0.72406,-0.02037,0.0017706
0.71577,-0.027641,0.010297
0.70744,-0.034954,0.020641
0.69907,-0.042298,0.032709
0.69067,-0.049665,0.046451
0.68226,-0.057046,0.061848
0.67384,-0.064434,0.078895
0.66542,-0.071822,0.097607
0.65328,-0.081939,0.078648
0.6415,-0.0916,0.061128
0.63007,-0.10082,0.045207
0.61896,-0.10963,0.030967
0.60816,-0.11804,0.018435
0.59766,-0.12607,0.0076221
0.58742,-0.13372,-0.0014818
0.57744,-0.14102,-0.0088868
0.5677,-0.14798,-0.014611
0.55819,-0.15461,-0.018669
0.58901,-0.18677,-0.023463
0.62107,-0.22108,-0.02535
0.65421,-0.25753,-0.028143
0.68839,-0.29615,-0.032804
0.72361,-0.33693,-0.039049
0.75986,-0.37987,-0.046692
0.79713,-0.42496,-0.055592
0.83541,-0.47219,-0.065643
0.87468,-0.52154,-0.076739
0.91493,-0.57298,-0.088807
0.87237,-0.56494,-0.061992
0.83111,-0.55688,-0.045807
0.79123,-0.54879,-0.035552
0.75274,-0.54066,-0.0293
0.71559,-0.53249,-0.026088
0.67979,-0.52427,-0.024139
0.6454,-0.516,-0.020321
0.61238,-0.50766,-0.014724
0.58067,-0.49927,-0.0075119
0.55022,-0.49082,0.0011708
0.56818,-0.44902,-0.0043095
0.58837,-0.40789,-0.0086348
0.61071,-0.36735,-0.012293
0.63515,-0.32731,-0.015531
0.66165,-0.28771,-0.018483
0.69017,-0.24848,-0.021211
0.72068,-0.20957,-0.023761
0.75317,-0.17094,-0.026159
0.78759,-0.13256,-0.028415
0.82395,-0.094388,-0.030542
0.75573,-0.13213,-0.029144
0.69281,-0.16668,-0.027341
0.63478,-0.19827,-0.02552
0.58127,-0.22711,-0.023815
0.53198,-0.25336,-0.022255
0.48664,-0.27719,-0.020837
0.44502,-0.29875,-0.019542
0.4069,-0.31816,-0.018344
0.3721,-0.33556,-0.017218
0.34046,-0.35105,-0.016128
0.33413,-0.36574,-0.016832
0.32817,-0.38042,-0.018581
0.32251,-0.39507,-0.022448
0.31715,-0.40971,-0.028422
0.3121,-0.42432,-0.036477
0.30734,-0.4389,-0.046572
0.30287,-0.45346,-0.058668
0.2987,-0.468,-0.072721
0.29481,-0.48251,-0.088687
0.29121,-0.49699,-0.10653
0.32326,-0.51069,-0.10777
0.35846,-0.52391,-0.10813
0.39679,-0.53667,-0.10783
0.43822,-0.54897,-0.10703
0.4827,-0.56084,-0.10586
0.53019,-0.57228,-0.10441
0.58065,-0.5833,-0.10275
0.63401,-0.59392,-0.10091
0.69023,-0.60415,-0.09895
0.74923,-0.61399,-0.096892
0.81164,-0.6342,-0.088968
0.87627,-0.65458,-0.083949
0.94306,-0.67519,-0.08061
1.0119,-0.69606,-0.078324
1.0828,-0.71724,-0.076754
1.1556,-0.73875,-0.075736
1.2302,-0.76062,-0.075173
1.3064,-0.78287,-0.075029
1.3843,-0.80554,-0.075268
1.4637,-0.82863,-0.075894
1.4247,-0.7605,-0.062247
1.3874,-0.69491,-0.051906
1.3523,-0.63208,-0.033148
1.3188,-0.57186,-0.009186
1.2871,-0.51418,0.018446
1.2568,-0.45896,0.048682
1.228,-0.40614,0.080721
1.2005,-0.35567,0.1139
1.1742,-0.30749,0.14768
1.1491,-0.26157,0.18167
1.1432,-0.26295,0.16647
1.1387,-0.26471,0.16051
1.1353,-0.26671,0.15859
1.1329,-0.26887,0.15847
1.1314,-0.27118,0.15913
1.1307,-0.27361,0.1601
1.1307,-0.27617,0.16116
1.1315,-0.27886,0.16221
1.1329,-0.28167,0.1632
1.1349,-0.28462,0.16411
1.1424,-0.2757,0.095136
1.1505,-0.26699,0.048727
1.1587,-0.25822,0.015066
1.1671,-0.24929,-0.010125
1.1754,-0.24016,-0.028965
1.1838,-0.23083,-0.042671
1.1922,-0.22129,-0.052043
1.2006,-0.21155,-0.057688
1.2089,-0.20162,-0.060098
1.2171,-0.19138,-0.062764
1.3066,-0.1691,-0.069491
1.3982,-0.14622,-0.078045
1.4918,-0.12285,-0.088466
1.5872,-0.099078,-0.10071
1.6842,-0.075013,-0.11466
1.7826,-0.050748,-0.13025
1.8823,-0.026373,-0.14735
1.9831,-0.0019752,-0.16591
2.0848,0.022369,-0.18582
2.1874,0.046582,-0.20704
2.063,0.00981,-0.18154
1.9486,-0.023797,-0.16162
1.8431,-0.054739,-0.14509
1.7452,-0.083379,-0.13132
1.6542,-0.11,-0.12004
1.5692,-0.13485,-0.11113
1.4895,-0.15813,-0.1045
1.4146,-0.17999,-0.10009
1.344,-0.20059,-0.097649
1.2776,-0.22017,-0.094222
1.2585,-0.21822,-0.095188
1.2402,-0.21549,-0.096312
1.2226,-0.21205,-0.097368
1.2057,-0.20795,-0.098234
1.1894,-0.20325,-0.09889
1.1737,-0.19799,-0.099781
1.1586,-0.19219,-0.10103
1.1439,-0.18591,-0.10269
1.1296,-0.17918,-0.10478
1.1158,-0.17206,-0.10733
1.1016,-0.19658,-0.10519
1.0874,-0.22127,-0.10464
1.0732,-0.24612,-0.10538
1.0592,-0.27122,-0.10438
1.0455,-0.29659,-0.10113
1.0322,-0.32222,-0.095614
1.0192,-0.34809,-0.087815
1.0066,-0.37422,-0.077723
0.99439,-0.40058,-0.065334
0.98261,-0.42717,-0.050638
1.0322,-0.39731,-0.05846
1.0832,-0.36761,-0.068608
1.1356,-0.33808,-0.080095
1.1894,-0.30876,-0.09236
1.2447,-0.27964,-0.1051
1.3014,-0.25073,-0.11812
1.3596,-0.22203,-0.1313
1.4191,-0.19354,-0.14454
1.4802,-0.16526,-0.15776
1.5426,-0.13718,-0.17088
1.514,-0.15185,-0.17456
1.4851,-0.1667,-0.17506
1.4558,-0.18167,-0.17415
1.4261,-0.19672,-0.17245
1.3961,-0.21183,-0.17019
1.3658,-0.22698,-0.16745
1.3353,-0.24214,-0.16429
1.3046,-0.25731,-0.1607
1.2738,-0.27245,-0.1567
1.2431,-0.28757,-0.15224
1.2163,-0.2666,-0.13036
1.1909,-0.246,-0.10608
1.1666,-0.22581,-0.080286
1.1434,-0.20603,-0.053017
1.1213,-0.18669,-0.02433
1.1001,-0.16781,0.0056954
1.0797,-0.14941,0.036932
1.0602,-0.13149,0.069288
1.0415,-0.11408,0.10262
1.0235,-0.097187,0.13685
1.0069,-0.11896,0.081423
0.99294,-0.14107,0.038853
0.98086,-0.16351,0.0043529
0.97031,-0.18628,-0.024277
0.9611,-0.20939,-0.048159
0.95308,-0.23284,-0.067846
0.94617,-0.25664,-0.083682
0.94029,-0.2808,-0.095861
0.93537,-0.30534,-0.10454
0.93136,-0.33025,-0.10982
0.92259,-0.31479,-0.1115
0.91394,-0.29939,-0.11272
0.90486,-0.28409,-0.11824
0.89551,-0.2689,-0.12676
0.88599,-0.25384,-0.13761
0.87638,-0.23893,-0.15034
0.86672,-0.22418,-0.16462
0.85706,-0.20961,-0.18016
0.84743,-0.19524,-0.19675
0.83788,-0.18106,-0.21417
0.82888,-0.15304,-0.1469
0.8171,-0.12689,-0.10892
0.80385,-0.10248,-0.088442
0.78974,-0.079704,-0.080149
0.77587,-0.058462,-0.073298
0.76316,-0.038667,-0.058593
0.75143,-0.020246,-0.036997
0.74058,-0.0031345,-0.0091883
0.7305,0.012723,0.024297
0.7211,0.027379,0.06304
0.72513,0.024284,0.041858
0.72967,0.021094,0.026432
0.73449,0.017805,0.014523
0.7395,0.01442,0.0049181
0.74461,0.010937,-0.0030893
0.74979,0.0073568,-0.009888
0.75504,0.0036802,-0.015727
0.76032,-9.2674e-05,-0.020731
0.76564,-0.0039613,-0.025005
0.77099,-0.0079254,-0.028556
0.78699,0.02242,-0.040643
0.80525,0.050749,-0.046599
0.82553,0.07709,-0.048506
0.84763,0.10147,-0.048022
0.87127,0.1239,-0.048962
0.89643,0.14439,-0.051574
0.92309,0.16296,-0.055562
0.95126,0.17964,-0.060696
0.98091,0.19442,-0.06679
1.0121,0.20733,-0.073683
0.91544,0.18046,-0.057409
0.82636,0.15448,-0.04568
0.74428,0.12928,-0.036599
0.6687,0.10481,-0.029279
0.59915,0.080993,-0.023244
0.53522,0.057771,-0.018216
0.47655,0.035089,-0.014007
0.4228,0.012898,-0.010485
0.37368,-0.0088503,-0.0075459
0.32891,-0.030202,-0.0051041
0.3036,-0.045826,-0.0053096
0.27987,-0.06141,-0.0059146
0.25765,-0.076963,-0.0069112
0.23689,-0.092493,-0.0082925
0.21755,-0.10801,-0.010051
0.19957,-0.12353,-0.012179
0.18293,-0.13907,-0.014669
0.16757,-0.15463,-0.017516
0.15348,-0.17024,-0.020712
0.14062,-0.18591,-0.02425
0.16764,-0.20019,-0.011797
0.19755,-0.21484,-0.0018827
0.23044,-0.22985,0.0055777
0.26635,-0.24523,0.010649
0.30535,-0.26097,0.013538
0.34732,-0.27705,0.017699
0.39223,-0.29346,0.024552
0.44007,-0.3102,0.034041
0.49082,-0.3273,0.04613
0.54446,-0.34477,0.060689
0.48841,-0.34621,0.045993
0.43639,-0.34662,0.03489
0.38821,-0.34607,0.02658
0.34368,-0.34464,0.020635
0.30266,-0.34238,0.016868
0.26502,-0.33936,0.014492
0.23075,-0.33566,0.010729
0.19973,-0.33133,0.0053271
0.17185,-0.3264,-0.0016487
0.14698,-0.32092,-0.010157
0.17243,-0.34979,-0.0053411
0.20032,-0.38001,-0.00083911
0.23065,-0.41159,0.0032348
0.26343,-0.44456,0.0067704
0.29864,-0.47893,0.0096757
0.33629,-0.51471,0.011861
0.37635,-0.55192,0.013252
0.41881,-0.59057,0.013782
0.46362,-0.63066,0.014282
0.51074,-0.6722,0.015347
0.48664,-0.65605,0.011931
0.46281,-0.63989,0.0096687
0.43932,-0.62373,0.006694
0.41622,-0.60758,0.0023722
0.39353,-0.59145,-0.0033175
0.37129,-0.57534,-0.010391
0.34951,-0.55925,-0.018846
0.32822,-0.5432,-0.028688
0.30742,-0.52718,-0.039912
0.28714,-0.51121,-0.052525
0.2562,-0.5235,-0.03919
0.22851,-0.53516,-0.028224
0.20384,-0.54624,-0.0195
0.18196,-0.55676,-0.012956
0.16271,-0.56678,-0.0085552
0.14591,-0.57632,-0.006284
0.13143,-0.58542,-0.0060642
0.1192,-0.59412,-0.0051441
0.10917,-0.60245,-0.0021206
0.10127,-0.61044,0.0029877
0.099414,-0.59484,-0.0028125
0.097783,-0.57953,-0.0066849
0.096382,-0.5645,-0.0089067
0.095211,-0.54975,-0.0097706
0.094207,-0.53525,-0.011262
0.093343,-0.52098,-0.013993
0.09262,-0.50692,-0.017909
0.09204,-0.49306,-0.022965
0.091606,-0.4794,-0.029126
0.091324,-0.46593,-0.036361
0.081598,-0.46186,-0.037085
0.073158,-0.45751,-0.04028
0.066023,-0.45287,-0.045654
0.060203,-0.44796,-0.053151
0.055702,-0.44277,-0.062822
0.052523,-0.4373,-0.07475
0.050458,-0.43159,-0.08903
0.047451,-0.42589,-0.10569
0.042977,-0.42024,-0.12481
0.037045,-0.41466,-0.14652
0.039894,-0.41179,-0.095388
0.041996,-0.40916,-0.05749
0.043424,-0.40666,-0.031836
0.044245,-0.40422,-0.017675
0.044529,-0.40175,-0.014114
0.044797,-0.39959,-0.0074821
0.045269,-0.39794,0.0091489
0.045887,-0.39675,0.03542
0.046592,-0.39599,0.071008
0.04732,-0.39564,0.11563
0.047259,-0.3954,0.13905
0.047143,-0.39527,0.16505
0.046958,-0.39524,0.19351
0.046698,-0.39532,0.22429
0.046343,-0.39551,0.25728
0.045868,-0.39581,0.29236
0.045253,-0.39622,0.32941
0.044476,-0.39673,0.36835
0.043521,-0.39736,0.40905
0.042369,-0.39808,0.45144
0.041086,-0.39447,0.36965
0.040463,-0.391,0.303
0.040362,-0.38758,0.24717
0.040685,-0.38414,0.19964
0.041358,-0.38065,0.15878
0.042322,-0.37712,0.12353
0.043526,-0.37354,0.09317
0.044928,-0.36992,0.067173
0.046488,-0.36628,0.045163
0.048173,-0.36261,0.026849
0.049606,-0.38635,0.030144
0.051078,-0.41075,0.032414
0.052587,-0.43582,0.033767
0.054134,-0.46155,0.034328
0.055716,-0.48798,0.034221
0.057332,-0.51509,0.033575
0.058977,-0.54291,0.032487
0.060649,-0.57144,0.031031
0.062345,-0.60069,0.029262
0.064064,-0.63068,0.027211
0.061085,-0.61621,0.01388
0.058049,-0.6022,0.0053143
0.055027,-0.58853,-0.0003768
0.052064,-0.57515,-0.0042455
0.049189,-0.56201,-0.0069022
0.046425,-0.54909,-0.0087172
0.043788,-0.53637,-0.0099228
0.041291,-0.52385,-0.010671
0.038945,-0.51152,-0.011064
0.03676,-0.49937,-0.01117
0.044119,-0.53399,-0.0056335
0.055282,-0.5699,0.00054967
0.0703,-0.60713,0.0071874
0.089219,-0.64572,0.014176
0.11208,-0.68571,0.021467
0.1389,-0.72711,0.029042
0.1697,-0.76995,0.0369
0.20449,-0.81423,0.045037
0.24325,-0.85996,0.053456
0.28597,-0.90715,0.062147
0.26594,-0.87809,0.041818
0.24788,-0.85007,0.026241
0.23157,-0.82295,0.013784
0.2168,-0.79667,0.0035955
0.2034,-0.77116,-0.0047936
0.19121,-0.74639,-0.011681
0.1801,-0.72231,-0.017255
0.16996,-0.69889,-0.02166
0.16069,-0.67612,-0.024998
0.15221,-0.65395,-0.027359
0.15091,-0.67505,-0.024594
0.14966,-0.69649,-0.02183
0.14846,-0.71824,-0.019371
0.14731,-0.74033,-0.017288
0.14619,-0.76273,-0.015567
0.1451,-0.78547,-0.014176
0.14405,-0.80854,-0.013083
0.14302,-0.83195,-0.012266
0.14201,-0.8557,-0.01171
0.14101,-0.87979,-0.011419
0.12767,-0.86733,-0.0022072
0.11527,-0.85475,0.0076262
0.10377,-0.84207,0.018015
0.093151,-0.82929,0.028892
0.08338,-0.81642,0.040202
0.074433,-0.80349,0.051895
0.066283,-0.79049,0.063926
0.058898,-0.77744,0.076261
0.052253,-0.76435,0.088857
0.046323,-0.75122,0.10169
0.054066,-0.7467,0.1236
0.063002,-0.74232,0.14415
0.073091,-0.73807,0.16364
0.084296,-0.73398,0.18231
0.096583,-0.73004,0.20033
0.10991,-0.72626,0.21779
0.12425,-0.72263,0.23474
0.13957,-0.71916,0.25121
0.15584,-0.71584,0.26719
0.17302,-0.71266,0.2827
0.1667,-0.71587,0.16081
0.16175,-0.72122,0.0823
0.1576,-0.72788,0.02995
0.15398,-0.73542,-0.0047238
0.15073,-0.74363,-0.026366
0.14774,-0.75237,-0.037735
0.14494,-0.76154,-0.040789
0.14209,-0.77065,-0.045522
0.13908,-0.77949,-0.056544
0.13596,-0.78808,-0.073101
0.1419,-0.79505,-0.071152
0.14804,-0.80178,-0.070688
0.15441,-0.80831,-0.071006
0.161,-0.81466,-0.071711
0.16785,-0.82083,-0.072564
0.17494,-0.82684,-0.073423
0.18229,-0.83269,-0.074195
0.1899,-0.83839,-0.074828
0.19777,-0.84392,-0.075288
0.20591,-0.8493,-0.07556
0.21505,-0.83779,-0.067439
0.2242,-0.82622,-0.062047
0.23339,-0.81466,-0.058143
0.24262,-0.80313,-0.055121
0.25188,-0.79166,-0.052648
0.2612,-0.78024,-0.050548
0.27055,-0.7689,-0.048714
0.27995,-0.75763,-0.047096
0.28938,-0.74642,-0.045656
0.29885,-0.7353,-0.0444
0.26055,-0.75576,-0.045017
0.22497,-0.77657,-0.045182
0.19202,-0.79775,-0.045144
0.16161,-0.81927,-0.045057
0.13367,-0.84114,-0.045004
0.10811,-0.86336,-0.045045
0.084888,-0.88593,-0.045209
0.063932,-0.90886,-0.045524
0.045196,-0.93214,-0.046003
0.028631,-0.95578,-0.046664
0.032367,-0.92837,-0.046301
0.036256,-0.90222,-0.046265
0.040293,-0.87725,-0.04646
0.044473,-0.85339,-0.046846
0.048795,-0.83057,-0.047391
0.053255,-0.80874,-0.048079
0.057851,-0.78783,-0.04889
0.062581,-0.76779,-0.049811
0.067444,-0.74858,-0.050826
0.07244,-0.73015,-0.051921
0.079691,-0.64843,-0.048778
0.086989,-0.57217,-0.047629
0.094322,-0.50123,-0.048134
0.10168,-0.43548,-0.050176
0.10906,-0.37477,-0.053731
0.11645,-0.31898,-0.058809
0.12383,-0.26799,-0.065441
0.13121,-0.22168,-0.073657
0.13857,-0.17996,-0.0835
0.1459,-0.14271,-0.095009
0.14343,-0.14664,-0.10563
0.14103,-0.15075,-0.11447
0.1387,-0.15505,-0.12171
0.13644,-0.15954,-0.12753
0.13425,-0.16422,-0.13214
0.13213,-0.16909,-0.1357
0.13007,-0.17414,-0.13836
0.12808,-0.17939,-0.14026
0.12615,-0.18482,-0.14149
0.12428,-0.19043,-0.14214
0.12514,-0.18475,-0.12151
0.12574,-0.17902,-0.10611
0.12608,-0.1733,-0.094274
0.12621,-0.16763,-0.08497
0.12613,-0.16205,-0.077505
0.12587,-0.15655,-0.071414
0.12542,-0.15117,-0.066374
0.12481,-0.1459,-0.062156
0.12404,-0.14075,-0.058593
0.12312,-0.13571,-0.055564
0.11589,-0.14027,-0.061788
0.10884,-0.14498,-0.066373
0.10198,-0.14982,-0.069475
0.09531,-0.15479,-0.071284
0.088823,-0.15987,-0.071994
0.082519,-0.16504,-0.071785
0.076394,-0.17031,-0.070819
0.070447,-0.17566,-0.069235
0.064676,-0.18109,-0.067152
0.059078,-0.18659,-0.064672
0.072106,-0.17941,-0.11314
0.086288,-0.17202,-0.17426
0.10171,-0.16451,-0.24687
0.11844,-0.15695,-0.33002
0.13654,-0.14939,-0.42285
0.15606,-0.14189,-0.52469
0.17702,-0.13451,-0.63489
0.19943,-0.12727,-0.75298
0.22331,-0.12023,-0.87843
0.24859,-0.11343,-1.0109
0.23063,-0.12013,-0.77125
0.21327,-0.12449,-0.59844
0.19662,-0.12752,-0.46547
0.1807,-0.1297,-0.35952
0.16553,-0.1313,-0.27353
0.15107,-0.13247,-0.20335
0.1373,-0.13332,-0.14628
0.12421,-0.13392,-0.1005
0.11176,-0.13433,-0.064675
0.099929,-0.13458,-0.037826
0.10192,-0.14473,-0.032916
0.1039,-0.1553,-0.02793
0.10587,-0.16631,-0.023109
0.10782,-0.17776,-0.018645
0.10976,-0.18964,-0.014705
0.11167,-0.20198,-0.011417
0.11356,-0.21477,-0.0088881
0.11542,-0.22803,-0.0071975
0.11724,-0.24176,-0.0064094
0.11904,-0.25599,-0.0061883
0.11842,-0.25925,-0.0024321
0.11781,-0.2626,0.0046207
0.1172,-0.26603,0.01389
0.11658,-0.26951,0.02469
0.11595,-0.27302,0.036562
0.11529,-0.27658,0.049206
0.11462,-0.28016,0.062399
0.11393,-0.28376,0.075993
0.11321,-0.28738,0.089855
0.11246,-0.29103,0.1039
0.12105,-0.30411,0.125
0.12996,-0.31749,0.14848
0.13919,-0.33117,0.17422
0.14873,-0.34513,0.20212
0.15859,-0.35938,0.232
0.16876,-0.37391,0.26373
0.17924,-0.38871,0.29714
0.19002,-0.40378,0.33208
0.20112,-0.41912,0.36836
0.21252,-0.43471,0.40586
0.20764,-0.41816,0.35812
0.20301,-0.40196,0.31867
0.19858,-0.3861,0.28459
0.19433,-0.37059,0.25432
0.19022,-0.35543,0.22693
0.18625,-0.34061,0.20189
0.18239,-0.32613,0.17884
0.17863,-0.312,0.15759
0.17497,-0.2982,0.13797
0.1714,-0.28474,0.11989
0.17209,-0.27711,0.089383
0.17324,-0.26954,0.066097
0.17477,-0.26206,0.04809
0.17665,-0.25467,0.034139
0.17884,-0.2474,0.023438
0.18132,-0.24023,0.015434
0.18407,-0.23317,0.0097342
0.18707,-0.22623,0.0060469
0.19031,-0.21941,0.0041506
0.19377,-0.21271,0.0036953
0.18895,-0.22996,0.0048243
0.18397,-0.24799,0.0066516
0.17881,-0.26681,0.008771
0.17347,-0.28645,0.010884
0.16795,-0.30691,0.012852
0.16223,-0.32819,0.014622
0.15633,-0.3503,0.01619
0.15022,-0.37323,0.017571
0.14392,-0.39698,0.018794
0.13741,-0.42155,0.019886
0.12653,-0.39497,0.040606
0.11625,-0.36924,0.07711
0.10659,-0.34413,0.12919
0.097542,-0.31949,0.19657
0.089121,-0.29516,0.27899
0.081318,-0.27107,0.37615
0.074132,-0.24713,0.48776
0.06755,-0.22333,0.61355
0.061564,-0.19964,0.75317
0.056148,-0.17605,0.90637
0.074167,-0.16352,0.79571
0.09349,-0.15196,0.70088
0.11405,-0.14145,0.61718
0.1358,-0.13203,0.54208
0.15872,-0.12368,0.47392
0.18278,-0.1164,0.41176
0.20798,-0.11014,0.35489
0.2343,-0.10489,0.30289
0.26176,-0.10062,0.25543
0.29035,-0.097323,0.21231
0.28425,-0.10063,0.19468
0.278,-0.10392,0.18083
0.2716,-0.10724,0.16974
0.26507,-0.11062,0.16069
0.25841,-0.11408,0.15321
0.25163,-0.11765,0.14696
0.24475,-0.12133,0.14171
0.23778,-0.12514,0.13726
0.23073,-0.12908,0.1335
0.2236,-0.13317,0.1303
0.24519,-0.12822,0.12519
0.2675,-0.12392,0.11918
0.2905,-0.12027,0.11258
0.31421,-0.11726,0.10562
0.33861,-0.1149,0.098487
0.36372,-0.11319,0.091301
0.38951,-0.11212,0.084167
0.416,-0.11171,0.077145
0.44318,-0.11195,0.070297
0.47105,-0.11285,0.063644
0.48031,-0.1164,0.053945
0.49004,-0.12002,0.044999
0.50024,-0.12373,0.036806
0.5109,-0.12753,0.029336
0.52202,-0.13141,0.022587
0.53359,-0.13539,0.016536
0.54561,-0.13947,0.011178
0.55808,-0.14365,0.0064954
0.57101,-0.14794,0.0024838
0.58438,-0.15234,-0.00087375
0.50943,-0.14782,-0.0024271
0.43999,-0.14547,-0.003309
0.37579,-0.14524,-0.0037635
0.31657,-0.14706,-0.0039407
0.26209,-0.1509,-0.0039323
0.21216,-0.15671,-0.0038046
0.16659,-0.16447,-0.0037172
0.1252,-0.17415,-0.0037847
0.087861,-0.18574,-0.0039984
0.054438,-0.19921,-0.0043574
0.069758,-0.19187,-0.0065199
0.085823,-0.18497,-0.0099379
0.10263,-0.17852,-0.014784
0.12017,-0.17253,-0.021201
0.13845,-0.16698,-0.029301
0.15746,-0.16188,-0.039178
0.17722,-0.15723,-0.050908
0.19772,-0.15302,-0.064558
0.21897,-0.14926,-0.08018
0.24097,-0.14593,-0.097829
0.24726,-0.15791,-0.074965
0.25352,-0.17028,-0.056428
0.25973,-0.18305,-0.041736
0.26591,-0.19622,-0.030542
0.27205,-0.2098,-0.022579
0.27815,-0.22379,-0.017637
0.28421,-0.23818,-0.01555
0.29022,-0.253,-0.015879
0.29627,-0.2684,-0.014833
0.30237,-0.28442,-0.01138
0.25663,-0.27879,-0.012598
0.2144,-0.27405,-0.012983
0.17551,-0.27016,-0.012944
0.13985,-0.26708,-0.012686
0.10727,-0.2648,-0.012319
0.077665,-0.26328,-0.011897
0.050943,-0.26251,-0.011457
0.027011,-0.26248,-0.011014
0.0057912,-0.26317,-0.01058
-0.012787,-0.26458,-0.010145
0.0094638,-0.23301,-0.0064599
0.032696,-0.20478,-0.0026334
0.056911,-0.17978,0.0011677
0.082113,-0.15792,0.0048611
0.10831,-0.1391,0.0083956
0.13553,-0.12329,0.011751
0.16377,-0.11042,0.01491
0.19305,-0.10048,0.017865
0.22339,-0.093467,0.020606
0.25481,-0.089374,0.023125
0.24311,-0.085558,0.022639
0.23154,-0.081866,0.023393
0.22011,-0.078285,0.02511
0.20884,-0.074807,0.027631
0.19774,-0.071429,0.030856
0.18682,-0.068149,0.034729
0.17611,-0.064966,0.039214
0.16562,-0.061879,0.044295
0.15536,-0.058889,0.049962
0.14536,-0.055994,0.056215
0.16535,-0.061788,0.043674
0.18683,-0.068102,0.032758
0.20982,-0.074939,0.023313
0.23434,-0.0823,0.015218
0.26042,-0.090191,0.0083646
0.28807,-0.098614,0.0026631
0.3173,-0.10757,-0.0019653
0.34813,-0.11707,-0.0055875
0.38056,-0.12711,-0.0082631
0.41459,-0.1377,-0.010045
0.3909,-0.12333,-0.010501
0.36779,-0.11075,-0.015332
0.34521,-0.099946,-0.024415
0.32312,-0.090887,-0.037202
0.3015,-0.083561,-0.053296
0.28056,-0.077064,-0.072382
0.26086,-0.069312,-0.094185
0.24239,-0.060248,-0.11853
0.22514,-0.049897,-0.14527
0.20908,-0.038287,-0.17429
0.23516,-0.0504,-0.16364
0.263,-0.062558,-0.15575
0.29263,-0.074786,-0.14998
0.32406,-0.087102,-0.14586
0.35732,-0.099516,-0.14303
0.39242,-0.11204,-0.14122
0.42937,-0.12467,-0.14021
0.46818,-0.13741,-0.13985
0.50884,-0.15035,-0.13999
0.55114,-0.16421,-0.14054
0.55588,-0.1659,-0.12081
0.56063,-0.16686,-0.10175
0.56567,-0.16613,-0.083877
0.57101,-0.16376,-0.067526
0.57667,-0.15978,-0.052919
0.58264,-0.15422,-0.040206
0.58894,-0.1471,-0.029483
0.59557,-0.13846,-0.020822
0.60255,-0.12832,-0.01427
0.60988,-0.11671,-0.0098673
0.56305,-0.11371,-0.0095416
0.51875,-0.11044,-0.0095061
0.47689,-0.10689,-0.0097368
0.43734,-0.10306,-0.010231
0.40002,-0.09896,-0.010992
0.36483,-0.094584,-0.012029
0.33171,-0.089937,-0.013352
0.30056,-0.085021,-0.014972
0.27134,-0.079841,-0.016898
0.24398,-0.074398,-0.019142
0.26043,-0.083005,-0.011163
0.27814,-0.089716,-0.006101
0.29613,-0.097518,-0.0034229
0.31387,-0.10791,-0.0027426
0.33137,-0.12088,-0.0017741
0.34862,-0.13644,0.00085161
0.36557,-0.15465,0.004981
0.38218,-0.17556,0.010489
0.39844,-0.19923,0.017269
0.41432,-0.22573,0.025228
0.40406,-0.20206,0.011604
0.39285,-0.18082,0.0035457
0.38073,-0.16205,-0.0011162
0.36775,-0.14572,-0.0035579
0.35398,-0.13184,-0.004449
0.33944,-0.12041,-0.0049806
0.32418,-0.11143,-0.0062242
0.30825,-0.10487,-0.0080251
0.29236,-0.098755,-0.010322
0.27748,-0.090376,-0.013103
0.29022,-0.09462,-0.015497
0.30323,-0.098971,-0.018243
0.31653,-0.10343,-0.021344
0.3301,-0.10799,-0.0248
0.34394,-0.11267,-0.028604
0.35807,-0.11744,-0.032748
0.37247,-0.12233,-0.037222
0.38715,-0.12732,-0.042011
0.4021,-0.13241,-0.047102
0.41733,-0.13761,-0.05248
0.39916,-0.13454,-0.04641
0.38173,-0.1312,-0.041034
0.36502,-0.12759,-0.036215
0.34901,-0.12369,-0.031869
0.33368,-0.11947,-0.027938
0.31901,-0.11492,-0.024386
0.30489,-0.1103,-0.021184
0.29105,-0.10628,-0.01831
0.27747,-0.1029,-0.015756
0.26411,-0.10015,-0.013515
0.26432,-0.097282,-0.022954
0.2636,-0.096562,-0.03562
0.26325,-0.094507,-0.050896
0.26371,-0.089969,-0.068337
0.26502,-0.082946,-0.087615
0.26717,-0.073438,-0.10848
0.2702,-0.061443,-0.13072
0.27413,-0.046959,-0.15417
0.27896,-0.029983,-0.17869
0.28471,-0.010516,-0.20414
0.32716,-0.042068,-0.16838
0.37343,-0.073891,-0.14149
0.42368,-0.10608,-0.12082
0.47804,-0.1387,-0.10468
0.53661,-0.17178,-0.091951
0.59948,-0.20532,-0.081847
0.6667,-0.23933,-0.073831
0.73831,-0.27378,-0.067533
0.81435,-0.30864,-0.06268
0.89482,-0.34389,-0.059089
0.76521,-0.29431,-0.092106
0.64841,-0.24939,-0.13144
0.54341,-0.2088,-0.1749
0.4493,-0.17222,-0.22183
0.3653,-0.13938,-0.27202
0.29071,-0.11006,-0.32535
0.22497,-0.084057,-0.38172
0.16754,-0.061211,-0.44106
0.11801,-0.04138,-0.50323
0.076015,-0.024461,-0.56816
0.083411,-0.027975,-0.4508
0.08984,-0.030965,-0.36016
0.095585,-0.033588,-0.28782
0.10082,-0.035945,-0.22892
0.10565,-0.038096,-0.18033
0.11015,-0.040084,-0.14003
0.11437,-0.04194,-0.10658
0.11835,-0.043685,-0.078996
0.12214,-0.045337,-0.056527
0.12575,-0.046911,-0.038615
0.1458,-0.050998,-0.033927
0.16766,-0.054392,-0.029496
0.19132,-0.057081,-0.0254
0.21682,-0.059056,-0.021712
0.24414,-0.060311,-0.018518
0.27332,-0.06084,-0.015901
0.30434,-0.06064,-0.013945
0.33724,-0.05971,-0.012727
0.372,-0.058053,-0.012321
0.40864,-0.055674,-0.012786
0.36428,-0.035441,-0.014063
0.32301,-0.016423,-0.019921
0.28478,0.0013817,-0.029382
0.24954,0.01798,-0.041898
0.21724,0.033377,-0.057151
0.18783,0.047581,-0.074934
0.16127,0.060598,-0.095112
0.1375,0.072432,-0.11758
0.11651,0.083087,-0.14226
0.098247,0.092565,-0.16907
0.099635,0.077613,-0.18639
0.10182,0.063067,-0.20245
0.10481,0.048922,-0.21734
0.1086,0.035169,-0.23114
0.11319,0.021805,-0.24392
0.1186,0.0088234,-0.25576
0.12482,-0.0037778,-0.26672
0.13186,-0.016005,-0.27684
0.13972,-0.02786,-0.28615
0.1484,-0.039344,-0.2947
0.16041,-0.040762,-0.26518
0.17259,-0.042092,-0.24079
0.185,-0.043345,-0.22017
0.19766,-0.044531,-0.2024
0.21061,-0.045657,-0.1868
0.22386,-0.046728,-0.17291
0.23743,-0.04775,-0.16037
0.25131,-0.048725,-0.14892
0.26551,-0.049657,-0.13836
0.28005,-0.05055,-0.12855
0.26211,-0.041319,-0.088751
0.24445,-0.03194,-0.057512
0.2272,-0.022477,-0.033911
0.21044,-0.012992,-0.017294
0.19425,-0.0035429,-0.0071866
0.17871,0.0058146,-0.0032228
0.16397,0.01507,-0.00071782
0.15018,0.024244,0.0072914
0.13738,0.033293,0.020738
0.12558,0.042171,0.039523
0.14075,0.035098,0.021994
0.15724,0.027433,0.0089898
0.17508,0.019163,0.00075588
0.19427,0.010274,-0.0025229
0.2148,0.00070346,-0.0044464
0.23662,-0.0096435,-0.011388
0.25975,-0.02079,-0.023521
0.28423,-0.032752,-0.040889
0.31007,-0.045546,-0.063533
0.33732,-0.059184,-0.091482
0.30125,-0.046156,-0.096358
0.26841,-0.03433,-0.099291
0.23854,-0.023621,-0.10086
0.2114,-0.013947,-0.10147
0.18679,-0.0052349,-0.10141
0.16451,0.0025831,-0.10087
0.1444,0.0095671,-0.099974
0.12629,0.015773,-0.098827
0.11004,0.021252,-0.097489
0.095527,0.026049,-0.096009
0.10486,0.015248,-0.11251
0.11532,0.0041786,-0.1294
0.1269,-0.0071722,-0.14656
0.13961,-0.018817,-0.16389
0.15346,-0.03077,-0.18131
0.16845,-0.043044,-0.19876
0.18459,-0.055652,-0.21619
0.20188,-0.068604,-0.23357
0.22031,-0.081914,-0.25084
0.2399,-0.095589,-0.26802
0.24216,-0.097736,-0.26878
0.24423,-0.099789,-0.27256
0.24611,-0.10175,-0.27865
0.24783,-0.10361,-0.28658
0.24938,-0.10537,-0.296
0.25077,-0.10703,-0.30665
0.25201,-0.10859,-0.31834
0.25309,-0.11006,-0.33094
0.25402,-0.11142,-0.34433
0.2548,-0.11267,-0.35845
0.26218,-0.11928,-0.28354
0.27011,-0.12602,-0.2216
0.27855,-0.13289,-0.16993
0.28747,-0.13988,-0.12676
0.29684,-0.14697,-0.090919
0.30665,-0.15415,-0.061584
0.31688,-0.16143,-0.038154
0.32752,-0.16878,-0.020181
0.33856,-0.17622,-0.0073176
0.34998,-0.18371,0.0007104
0.32451,-0.16717,-0.00081644
0.30095,-0.15018,-0.0020503
0.27923,-0.13276,-0.0030222
0.25933,-0.11488,-0.0037778
0.24118,-0.096551,-0.0043571
0.22475,-0.077757,-0.0047917
0.21001,-0.058494,-0.0051078
0.19692,-0.038755,-0.0053227
0.18546,-0.018536,-0.0054519
0.1756,0.0021709,-0.0055046
0.18306,0.0083805,-0.0047477
0.19078,0.014979,-0.0042018
0.19875,0.021964,-0.0038231
0.207,0.029332,-0.0035774
0.21552,0.037079,-0.003442
0.22431,0.0452,-0.0033988
0.23338,0.053691,-0.0034367
0.24274,0.062547,-0.0035464
0.2524,0.071763,-0.0037235
0.26234,0.081333,-0.0039641
0.24787,0.059199,-0.010328
0.23412,0.038884,-0.017369
0.2211,0.020353,-0.024651
0.20882,0.0035769,-0.031962
0.19729,-0.011473,-0.0392
0.18652,-0.024823,-0.046319
0.17653,-0.036497,-0.053299
0.16731,-0.046517,-0.060134
0.15889,-0.054905,-0.066824
0.15127,-0.061681,-0.073372
0.13452,-0.05029,-0.082879
0.11909,-0.03951,-0.092593
0.10494,-0.029329,-0.10249
0.092035,-0.019731,-0.11258
0.080345,-0.010706,-0.12282
0.069844,-0.0022447,-0.13323
0.06051,0.0056618,-0.14378
0.052319,0.013019,-0.15446
0.045254,0.01983,-0.16527
0.039297,0.026098,-0.17619
0.043822,0.026977,-0.14186
0.048433,0.027913,-0.11423
0.053145,0.028893,-0.091665
0.057974,0.02991,-0.07307
0.062934,0.030959,-0.057664
0.068036,0.032035,-0.044885
0.073292,0.033137,-0.034313
0.078712,0.034263,-0.025631
0.084306,0.03541,-0.018592
0.090082,0.036576,-0.013
0.095151,0.033901,-0.016447
0.10042,0.031051,-0.020046
0.10589,0.028025,-0.023752
0.11156,0.024821,-0.027528
0.11743,0.02144,-0.031353
0.1235,0.017879,-0.035207
0.12978,0.014139,-0.039084
0.13626,0.010219,-0.042979
0.14295,0.0061172,-0.046892
0.14985,0.0018344,-0.050825
0.1296,0.0045225,-0.047987
0.1111,0.0070554,-0.04531
0.094281,0.0093922,-0.042795
0.079103,0.011495,-0.040437
0.065519,0.01333,-0.038233
0.053482,0.014863,-0.036174
0.04295,0.016066,-0.034255
0.033878,0.01691,-0.032468
0.026226,0.01737,-0.030807
0.019951,0.017421,-0.029264
0.019347,0.006027,-0.028602
0.021263,-0.0040081,-0.028095
0.025646,-0.012768,-0.027691
0.032461,-0.020265,-0.027347
0.04149,-0.026783,-0.027033
0.05074,-0.035396,-0.026696
0.059626,-0.046944,-0.026319
0.068032,-0.06153,-0.025899
0.075844,-0.07927,-0.025438
0.082951,-0.10028,-0.024937
0.092421,-0.091319,-0.015473
0.10052,-0.084517,-0.0086321
0.1073,-0.079812,-0.0042863
0.11277,-0.077153,-0.0023383
0.11698,-0.076505,-0.0017263
0.12007,-0.077743,0.00092741
0.12375,-0.078222,0.0058288
0.12877,-0.076772,0.012933
0.13516,-0.073375,0.022213
0.14294,-0.068005,0.033651
0.12276,-0.062033,0.033025
0.10476,-0.056121,0.032169
0.088791,-0.050282,0.031117
0.074707,-0.044529,0.029902
0.06238,-0.038873,0.02855
0.051688,-0.033325,0.027088
0.042515,-0.027893,0.025537
0.034527,-0.022921,0.023923
0.027191,-0.019057,0.022272
0.02045,-0.016239,0.020603
0.015338,-0.011022,0.019965
0.010804,-0.0070976,0.019625
0.0069543,-0.004248,0.019519
0.0044938,-0.0013723,0.019577
0.0035005,0.0016935,0.019735
0.00396,0.0049586,0.019927
0.0058189,0.0084009,0.020089
0.007883,0.012737,0.02019
0.009468,0.018333,0.020213
0.010515,0.025134,0.020159
0.0098177,0.021692,0.015456
0.0091177,0.01855,0.011393
0.008402,0.015708,0.007961
0.0076569,0.013167,0.0051494
0.0068682,0.010927,0.0029504
0.0060205,0.0089904,0.0013565
0.0050978,0.0073587,0.00036137
0.0042288,0.0059322,-4.0702e-05
0.0036721,0.0045164,-0.00022773
0.003432,0.0030894,-0.00097958
0.005119,0.0011057,-0.0049344
0.0081789,-0.0017626,-0.012346
0.012767,-0.0056313,-0.023753
0.019043,-0.010631,-0.039637
0.027163,-0.016892,-0.060353
0.037278,-0.024541,-0.08611
0.049537,-0.033698,-0.11696
0.064079,-0.044478,-0.15283
0.081035,-0.056985,-0.19353
0.10052,-0.071316,-0.23884
0.097024,-0.069862,-0.20307
0.093723,-0.067899,-0.17138
0.090441,-0.065724,-0.14311
0.086793,-0.063912,-0.11788
0.082793,-0.062482,-0.095401
0.078468,-0.06143,-0.075487
0.073841,-0.060754,-0.05801
0.068934,-0.060454,-0.042886
0.063769,-0.060533,-0.030059
0.058364,-0.060991,-0.01949
0.059655,-0.063185,-0.0089185
0.06091,-0.065406,-0.0024451
0.062154,-0.067669,0.00050259
0.063403,-0.069984,0.0012785
0.064648,-0.072339,0.0042714
0.065901,-0.074747,0.0097855
0.067176,-0.077221,0.017614
0.068483,-0.079771,0.027585
0.06983,-0.082407,0.039549
0.071226,-0.085136,0.053377
0.074913,-0.094068,0.055053
0.078685,-0.10354,0.057121
0.082547,-0.11355,0.05957
0.086508,-0.12409,0.062396
0.090571,-0.13517,0.065583
0.094742,-0.14677,0.069125
0.099024,-0.1589,0.073003
0.10342,-0.17155,0.077207
0.10792,-0.18473,0.081715
0.11254,-0.19843,0.086516
0.14768,-0.19145,0.072182
0.18063,-0.18892,0.058176
0.21139,-0.19084,0.045059
0.24002,-0.19725,0.033252
0.26656,-0.20819,0.02307
0.29107,-0.22369,0.014762
0.31588,-0.24087,0.0085264
0.3446,-0.25515,0.0045266
0.37734,-0.26656,0.0029113
0.41415,-0.27515,0.0020933
0.40179,-0.26515,0.00203
0.38969,-0.25533,0.0021804
0.37786,-0.24568,0.0022557
0.36629,-0.2362,0.0021637
0.35497,-0.22687,0.0025849
0.34389,-0.21771,0.0037613
0.33305,-0.20869,0.0058355
0.32244,-0.19983,0.0089192
0.31207,-0.19111,0.013106
0.30192,-0.18254,0.018474
0.30036,-0.19429,0.014446
0.29951,-0.205,0.011048
0.29937,-0.21469,0.0081939
0.29994,-0.22338,0.005816
0.30122,-0.23109,0.0038627
0.30321,-0.23783,0.0022906
0.3059,-0.24361,0.0010651
0.30932,-0.24845,0.00015528
0.31329,-0.25255,-0.0004634
0.31672,-0.25728,-0.00081222
0.31443,-0.25561,-0.0010163
0.31219,-0.25401,-0.0012222
0.30998,-0.25247,-0.00143
0.3078,-0.25099,-0.001645
0.30566,-0.24958,-0.0018702
0.30355,-0.24823,-0.0021093
0.30146,-0.24693,-0.0023636
0.2994,-0.24569,-0.002635
0.29735,-0.2445,-0.0029233
0.29537,-0.24332,-0.0032299
0.29828,-0.24595,-0.0045353
0.30136,-0.24848,-0.0063784
0.30461,-0.25092,-0.00864
0.30802,-0.25325,-0.011242
0.31158,-0.2555,-0.014129
0.31531,-0.25765,-0.017264
0.31919,-0.25971,-0.020616
0.32322,-0.26168,-0.024165
0.32741,-0.26356,-0.027891
0.33175,-0.26535,-0.031781
0.32875,-0.27122,-0.016527
0.32724,-0.275,-0.0086111
0.32718,-0.2768,-0.006711
0.32673,-0.27898,-0.0038345
0.32471,-0.28305,0.0038298
0.32113,-0.289,0.015936
0.316,-0.29685,0.032246
0.3093,-0.30661,0.052591
0.30103,-0.31829,0.076845
0.29118,-0.33192,0.10491
0.2757,-0.31823,0.12998
0.26086,-0.30494,0.14915
0.24665,-0.29203,0.16301
0.23306,-0.2795,0.17233
0.22006,-0.26732,0.17779
0.20764,-0.25549,0.18003
0.19579,-0.244,0.17953
0.18449,-0.23282,0.17674
0.17371,-0.22195,0.17202
0.16344,-0.21139,0.16567
0.14108,-0.19884,0.13121
0.12029,-0.18786,0.10867
0.10081,-0.17826,0.093427
0.082457,-0.16987,0.082925
0.065089,-0.16259,0.075627
0.048602,-0.15635,0.070585
0.032909,-0.15106,0.067186
0.017938,-0.14667,0.065021
0.0036265,-0.14313,0.063814
-0.010077,-0.14041,0.063366
-0.010019,-0.14244,0.070166
-0.0099615,-0.14451,0.076398
-0.0098987,-0.14661,0.082106
-0.0098275,-0.14874,0.087345
-0.0097413,-0.1509,0.092173
-0.009636,-0.1531,0.096645
-0.0095073,-0.15534,0.10082
-0.0093522,-0.15762,0.10473
-0.0091674,-0.15994,0.10843
-0.0089505,-0.16231,0.11196
-0.0016132,-0.15328,0.093368
0.005187,-0.14445,0.075765
0.011462,-0.13586,0.059485
0.017223,-0.12752,0.044778
0.022479,-0.11945,0.031825
0.02724,-0.11168,0.020758
0.031513,-0.10422,0.01168
0.035309,-0.0971,0.0046643
0.038634,-0.090343,-0.00022733
0.041499,-0.08397,-0.0029488
0.039246,-0.096068,-0.0013325
0.036428,-0.10957,0.0015711
0.033061,-0.12451,0.0057992
0.029157,-0.1409,0.011392
0.024723,-0.15875,0.018395
0.019764,-0.17809,0.026853
0.014279,-0.19891,0.036809
0.0082661,-0.22123,0.048303
0.0017195,-0.24506,0.06137
-0.0053703,-0.27039,0.076043
0.0084736,-0.24963,0.1067
0.021082,-0.23043,0.1386
0.032498,-0.21273,0.17156
0.042762,-0.19646,0.20553
0.051907,-0.18156,0.24052
0.059966,-0.16799,0.27654
0.066963,-0.15571,0.31359
0.072919,-0.14469,0.3517
0.077852,-0.13488,0.39082
0.081773,-0.12626,0.43099
0.088751,-0.13556,0.36256
0.096146,-0.14551,0.30405
0.10392,-0.15608,0.25325
0.11206,-0.16722,0.20881
0.12055,-0.17892,0.16973
0.12937,-0.19118,0.13536
0.13853,-0.20399,0.10522
0.14801,-0.21736,0.078956
0.15782,-0.2313,0.05633
0.16794,-0.24582,0.037147
0.191,-0.26577,0.023424
0.21518,-0.287,0.012516
0.24047,-0.30949,0.0039209
0.26687,-0.33324,-0.0027434
0.29438,-0.35826,-0.0077553
0.32297,-0.38453,-0.011336
0.35265,-0.41207,-0.01365
0.38342,-0.44087,-0.014834
0.41525,-0.47091,-0.016023
0.44815,-0.50218,-0.018129
0.42206,-0.47895,-0.017158
0.39708,-0.45679,-0.016773
0.37313,-0.43563,-0.016935
0.35014,-0.41541,-0.017667
0.32807,-0.39608,-0.018984
0.30686,-0.3776,-0.020906
0.28647,-0.35991,-0.023438
0.26685,-0.343,-0.026596
0.24796,-0.32682,-0.030372
0.22976,-0.31133,-0.034772
0.25028,-0.34403,-0.037142
0.27172,-0.37868,-0.038448
0.29403,-0.41528,-0.03883
0.3172,-0.45381,-0.03847
0.3412,-0.49427,-0.03754
0.36599,-0.53662,-0.036209
0.39154,-0.58086,-0.034614
0.41782,-0.62696,-0.032879
0.4448,-0.67489,-0.031098
0.47243,-0.72463,-0.02936
0.49141,-0.75199,-0.026203
0.51066,-0.77973,-0.024134
0.53018,-0.80786,-0.022728
0.54997,-0.83637,-0.021779
0.57002,-0.86526,-0.021172
0.59034,-0.89451,-0.020869
0.61091,-0.92412,-0.020844
0.63175,-0.95409,-0.021137
0.65285,-0.9844,-0.02174
0.6742,-1.015,-0.022594
0.65363,-0.9432,-0.021439
0.6329,-0.87675,-0.020456
0.61189,-0.81529,-0.019987
0.59052,-0.75846,-0.02033
0.56874,-0.70593,-0.02167
0.54647,-0.65742,-0.024162
0.52369,-0.61268,-0.027923
0.50034,-0.57149,-0.033066
0.47639,-0.53365,-0.039679
0.45183,-0.49898,-0.04785
0.46143,-0.51598,-0.060275
0.47028,-0.534,-0.072166
0.47836,-0.55306,-0.083507
0.48567,-0.57314,-0.094393
0.4922,-0.59424,-0.10493
0.49794,-0.61637,-0.11522
0.50288,-0.63952,-0.12533
0.50702,-0.66369,-0.13533
0.51035,-0.68888,-0.14523
0.51285,-0.7151,-0.15505
0.5653,-0.7473,-0.1304
0.61726,-0.7821,-0.11238
0.66876,-0.81954,-0.098691
0.71982,-0.85961,-0.088092
0.77045,-0.90233,-0.079858
0.82066,-0.94767,-0.07358
0.87043,-0.99564,-0.068999
0.91978,-1.0462,-0.065961
0.9687,-1.0994,-0.064347
1.0172,-1.1551,-0.064084
0.93734,-1.0703,-0.059818
0.85828,-0.99303,-0.055418
0.77991,-0.92274,-0.05116
0.70216,-0.8591,-0.047172
0.62497,-0.80179,-0.043494
0.54829,-0.75054,-0.040147
0.47206,-0.70512,-0.037133
0.39623,-0.66531,-0.03443
0.32076,-0.63096,-0.031625
0.24561,-0.60194,-0.028576
0.25012,-0.58767,-0.028887
0.25469,-0.57415,-0.029058
0.25928,-0.56133,-0.029116
0.26387,-0.54918,-0.029057
0.26844,-0.53769,-0.028866
0.27297,-0.52682,-0.028527
0.27744,-0.51657,-0.028023
0.28183,-0.50689,-0.027334
0.28614,-0.49779,-0.026447
0.29034,-0.48923,-0.025342
0.26293,-0.4522,-0.025996
0.23741,-0.41753,-0.025997
0.21366,-0.38506,-0.025412
0.19156,-0.35467,-0.024292
0.171,-0.32621,-0.022683
0.15186,-0.29955,-0.02124
0.13405,-0.27457,-0.020374
0.11749,-0.25117,-0.020058
0.10209,-0.22927,-0.020276
0.08781,-0.20879,-0.021007
0.1077,-0.21072,-0.025138
0.12646,-0.21413,-0.029811
0.14411,-0.21901,-0.035003
0.16067,-0.22534,-0.04068
0.17613,-0.23312,-0.046822
0.19051,-0.24234,-0.053393
0.20381,-0.25302,-0.060381
0.21601,-0.26516,-0.067762
0.22724,-0.27866,-0.075522
0.23941,-0.29196,-0.083643
0.23021,-0.27892,-0.075676
0.22143,-0.26559,-0.069712
0.21309,-0.25202,-0.065131
0.20523,-0.23827,-0.061538
0.19786,-0.22438,-0.058682
0.19099,-0.21039,-0.056389
0.18463,-0.19632,-0.054548
0.1788,-0.18219,-0.053077
0.17349,-0.16804,-0.051922
0.16872,-0.15388,-0.051044
0.17066,-0.15618,-0.052308
0.17261,-0.15852,-0.052715
0.17457,-0.16088,-0.052412
0.17653,-0.16326,-0.051532
0.17849,-0.16565,-0.050197
0.18045,-0.16805,-0.048508
0.18239,-0.17044,-0.046556
0.18432,-0.17282,-0.044413
0.18623,-0.17519,-0.042141
0.18813,-0.17755,-0.039788
0.18,-0.17474,-0.026206
0.1724,-0.17189,-0.017942
0.16529,-0.16904,-0.013668
0.15863,-0.16623,-0.012282
0.15252,-0.16359,-0.0097768
0.14691,-0.16115,-0.0051955
0.14177,-0.15888,0.001171
0.13703,-0.15673,0.0091118
0.13267,-0.1547,0.018463
0.12864,-0.15275,0.029102
0.12702,-0.15281,0.013308
0.12553,-0.1529,0.0025043
0.12413,-0.153,-0.0042457
0.12283,-0.15308,-0.007587
0.12159,-0.15314,-0.0081564
0.12034,-0.15305,-0.0098032
0.11903,-0.15281,-0.013805
0.1177,-0.15244,-0.019974
0.11634,-0.15194,-0.028171
0.11498,-0.15135,-0.038284
0.099543,-0.13302,-0.031732
0.086185,-0.11598,-0.025991
0.074034,-0.10064,-0.020956
0.062372,-0.087343,-0.016551
0.051102,-0.07597,-0.012726
0.040131,-0.066405,-0.0094435
0.029374,-0.058545,-0.0066772
0.01875,-0.052292,-0.0044055
0.0081862,-0.047559,-0.0026139
-0.0023813,-0.044266,-0.0012899
-0.0015313,-0.03622,-0.00079342
-0.00078191,-0.028948,-0.00045339
-0.00014419,-0.022465,-0.00023654
0.00036977,-0.016786,-0.00011637
0.00074707,-0.011923,-6.0706e-05
0.00097418,-0.0078907,8.3216e-06
0.0010352,-0.0047001,9.5314e-05
0.00091218,-0.0023624,0.00019264
0.00058499,-0.00088782,0.00029341
0.00026627,-0.00011574,0.00038889
0.00032955,-0.00036705,0.0015027
0.00048717,-0.00062126,0.0033767
0.00068536,-0.00089706,0.0060497
0.00085513,-0.0012281,0.0095545
0.00099063,-0.0016054,0.013917
0.0010869,-0.0020209,0.019158
0.0011396,-0.0024676,0.025292
0.0011443,-0.0029394,0.032333
0.0010973,-0.0034307,0.040288
0.00099476,-0.0039366,0.049162
-3.9044e-05,-0.006039,0.052568
-0.0015977,-0.0086863,0.056122
-0.0036896,-0.011885,0.059821
-0.0063238,-0.015641,0.063666
-0.0095093,-0.019961,0.067651
-0.013255,-0.024854,0.071775
-0.017571,-0.030326,0.076031
-0.022466,-0.036387,0.080418
-0.027948,-0.043042,0.084925
-0.034028,-0.050301,0.089554
-0.018454,-0.060706,0.048418
-0.0012183,-0.074072,0.021162
0.017688,-0.090589,0.0066991
0.038418,-0.11063,0.0038262
0.06134,-0.1352,-0.0035561
0.086831,-0.16504,-0.02221
0.11523,-0.20065,-0.051917
0.14686,-0.24245,-0.092439
0.182,-0.2908,-0.14347
0.22089,-0.34597,-0.2047
0.21831,-0.34407,-0.18729
0.21569,-0.34218,-0.16865
0.21303,-0.34034,-0.14942
0.21033,-0.33857,-0.13013
0.20762,-0.33689,-0.11114
0.20487,-0.33531,-0.092819
0.20211,-0.33383,-0.075396
0.19934,-0.33247,-0.05911
0.19657,-0.33122,-0.044139
0.19379,-0.3301,-0.030654
0.20311,-0.35461,-0.033326
0.21236,-0.38036,-0.037491
0.22151,-0.40732,-0.043047
0.23054,-0.43548,-0.049934
0.23944,-0.46483,-0.05809
0.24817,-0.49534,-0.067473
0.25671,-0.52699,-0.078036
0.26503,-0.55974,-0.089753
0.27311,-0.59358,-0.10259
0.28091,-0.62845,-0.11652
0.30056,-0.65316,-0.13905
0.32037,-0.67833,-0.1602
0.34031,-0.70396,-0.18038
0.3604,-0.73004,-0.19999
0.38062,-0.75656,-0.21928
0.40097,-0.78351,-0.23847
0.42143,-0.81089,-0.25765
0.442,-0.83868,-0.27692
0.46267,-0.86687,-0.2963
0.48343,-0.89545,-0.31584
0.45211,-0.8436,-0.35112
0.42247,-0.79435,-0.37927
0.3944,-0.74753,-0.40271
0.3678,-0.703,-0.42293
0.34257,-0.66061,-0.44067
0.31862,-0.62022,-0.45649
0.29587,-0.58171,-0.47062
0.27425,-0.54496,-0.48333
0.25369,-0.50988,-0.49469
0.23414,-0.47638,-0.50488
0.24583,-0.50094,-0.49643
0.25771,-0.52596,-0.49113
0.26976,-0.55141,-0.48771
0.28196,-0.5773,-0.48543
0.29432,-0.60361,-0.48375
0.30683,-0.63034,-0.48239
0.31947,-0.65747,-0.48111
0.33225,-0.68499,-0.47983
0.34516,-0.7129,-0.47844
0.3582,-0.74118,-0.47696
0.33057,-0.7057,-0.39754
0.30451,-0.67235,-0.33708
0.27985,-0.64101,-0.28835
0.25643,-0.61152,-0.24765
0.23416,-0.58374,-0.21293
0.21291,-0.55751,-0.18292
0.19262,-0.53273,-0.15681
0.17319,-0.50928,-0.13401
0.15457,-0.48706,-0.11409
0.13669,-0.46598,-0.096716
0.13035,-0.46968,-0.1154
0.12379,-0.47353,-0.13297
0.117,-0.4775,-0.14962
0.10998,-0.48162,-0.16554
0.10273,-0.48587,-0.18095
0.095237,-0.49025,-0.196
0.087499,-0.49477,-0.21082
0.079511,-0.49942,-0.2255
0.071268,-0.50421,-0.24009
0.062765,-0.50915,-0.25463
0.040938,-0.46297,-0.25587
0.020897,-0.42013,-0.26064
0.0025058,-0.3804,-0.2679
-0.014357,-0.34359,-0.27706
-0.029799,-0.30951,-0.28778
-0.043914,-0.27799,-0.29986
-0.05679,-0.24887,-0.31317
-0.068497,-0.22201,-0.32762
-0.079103,-0.19728,-0.34315
-0.088654,-0.17455,-0.35973
-0.082836,-0.18415,-0.32997
-0.076751,-0.19374,-0.30262
-0.07042,-0.20335,-0.27728
-0.063853,-0.21299,-0.25371
-0.057063,-0.2227,-0.23172
-0.050059,-0.23247,-0.21117
-0.042852,-0.24234,-0.19194
-0.035451,-0.2523,-0.17396
-0.027866,-0.26236,-0.15717
-0.020104,-0.27255,-0.14151
-0.027121,-0.25201,-0.15495
-0.033783,-0.23203,-0.16958
-0.040071,-0.21265,-0.18541
-0.045965,-0.19393,-0.20248
-0.051449,-0.17591,-0.2208
-0.056507,-0.15863,-0.24039
-0.061125,-0.14214,-0.26125
-0.065292,-0.12648,-0.2834
-0.068997,-0.11168,-0.30684
-0.072231,-0.097773,-0.33157
-0.049286,-0.12034,-0.25693
-0.025318,-0.14635,-0.19358
-0.00017163,-0.17581,-0.14063
0.026283,-0.20875,-0.0975
0.054149,-0.24522,-0.063821
0.083508,-0.28527,-0.039351
0.11441,-0.32897,-0.023957
0.14688,-0.37641,-0.017552
0.18097,-0.42781,-0.016957
0.21678,-0.48376,-0.0088804
0.19504,-0.43803,-0.012578
0.17463,-0.39489,-0.013921
0.15551,-0.35426,-0.013012
0.13763,-0.31603,-0.012274
0.12095,-0.28007,-0.014213
0.10542,-0.24637,-0.018839
0.091037,-0.21489,-0.026176
0.077765,-0.1856,-0.03624
0.065582,-0.1585,-0.049061
0.054465,-0.13355,-0.064648
0.050948,-0.13132,-0.052229
0.047324,-0.12903,-0.041274
0.043606,-0.1267,-0.031727
0.039801,-0.12433,-0.023537
0.035918,-0.12195,-0.016666
0.031965,-0.11957,-0.01108
0.027946,-0.11719,-0.0067551
0.023868,-0.11484,-0.0036657
0.019734,-0.11251,-0.0017955
0.015547,-0.11023,-0.001118
0.020435,-0.11185,0.00051705
0.02516,-0.11363,0.0045451
0.029719,-0.11557,0.01056
0.034111,-0.11767,0.018258
0.038334,-0.11991,0.0274
0.042388,-0.12231,0.037801
0.046275,-0.12486,0.049308
0.049994,-0.12755,0.061801
0.053546,-0.1304,0.07517
0.056933,-0.13339,0.089333
0.067162,-0.15481,0.072708
0.078234,-0.17808,0.05847
0.090171,-0.20325,0.046338
0.10299,-0.23036,0.036094
0.11671,-0.25946,0.027551
0.13134,-0.29059,0.020552
0.14689,-0.32378,0.014965
0.16336,-0.35905,0.010674
0.18076,-0.39642,0.0075869
0.19907,-0.4359,0.0055931
0.20422,-0.45651,0.0042268
0.20878,-0.47791,0.004092
0.21274,-0.50012,0.0029082
0.21611,-0.52313,0.00047185
0.21887,-0.54696,-0.0030874
0.22101,-0.5716,-0.0077051
0.22255,-0.59704,-0.013317
0.22346,-0.6233,-0.019894
0.22374,-0.65036,-0.027399
0.2234,-0.67823,-0.035821
0.208,-0.60597,-0.040236
0.19281,-0.53954,-0.044417
0.17782,-0.47854,-0.048374
0.16303,-0.42259,-0.052133
0.14846,-0.37137,-0.055697
0.13411,-0.32458,-0.059085
0.12,-0.28196,-0.062301
0.10614,-0.24328,-0.065361
0.092553,-0.20832,-0.06827
0.079244,-0.17688,-0.071045
0.087415,-0.19873,-0.045572
0.094477,-0.22258,-0.026318
0.10042,-0.24848,-0.012843
0.10524,-0.27649,-0.0048252
0.10889,-0.30664,-0.0020014
0.11135,-0.33899,-0.00075263
0.11261,-0.37363,0.0050307
0.1126,-0.41061,0.015308
0.1113,-0.44995,0.029942
0.10865,-0.4917,0.048815
0.11476,-0.47443,0.033519
0.12025,-0.45753,0.021919
0.12507,-0.44102,0.012993
0.12918,-0.42492,0.0061373
0.13252,-0.40928,0.00097889
0.13507,-0.3941,-0.0027239
0.13677,-0.37943,-0.0051309
0.13761,-0.36527,-0.0063572
0.13753,-0.35165,-0.0066691
0.1365,-0.33856,-0.007626
0.14585,-0.3634,-0.0087584
0.15549,-0.38914,-0.0098372
0.16542,-0.41578,-0.010843
0.17562,-0.44331,-0.011779
0.18611,-0.47175,-0.012655
0.19688,-0.50109,-0.013489
0.20792,-0.53133,-0.0143
0.21924,-0.56247,-0.01511
0.23082,-0.59452,-0.015938
0.24266,-0.62748,-0.016808
0.23111,-0.61534,-0.014921
0.21886,-0.60354,-0.0096466
0.20592,-0.59208,-0.0024419
0.1923,-0.58091,0.0053371
0.178,-0.57005,0.013069
0.16303,-0.55949,0.020457
0.1474,-0.54924,0.027364
0.1311,-0.5393,0.033716
0.11415,-0.52967,0.039476
0.09655,-0.52036,0.044623
0.088334,-0.5359,0.00029697
0.079603,-0.55239,-0.01592
0.070216,-0.56941,-0.022245
0.059992,-0.58629,-0.043183
0.048907,-0.60308,-0.07711
0.036946,-0.61985,-0.12239
0.024089,-0.6366,-0.17797
0.01032,-0.65336,-0.24313
-0.0043757,-0.67014,-0.3173
-0.020007,-0.68691,-0.40008
0.020884,-0.74672,-0.36564
0.062303,-0.8099,-0.33747
0.10426,-0.87652,-0.31305
0.14677,-0.94663,-0.2911
0.18982,-1.0202,-0.27083
0.23341,-1.0973,-0.2519
0.27752,-1.1779,-0.23409
0.32215,-1.262,-0.21737
0.36729,-1.3496,-0.20172
0.41293,-1.4407,-0.18722
0.40762,-1.4398,-0.17677
0.40206,-1.4381,-0.16513
0.39625,-1.4354,-0.15317
0.3902,-1.4318,-0.14139
0.38395,-1.4275,-0.13003
0.3775,-1.4223,-0.11931
0.37087,-1.4163,-0.10932
0.36407,-1.4096,-0.10019
0.35712,-1.4021,-0.092
0.35003,-1.394,-0.08484
0.3445,-1.3492,-0.094986
0.33985,-1.3081,-0.10569
0.33596,-1.2701,-0.11703
0.33269,-1.2349,-0.12905
0.32994,-1.2023,-0.14173
0.32761,-1.1721,-0.15505
0.32562,-1.1439,-0.16896
0.32391,-1.1176,-0.18341
0.32239,-1.093,-0.19835
0.32103,-1.07,-0.21374
0.26614,-0.9547,-0.13741
0.215,-0.85148,-0.090471
0.16703,-0.75908,-0.061129
0.12171,-0.67629,-0.044108
0.078622,-0.60203,-0.036613
0.037478,-0.53586,-0.028901
-0.0019804,-0.47733,-0.014896
-0.040027,-0.42571,0.0046952
-0.076893,-0.3804,0.029354
-0.11278,-0.34087,0.058702
-0.15403,-0.33597,0.059553
-0.19788,-0.33243,0.05972
-0.24436,-0.33025,0.059269
-0.29349,-0.32943,0.058288
-0.34533,-0.32999,0.056817
-0.3999,-0.33193,0.054923
-0.45724,-0.33526,0.052628
-0.51739,-0.33999,0.049997
-0.58037,-0.34613,0.047041
-0.64622,-0.35367,0.043796
-0.65122,-0.37989,0.020675
-0.65563,-0.40844,0.0030299
-0.65951,-0.4392,-0.010481
-0.66288,-0.47206,-0.020601
-0.66577,-0.50695,-0.027725
-0.66821,-0.5438,-0.032044
-0.67024,-0.58242,-0.035511
-0.67191,-0.62251,-0.041655
-0.67325,-0.66402,-0.050539
-0.67426,-0.70689,-0.062147
-0.62336,-0.68453,-0.041574
-0.57557,-0.66163,-0.033614
-0.53032,-0.64029,-0.0077806
-0.48739,-0.62047,0.035569
-0.4466,-0.60205,0.095306
-0.40781,-0.58496,0.1707
-0.37088,-0.56912,0.26117
-0.3357,-0.55446,0.36628
-0.30218,-0.54093,0.48559
-0.27023,-0.52844,0.61876
-0.28739,-0.51251,0.55751
-0.30478,-0.49849,0.50701
-0.32245,-0.48599,0.46298
-0.34043,-0.47476,0.42331
-0.35874,-0.46466,0.38672
-0.37741,-0.45558,0.35262
-0.39644,-0.44742,0.32057
-0.41586,-0.44013,0.29036
-0.43567,-0.43363,0.26185
-0.45589,-0.42789,0.23494
-0.43809,-0.38361,0.16069
-0.42106,-0.34329,0.10523
-0.40471,-0.30651,0.063598
-0.38898,-0.27297,0.033068
-0.37378,-0.24247,0.012028
-0.35904,-0.21483,-0.00058792
-0.34471,-0.18992,-0.0055202
-0.33074,-0.16748,-0.0065724
-0.31711,-0.14703,-0.013867
-0.30376,-0.12852,-0.027785
-0.29702,-0.13305,-0.034406
-0.29016,-0.13807,-0.040291
-0.28319,-0.14358,-0.045361
-0.2761,-0.14955,-0.049623
-0.26891,-0.15599,-0.053095
-0.26163,-0.16287,-0.055836
-0.25426,-0.17018,-0.057887
-0.2468,-0.17792,-0.059305
-0.23926,-0.18605,-0.060126
-0.23165,-0.19458,-0.0604
-0.25196,-0.20315,-0.035262
-0.27305,-0.21175,-0.019719
-0.29495,-0.22047,-0.010628
-0.31771,-0.22935,-0.0060183
-0.34134,-0.23844,-0.0046124
-0.36586,-0.24779,-0.0037205
-0.39129,-0.25744,-0.0010658
-0.41762,-0.26737,0.0029673
-0.44487,-0.27759,0.0080988
-0.47302,-0.28809,0.014121
-0.46641,-0.26408,0.001757
-0.4598,-0.242,-0.0033042
-0.45319,-0.2217,-0.0041727
-0.44652,-0.20307,-0.0062312
-0.43976,-0.18604,-0.010589
-0.43292,-0.17056,-0.016787
-0.42598,-0.15658,-0.024538
-0.41893,-0.14405,-0.033655
-0.41176,-0.13293,-0.044005
-0.40447,-0.12319,-0.055489
-0.40112,-0.11896,-0.049619
-0.39777,-0.11504,-0.046092
-0.39442,-0.1114,-0.044132
-0.39108,-0.10805,-0.043279
-0.38774,-0.10496,-0.043239
-0.3844,-0.10214,-0.043826
-0.38107,-0.099562,-0.044918
-0.37773,-0.097232,-0.046436
-0.3744,-0.095139,-0.048324
-0.37106,-0.093275,-0.050549
-0.38893,-0.099088,-0.066507
-0.40717,-0.10566,-0.081819
-0.4258,-0.11298,-0.096148
-0.44481,-0.12105,-0.10938
-0.46421,-0.12985,-0.12152
-0.48399,-0.13938,-0.13265
-0.50416,-0.14963,-0.14284
-0.5247,-0.16058,-0.15221
-0.54561,-0.17223,-0.1608
-0.5669,-0.18458,-0.1687
-0.56173,-0.17034,-0.17499
-0.556,-0.15785,-0.17997
-0.54973,-0.14715,-0.18376
-0.54292,-0.13827,-0.18652
-0.53558,-0.13124,-0.18831
-0.52774,-0.12608,-0.18923
-0.51939,-0.12278,-0.18933
-0.5111,-0.11904,-0.18872
-0.50321,-0.11335,-0.18748
-0.49572,-0.1057,-0.18565
-0.53927,-0.11581,-0.16182
-0.58446,-0.12625,-0.14511
-0.63138,-0.137,-0.13323
-0.68009,-0.14801,-0.12472
-0.73061,-0.15926,-0.11863
-0.78299,-0.17074,-0.11433
-0.83723,-0.18243,-0.1114
-0.89334,-0.19432,-0.10956
-0.95133,-0.20639,-0.10865
-1.0112,-0.21863,-0.10852
-0.96137,-0.20713,-0.13447
-0.91262,-0.19584,-0.15779
-0.86492,-0.18476,-0.17921
-0.81828,-0.17389,-0.19941
-0.77268,-0.16323,-0.21888
-0.72814,-0.15277,-0.23794
-0.68467,-0.14251,-0.25677
-0.64227,-0.13246,-0.2755
-0.60096,-0.1226,-0.29419
-0.56076,-0.11293,-0.31288
-0.57272,-0.11739,-0.21836
-0.58382,-0.12006,-0.15371
-0.59444,-0.12133,-0.1086
-0.60424,-0.12394,-0.077401
-0.61325,-0.12841,-0.056835
-0.62155,-0.13467,-0.044854
-0.62919,-0.14267,-0.040107
-0.63632,-0.15239,-0.039728
-0.64352,-0.16378,-0.034859
-0.65082,-0.17682,-0.02495
-0.63098,-0.18524,-0.0032199
-0.6119,-0.19496,0.026796
-0.59358,-0.20593,0.064956
-0.576,-0.21812,0.11104
-0.55917,-0.23151,0.16475
-0.54307,-0.24609,0.22581
-0.52769,-0.26183,0.29389
-0.51302,-0.27872,0.36873
-0.49906,-0.29676,0.44998
-0.48579,-0.31593,0.5374
-0.46876,-0.30168,0.41909
-0.45405,-0.28783,0.32738
-0.44094,-0.27438,0.25287
-0.42904,-0.26131,0.19091
-0.41815,-0.24861,0.13884
-0.40814,-0.23629,0.095152
-0.39892,-0.22433,0.058848
-0.39042,-0.21273,0.02928
-0.38262,-0.2015,0.0059724
-0.37546,-0.19064,-0.011436
-0.36253,-0.17951,-0.01122
-0.34971,-0.16927,-0.010847
-0.33703,-0.15985,-0.010323
-0.32449,-0.15115,-0.009643
-0.31212,-0.14312,-0.0088233
-0.29992,-0.13569,-0.0078786
-0.2879,-0.12882,-0.0068285
-0.27608,-0.12246,-0.0056855
-0.26446,-0.11656,-0.0044574
-0.25305,-0.11108,-0.0031516
-0.27488,-0.11677,-0.014426
-0.2979,-0.12263,-0.022434
-0.32208,-0.12865,-0.027448
-0.34734,-0.13485,-0.030203
-0.37333,-0.14117,-0.034783
-0.40001,-0.14761,-0.041896
-0.42738,-0.15416,-0.051418
-0.45546,-0.16082,-0.063241
-0.48427,-0.16759,-0.077269
-0.51381,-0.17446,-0.093417
-0.49433,-0.1914,-0.093574
-0.47476,-0.21006,-0.095197
-0.45514,-0.23041,-0.097947
-0.43551,-0.25242,-0.10162
-0.41589,-0.27607,-0.10608
-0.3963,-0.30133,-0.11123
-0.37675,-0.32816,-0.11701
-0.35728,-0.35656,-0.12339
-0.33788,-0.38649,-0.13033
-0.31857,-0.41794,-0.13784
