0.4735,0.10433,0.085161
0.46438,0.087125,0.064861
0.45528,0.071765,0.051276
0.44623,0.058048,0.04184
0.43723,0.0458,0.035039
0.4283,0.034877,0.030055
0.41942,0.025156,0.026319
0.4106,0.016528,0.023522
0.40184,0.0088978,0.021403
0.39314,0.00218,0.019833
0.3845,-0.003702,0.018674
0.41549,0.0076433,0.019236
0.44863,0.021397,0.019895
0.484,0.037593,0.020711
0.52164,0.056263,0.021699
0.56163,0.077428,0.022921
0.60398,0.1011,0.024389
0.64872,0.1273,0.026163
0.69586,0.15601,0.028259
0.7454,0.18723,0.030736
0.79732,0.22094,0.033612
0.76522,0.24251,0.039761
0.73464,0.26405,0.043443
0.70551,0.28555,0.045359
0.67775,0.30701,0.046043
0.65129,0.32843,0.045906
0.62605,0.34981,0.045185
0.60197,0.37116,0.044079
0.57898,0.39248,0.04269
0.55705,0.41377,0.04113
0.53611,0.43505,0.039452
0.57291,0.37494,0.043154
0.61147,0.31905,0.047256
0.65177,0.26707,0.051712
0.6938,0.21876,0.056468
0.73756,0.17388,0.06152
0.78303,0.13226,0.066837
0.83022,0.093731,0.072437
0.87913,0.058146,0.078298
0.92976,0.025381,0.084444
0.98211,-0.0046733,0.090859
0.9817,0.013055,0.12615
0.98134,0.031946,0.16368
0.98102,0.051941,0.20307
0.98074,0.072976,0.24422
0.98047,0.094985,0.28713
0.98023,0.11791,0.33173
0.97999,0.1417,0.37793
0.97975,0.16629,0.42557
0.97952,0.19165,0.4745
0.9793,0.21771,0.52452
0.94619,0.25598,0.48298
0.91391,0.29449,0.45749
0.88266,0.33344,0.44014
0.85253,0.37292,0.42729
0.82353,0.41296,0.41716
0.79563,0.45357,0.40887
0.76882,0.49475,0.40194
0.74305,0.53648,0.39609
0.7183,0.57877,0.39119
0.69454,0.62159,0.38712
0.66912,0.49349,0.30207
0.64682,0.38349,0.23494
0.62741,0.28938,0.18057
0.61057,0.20932,0.13649
0.59603,0.14178,0.10132
0.58349,0.085492,0.074192
0.57273,0.039389,0.05448
0.5635,0.0025906,0.04171
0.55561,-0.02563,0.035513
0.54903,-0.045749,0.033135
0.57168,-0.043123,0.04319
0.59354,-0.04072,0.07336
0.61477,-0.038425,0.1204
0.63559,-0.0361,0.18086
0.65612,-0.033667,0.25255
0.67642,-0.031082,0.33407
0.69654,-0.028321,0.42445
0.71651,-0.025377,0.52298
0.73636,-0.022247,0.62903
0.7561,-0.01893,0.74201
0.74945,-0.025674,0.70601
0.74117,-0.033003,0.68734
0.73192,-0.040469,0.67754
0.72205,-0.047847,0.67246
0.71175,-0.055014,0.66989
0.70112,-0.061902,0.6687
0.69024,-0.068472,0.66823
0.67915,-0.074701,0.66815
0.66789,-0.080576,0.66825
0.65647,-0.086087,0.66845
0.65812,-0.089266,0.74152
0.66066,-0.09169,0.80374
0.66386,-0.093526,0.85815
0.66753,-0.094895,0.90698
0.67156,-0.09587,0.95161
0.67588,-0.096499,0.99298
0.68046,-0.096799,1.0315
0.68527,-0.096782,1.0677
0.69031,-0.096441,1.1014
0.69559,-0.095776,1.133
0.65814,-0.11677,1.2712
0.62157,-0.13621,1.4017
0.58557,-0.15441,1.5279
0.54998,-0.1716,1.6516
0.51473,-0.18791,1.7735
0.47979,-0.20348,1.8942
0.44518,-0.21836,2.0137
0.4109,-0.23264,2.132
0.377,-0.24634,2.2487
0.34349,-0.25953,2.3641
0.43295,-0.21144,1.845
0.50685,-0.17489,1.497
0.57363,-0.14327,1.2343
0.63657,-0.11414,1.0238
0.69717,-0.086423,0.85002
0.75624,-0.059572,0.70443
0.81425,-0.033285,0.5819
0.87149,-0.0073771,0.4791
0.9282,0.018275,0.39358
0.98458,0.04376,0.32346
0.96228,0.072088,0.35158
0.94207,0.1032,0.36641
0.92338,0.13657,0.37349
0.90588,0.17187,0.37622
0.88933,0.20889,0.37665
0.87362,0.24751,0.37581
0.85868,0.28768,0.37434
0.84445,0.32934,0.37255
0.8309,0.37248,0.37063
0.81803,0.41707,0.36866
0.88379,0.41753,0.35664
0.95101,0.41637,0.35212
1.02,0.41392,0.35179
1.0909,0.41034,0.35393
1.1637,0.40572,0.35766
1.2385,0.40009,0.36248
1.3152,0.39348,0.36818
1.3938,0.38589,0.37457
1.4743,0.37734,0.38161
1.5565,0.36782,0.38921
1.5307,0.34577,0.43495
1.5074,0.32497,0.46895
1.4858,0.30476,0.49743
1.4658,0.28488,0.52313
1.4472,0.2652,0.5472
1.4298,0.24572,0.57009
1.4136,0.22639,0.59199
1.3985,0.20724,0.61294
1.3846,0.18827,0.63299
1.3716,0.16951,0.65213
1.2934,0.24416,0.66403
1.2216,0.32277,0.67337
1.1556,0.4053,0.68123
1.0951,0.4918,0.68802
1.0398,0.5823,0.69399
0.98917,0.67686,0.69918
0.94313,0.77552,0.70369
0.90141,0.87832,0.70749
0.86379,0.98532,0.71065
0.83013,1.0965,0.7131
0.7691,0.95448,0.51919
0.71127,0.82593,0.40231
0.65759,0.7116,0.31953
0.60802,0.61032,0.25629
0.56229,0.52067,0.20626
0.5201,0.44134,0.16588
0.48117,0.3712,0.133
0.44525,0.30926,0.106
0.41209,0.25467,0.08381
0.38148,0.20668,0.065493
0.40294,0.2296,0.052913
0.42502,0.25314,0.041153
0.44773,0.27718,0.031261
0.47107,0.3016,0.023876
0.49508,0.32633,0.019419
0.51976,0.35139,0.017276
0.54498,0.37711,0.012217
0.57067,0.4035,0.0032452
0.59672,0.43046,-0.0095839
0.62305,0.45788,-0.026237
0.61084,0.46469,-0.012483
0.59879,0.47229,-0.005518
0.5869,0.48043,-0.0027052
0.5752,0.489,-0.0027781
0.56367,0.4979,-0.0049239
0.55245,0.50696,-0.0064059
0.54161,0.51613,-0.0063656
0.53114,0.5254,-0.0050146
0.52106,0.5348,-0.0024852
0.51136,0.54433,0.0010691
0.49456,0.49586,-0.020275
0.48006,0.45083,-0.028311
0.46635,0.40944,-0.038131
0.45276,0.37143,-0.054654
0.43918,0.33636,-0.076847
0.42549,0.30388,-0.10415
0.41157,0.27369,-0.13614
0.3973,0.24552,-0.17257
0.38258,0.21913,-0.21314
0.36731,0.19433,-0.25772
0.36324,0.18005,-0.12556
0.3509,0.16789,-0.06445
0.3327,0.15695,-0.050337
0.31761,0.14649,-0.02285
0.30895,0.13659,0.036892
0.30655,0.12755,0.12514
0.31042,0.11961,0.23951
0.32067,0.11301,0.37826
0.33745,0.108,0.54012
0.36095,0.10479,0.72395
0.31982,0.095188,0.54503
0.28788,0.086254,0.41766
0.26147,0.077866,0.321
0.23878,0.069961,0.24465
0.21884,0.062504,0.1829
0.20107,0.055478,0.13231
0.18514,0.048872,0.090705
0.17082,0.042687,0.05664
0.15798,0.036923,0.029076
0.14653,0.031587,0.0072725
0.15143,0.036574,0.039672
0.15835,0.04221,0.077948
0.16707,0.048503,0.12088
0.17742,0.055456,0.16757
0.18925,0.063063,0.21729
0.20246,0.071318,0.2695
0.21694,0.080209,0.32374
0.23265,0.089726,0.37975
0.24951,0.099857,0.43721
0.2675,0.11059,0.49603
0.2588,0.1349,0.50046
0.25421,0.16071,0.50975
0.25328,0.18793,0.52224
0.25578,0.21648,0.53699
0.26146,0.24635,0.5531
0.27022,0.27749,0.57016
0.2819,0.30988,0.58757
0.29644,0.34349,0.60515
0.31373,0.3783,0.62248
0.33268,0.41459,0.63985
0.30643,0.39709,0.5648
0.28343,0.38108,0.50108
0.26352,0.36592,0.44501
0.24614,0.35136,0.39483
0.23086,0.33725,0.34918
0.21744,0.32351,0.30739
0.20569,0.31006,0.26877
0.19548,0.29685,0.23305
0.18673,0.28383,0.19983
0.17939,0.27099,0.16898
0.18289,0.25667,0.17327
0.18576,0.24229,0.17527
0.18818,0.22795,0.17546
0.19032,0.2137,0.17437
0.19229,0.19959,0.17223
0.1942,0.18567,0.16935
0.19611,0.17195,0.16587
0.19806,0.15846,0.16197
0.20011,0.14522,0.15771
0.20226,0.13224,0.15321
0.21081,0.16882,0.15727
0.22014,0.20919,0.15873
0.23031,0.25343,0.15758
0.2414,0.30158,0.15394
0.25346,0.35371,0.14781
0.26656,0.40986,0.13933
0.28077,0.47007,0.12852
0.29613,0.53434,0.1155
0.31268,0.6027,0.10027
0.33046,0.67515,0.082959
0.30594,0.59646,0.0568
0.2884,0.52573,0.042636
0.27553,0.46133,0.034927
0.26609,0.40226,0.03093
0.25933,0.34786,0.029084
0.25482,0.29766,0.028528
0.25225,0.25129,0.028694
0.2514,0.20846,0.029254
0.25212,0.16891,0.029954
0.25429,0.13245,0.03066
0.30438,0.16248,0.073493
0.35856,0.19571,0.12055
0.41618,0.23174,0.16997
0.47686,0.2703,0.22061
0.54035,0.31122,0.27185
0.60656,0.35438,0.32349
0.67543,0.39971,0.37557
0.74693,0.44713,0.4282
0.82101,0.49655,0.48147
0.89759,0.54784,0.53538
0.87222,0.519,0.65453
0.84196,0.48937,0.75035
0.80902,0.46029,0.83048
0.77454,0.43232,0.89894
0.73917,0.40573,0.95801
0.70328,0.38053,1.009
0.66716,0.35674,1.0527
0.63097,0.33431,1.0898
0.59491,0.31321,1.1207
0.55911,0.29337,1.146
0.49277,0.2593,0.94999
0.44379,0.2387,0.82619
0.40447,0.22505,0.74054
0.37125,0.21541,0.67746
0.34229,0.20828,0.62903
0.31649,0.2028,0.59069
0.29319,0.19849,0.55985
0.27193,0.19502,0.53465
0.25239,0.19218,0.51406
0.23431,0.18982,0.49713
0.23207,0.17888,0.49096
0.23027,0.16824,0.4843
0.22896,0.15794,0.4778
0.22817,0.148,0.47165
0.22788,0.13842,0.46616
0.2281,0.12917,0.46136
0.2288,0.12024,0.45743
0.22997,0.11159,0.45428
0.23157,0.10322,0.45205
0.2336,0.095065,0.45061
0.24283,0.085009,0.43192
0.25297,0.074329,0.40879
0.26416,0.063292,0.38312
0.27646,0.052061,0.35613
0.28991,0.040766,0.32889
0.30452,0.029471,0.30198
0.32027,0.018227,0.27599
0.33713,0.0070502,0.25119
0.35508,-0.0040444,0.22793
0.37407,-0.015063,0.20633
0.32444,0.011338,0.27301
0.27685,0.03675,0.34502
0.23106,0.061123,0.42213
0.18687,0.084406,0.50412
0.14409,0.10656,0.59097
0.10256,0.12752,0.68255
0.06215,0.14725,0.77879
0.022749,0.16566,0.87957
-0.015723,0.18272,0.98476
-0.053323,0.19834,1.0942
-0.018737,0.16517,0.91004
0.013953,0.1353,0.77684
0.046706,0.10737,0.67453
0.08049,0.080615,0.59285
0.11584,0.054579,0.52589
0.15307,0.028935,0.47017
0.1924,0.0034441,0.42335
0.23399,-0.022094,0.38396
0.27795,-0.047845,0.35092
0.32439,-0.073958,0.3235
0.32716,-0.079396,0.31955
0.33121,-0.084654,0.31027
0.33615,-0.089677,0.29757
0.34169,-0.094448,0.28293
0.34759,-0.098957,0.26731
0.35368,-0.10321,0.25142
0.35983,-0.10723,0.2357
0.36595,-0.11102,0.22047
0.37195,-0.11459,0.2059
0.37781,-0.11798,0.19208
0.39296,-0.14245,0.19771
0.4102,-0.16441,0.20261
0.42942,-0.18392,0.207
0.45057,-0.20103,0.21109
0.47356,-0.21575,0.21498
0.49828,-0.22834,0.21875
0.52324,-0.24247,0.22186
0.5479,-0.25945,0.22413
0.57222,-0.27922,0.22555
0.5962,-0.30174,0.22612
0.56223,-0.26961,0.17696
0.52534,-0.24243,0.14534
0.48766,-0.21925,0.12317
0.45021,-0.19949,0.10653
0.41351,-0.18261,0.093383
0.37875,-0.16601,0.083014
0.34647,-0.14872,0.07437
0.31687,-0.13072,0.066027
0.28975,-0.11211,0.058167
0.26494,-0.092986,0.050951
0.27072,-0.093318,0.049771
0.2766,-0.093502,0.048241
0.2826,-0.093533,0.046365
0.28868,-0.093404,0.044166
0.29486,-0.093117,0.041663
0.30111,-0.092672,0.038878
0.30741,-0.092074,0.035842
0.31377,-0.091327,0.032581
0.32016,-0.090438,0.029128
0.32658,-0.089412,0.025508
0.32006,-0.090149,0.04354
0.31609,-0.089162,0.047533
0.31252,-0.087758,0.048389
0.30772,-0.087067,0.055625
0.3021,-0.086893,0.06766
0.29596,-0.087099,0.083384
0.28951,-0.087591,0.10208
0.28291,-0.088299,0.12323
0.27628,-0.089173,0.14649
0.2697,-0.090168,0.17157
0.28516,-0.098009,0.19608
0.30118,-0.10614,0.22244
0.31781,-0.11453,0.25057
0.33513,-0.12314,0.28032
0.35317,-0.13195,0.31162
0.37202,-0.14091,0.34425
0.3917,-0.14998,0.3781
0.41228,-0.15914,0.41295
0.43379,-0.16835,0.44867
0.45628,-0.17756,0.485
0.43681,-0.13608,0.45514
0.41972,-0.093273,0.42851
0.4049,-0.049142,0.40388
0.39226,-0.0037258,0.38044
0.38169,0.042913,0.35781
0.37309,0.090728,0.3357
0.36639,0.13966,0.314
0.36152,0.18967,0.29258
0.35844,0.24072,0.27144
0.35709,0.29278,0.25049
0.31543,0.25169,0.29154
0.27853,0.21407,0.33638
0.24626,0.17967,0.3849
0.2185,0.1483,0.4369
0.19515,0.11978,0.49224
0.17614,0.094006,0.55075
0.16138,0.070853,0.61228
0.15084,0.05025,0.67666
0.14444,0.032126,0.74371
0.14214,0.016442,0.81329
0.14483,0.0090967,0.79037
0.14791,0.0025843,0.76786
0.15129,-0.0032081,0.74553
0.15493,-0.0083693,0.72334
0.15877,-0.012991,0.70115
0.16278,-0.017144,0.67901
0.16692,-0.020902,0.6568
0.17117,-0.024322,0.63461
0.17551,-0.027464,0.61235
0.17991,-0.030372,0.59012
0.19909,-0.024832,0.62637
0.21961,-0.016395,0.66001
0.24143,-0.0050582,0.69105
0.26446,0.0091883,0.71976
0.28871,0.026337,0.74613
0.3142,0.046386,0.77042
0.34093,0.069317,0.79255
0.36891,0.095113,0.81279
0.39818,0.12374,0.83104
0.42872,0.15516,0.84749
0.40683,0.16971,0.68931
0.39241,0.18407,0.56667
0.38285,0.19823,0.46666
0.37673,0.2122,0.38245
0.37325,0.226,0.30992
0.3719,0.23966,0.24664
0.37236,0.25322,0.19096
0.37441,0.26671,0.14179
0.37789,0.28017,0.098356
0.38267,0.29362,0.060081
0.43431,0.3554,0.11009
0.49003,0.42311,0.16337
0.5496,0.4967,0.21894
0.61287,0.5761,0.27647
0.67978,0.66126,0.33606
0.75027,0.75209,0.39801
0.82427,0.84849,0.46263
0.9017,0.95035,0.53024
0.98244,1.0575,0.60102
1.0664,1.1699,0.67507
1.0365,1.1828,0.54403
1.0145,1.1982,0.4499
0.99698,1.2147,0.37397
0.98254,1.2318,0.30906
0.97057,1.2494,0.252
0.96071,1.2673,0.20121
0.9527,1.2855,0.15574
0.94634,1.3039,0.11489
0.94146,1.3224,0.078184
0.93792,1.3411,0.045162
0.91698,1.3166,0.063783
0.89665,1.2935,0.07982
0.87704,1.2716,0.09489
0.85816,1.251,0.10966
0.83998,1.2314,0.12445
0.82245,1.2129,0.13939
0.80551,1.1953,0.15455
0.78913,1.1786,0.16995
0.77325,1.1626,0.18563
0.75784,1.1473,0.20159
0.75795,1.1327,0.16482
0.75992,1.1201,0.13971
0.76324,1.1089,0.12098
0.76763,1.0988,0.10617
0.77296,1.0896,0.094073
0.77912,1.0813,0.084015
0.78605,1.0737,0.075616
0.79368,1.0667,0.068616
0.80197,1.0603,0.062842
0.81088,1.0545,0.058151
0.75562,0.99587,0.11229
0.70375,0.93948,0.14639
0.65529,0.8856,0.1678
0.61011,0.83429,0.18089
0.56801,0.7855,0.18804
0.5288,0.73911,0.1907
0.49226,0.69498,0.18977
0.4582,0.65299,0.18588
0.42645,0.61302,0.17953
0.39684,0.57496,0.17115
0.36325,0.54361,0.19183
0.33248,0.51417,0.21826
0.30427,0.48638,0.24882
0.2784,0.46005,0.28264
0.25468,0.43507,0.31917
0.23295,0.41131,0.35811
0.21307,0.3887,0.39924
0.19492,0.36715,0.44246
0.17837,0.3466,0.48766
0.16334,0.32699,0.5348
0.17335,0.34699,0.55317
0.18427,0.36673,0.56754
0.19556,0.38656,0.57867
0.20653,0.40691,0.58722
0.21718,0.42783,0.59363
0.2275,0.44933,0.59834
0.23749,0.47142,0.60157
0.24714,0.49412,0.60355
0.25646,0.51744,0.60439
0.26543,0.54136,0.60422
0.25955,0.50181,0.51163
0.2516,0.46794,0.44779
0.24149,0.43856,0.4006
0.22965,0.41274,0.36395
0.22027,0.38755,0.33454
0.2143,0.36212,0.31039
0.21166,0.33625,0.29019
0.21227,0.30982,0.27305
0.21608,0.28269,0.25837
0.22305,0.25477,0.24571
0.22878,0.25391,0.32743
0.23496,0.25243,0.40761
0.24155,0.25027,0.48523
0.24855,0.2474,0.56012
0.25594,0.24387,0.6325
0.2637,0.23969,0.70283
0.27182,0.2349,0.77149
0.2803,0.22951,0.83888
0.2891,0.22355,0.90521
0.29824,0.21703,0.97066
0.28912,0.21421,0.79196
0.28097,0.21472,0.6642
0.27365,0.21737,0.56582
0.2671,0.22151,0.48629
0.26126,0.22678,0.4198
0.25611,0.23294,0.36298
0.25162,0.23984,0.3137
0.24777,0.24737,0.27053
0.24456,0.25542,0.2325
0.24197,0.26395,0.19885
0.21512,0.22937,0.18146
0.19031,0.19776,0.16178
0.16746,0.16898,0.1414
0.14648,0.14294,0.12129
0.12729,0.11948,0.10206
0.10982,0.098496,0.08409
0.09399,0.079844,0.06762
0.079729,0.063404,0.052797
0.066971,0.049054,0.039724
0.05565,0.036674,0.028456
0.061941,0.051763,0.035594
0.069467,0.068447,0.043525
0.078265,0.086753,0.052244
0.088367,0.1067,0.061723
0.099809,0.12831,0.07195
0.11262,0.15161,0.082892
0.12684,0.17661,0.09454
0.14249,0.20332,0.10687
0.1596,0.23178,0.11986
0.1782,0.26197,0.13351
0.15761,0.22169,0.13223
0.14015,0.18362,0.13176
0.12573,0.14776,0.13187
0.11429,0.1141,0.13236
0.10578,0.082616,0.13314
0.10015,0.05328,0.13417
0.097366,0.026056,0.13541
0.097404,0.0009102,0.13686
0.10026,-0.022201,0.1385
0.10595,-0.043317,0.14033
0.10532,-0.033649,0.17879
0.10566,-0.023096,0.22186
0.10701,-0.01161,0.26959
0.10938,0.00086517,0.322
0.11281,0.014381,0.37915
0.11731,0.028993,0.44107
0.12291,0.044745,0.50781
0.12962,0.061686,0.57941
0.13746,0.07985,0.65592
0.14643,0.099274,0.73741
0.17627,0.12956,0.61555
0.20868,0.16212,0.51254
0.2437,0.19704,0.42408
0.28143,0.23444,0.34749
0.32194,0.2744,0.28096
0.36531,0.31699,0.22324
0.41161,0.36228,0.17342
0.46091,0.41033,0.13076
0.51325,0.46115,0.09474
0.56866,0.51477,0.064849
0.62584,0.51816,0.073581
0.68794,0.51905,0.081817
0.75502,0.5174,0.089912
0.8271,0.51316,0.098114
0.90422,0.50628,0.10668
0.98638,0.49672,0.11573
1.0736,0.48448,0.12544
1.1658,0.46953,0.13586
1.2631,0.45186,0.14712
1.3653,0.43149,0.15923
1.2841,0.31015,0.094388
1.2112,0.20069,0.051511
1.1456,0.10177,0.022029
1.0867,0.012374,0.0026213
1.0338,-0.068353,-0.0082756
0.98641,-0.14111,-0.01164
0.94409,-0.20658,-0.014185
0.90634,-0.26537,-0.023068
0.87286,-0.31793,-0.037878
0.84338,-0.36464,-0.058296
0.8387,-0.26675,-0.017761
0.84174,-0.16384,-0.013582
0.85289,-0.054815,0.0018045
0.87199,0.060503,0.03094
0.89879,0.18208,0.070073
0.93316,0.30984,0.11713
0.97501,0.44364,0.17076
1.0242,0.58328,0.2299
1.0807,0.72849,0.29353
1.1444,0.87895,0.36064
1.1929,0.94095,0.41937
1.2433,1.0047,0.48427
1.2956,1.0702,0.5523
1.3496,1.1374,0.62139
1.4053,1.2064,0.69027
1.4627,1.2773,0.7579
1.5218,1.35,0.82361
1.5826,1.4245,0.88687
1.6449,1.5009,0.94723
1.7089,1.5792,1.0044
1.5838,1.3709,0.70546
1.4786,1.1849,0.5307
1.3869,1.0163,0.40266
1.3061,0.86249,0.30138
1.2344,0.72144,0.21924
1.1707,0.59164,0.15218
1.114,0.47184,0.097536
1.0635,0.36103,0.053331
1.0186,0.25838,0.018055
0.97888,0.16318,-0.0095328
0.94249,0.17963,0.070059
0.90935,0.19597,0.15666
0.87909,0.21214,0.24762
0.85155,0.22818,0.3429
0.82662,0.2441,0.44279
0.8042,0.25992,0.5474
0.78416,0.27564,0.65663
0.76638,0.29126,0.77028
0.75072,0.30677,0.888
0.73706,0.32214,1.0095
0.71082,0.28631,0.71661
0.69384,0.25444,0.52059
0.68213,0.22485,0.37598
0.67399,0.19682,0.26393
0.66862,0.16996,0.17514
0.66559,0.14405,0.10453
0.6646,0.11896,0.048917
0.66545,0.094582,0.0061641
0.66797,0.070833,-0.025343
0.67202,0.047635,-0.046837
0.65175,0.1178,-0.038832
0.63544,0.18575,-0.034368
0.62301,0.25158,-0.032778
0.61443,0.3154,-0.033259
0.60963,0.37732,-0.03519
0.60856,0.43742,-0.038124
0.61117,0.49576,-0.041764
0.61742,0.55241,-0.045899
0.62724,0.60742,-0.050394
0.64061,0.66081,-0.055141
0.62929,0.61759,-0.029215
0.62082,0.575,0.0019965
0.61501,0.53289,0.038153
0.61174,0.49114,0.079031
0.61088,0.44964,0.12448
0.61232,0.40829,0.17436
0.61598,0.36701,0.22855
0.62177,0.32573,0.28697
0.62963,0.28438,0.34951
0.63948,0.2429,0.41607
0.58428,0.20061,0.38236
0.53303,0.16216,0.34938
0.48547,0.12729,0.31712
0.44139,0.09575,0.2857
0.40061,0.067334,0.25526
0.36296,0.04185,0.22595
0.32828,0.019133,0.19791
0.29643,-0.0009739,0.1713
0.26729,-0.01861,0.14622
0.24073,-0.033909,0.1228
0.22831,-0.010776,0.097725
0.21792,0.011525,0.077746
0.20937,0.033032,0.061445
0.20251,0.053781,0.047908
0.19724,0.073815,0.036531
0.19348,0.093168,0.026896
0.19115,0.11188,0.018713
0.1902,0.12997,0.011766
0.19058,0.14748,0.0058987
0.19228,0.16443,0.00099081
0.20131,0.1698,0.019149
0.21086,0.17538,0.043703
0.22091,0.18118,0.073922
0.23142,0.18716,0.10926
0.24237,0.1933,0.14932
0.25373,0.19959,0.19382
0.26547,0.20599,0.24253
0.27755,0.21248,0.29531
0.28995,0.21903,0.35206
0.30264,0.2256,0.41269
0.34187,0.23363,0.38218
0.38511,0.24032,0.35441
0.4324,0.24561,0.32875
0.4838,0.2494,0.30477
0.53936,0.25161,0.28214
0.59912,0.25214,0.26067
0.66311,0.25094,0.24019
0.73135,0.24791,0.22063
0.80384,0.24299,0.20192
0.88058,0.23612,0.184
0.88745,0.14505,0.24263
0.89998,0.054362,0.2952
0.91801,-0.0362,0.34366
0.94139,-0.12688,0.38933
0.96996,-0.21788,0.433
1.0036,-0.30941,0.47505
1.0422,-0.40165,0.51561
1.0856,-0.49475,0.55469
1.1337,-0.58885,0.59219
1.1865,-0.6841,0.62793
1.0966,-0.62458,0.60632
1.0108,-0.56854,0.6022
0.92885,-0.51579,0.60597
0.8508,-0.46623,0.61392
0.77655,-0.4197,0.6245
0.70607,-0.37611,0.63701
0.63932,-0.33534,0.65109
0.57628,-0.29732,0.66658
0.5169,-0.26194,0.68334
0.46117,-0.22915,0.70132
0.51053,-0.25794,0.53363
0.56201,-0.28797,0.40864
0.61574,-0.31944,0.31096
0.67182,-0.35253,0.23233
0.73033,-0.38733,0.16794
0.79132,-0.42395,0.11478
0.85484,-0.46245,0.07093
0.92089,-0.5029,0.034982
0.98946,-0.54533,0.0059214
1.0605,-0.58977,-0.017135
1.0593,-0.63601,-0.0016451
1.0608,-0.68139,0.010501
1.0649,-0.72604,0.020074
1.0715,-0.77008,0.027994
1.0804,-0.81363,0.034946
1.0917,-0.85677,0.041277
1.1052,-0.89961,0.047221
1.1208,-0.94221,0.052841
1.1385,-0.98465,0.058213
1.1581,-1.027,0.063309
1.1736,-1.0258,0.069854
1.1893,-1.0239,0.07698
1.2052,-1.0211,0.084482
1.2213,-1.0176,0.092195
1.2376,-1.0133,0.10009
1.2541,-1.0082,0.10809
1.2707,-1.0024,0.11622
1.2875,-0.99594,0.12442
1.3044,-0.98874,0.13273
1.3214,-0.98085,0.1411
1.3291,-0.95425,0.13489
1.3371,-0.92687,0.12473
1.3453,-0.89885,0.11263
1.3538,-0.87024,0.099503
1.3626,-0.84109,0.085815
1.3718,-0.81143,0.071789
1.3812,-0.7813,0.057614
1.3909,-0.75071,0.043384
1.4008,-0.7197,0.029224
1.4111,-0.68826,0.015199
1.5024,-0.74728,-0.005162
1.5966,-0.80883,-0.023413
1.6937,-0.87284,-0.041049
1.7935,-0.93928,-0.058776
1.896,-1.0082,-0.076854
2.0012,-1.0795,-0.095457
2.1091,-1.1532,-0.1146
2.2197,-1.2294,-0.13439
2.3329,-1.3081,-0.1548
2.4487,-1.3892,-0.17594
2.3206,-1.3589,-0.20465
2.2,-1.3291,-0.21987
2.0859,-1.2992,-0.22906
1.9775,-1.2692,-0.23427
1.8745,-1.2391,-0.23626
1.7765,-1.209,-0.23561
1.6831,-1.1789,-0.23266
1.594,-1.1488,-0.22773
1.509,-1.1185,-0.22224
1.4276,-1.0881,-0.2183
1.3624,-1.0013,-0.20619
1.3014,-0.91916,-0.19649
1.2445,-0.84153,-0.18586
1.1915,-0.76811,-0.17393
1.1422,-0.6986,-0.16071
1.0962,-0.63274,-0.14619
1.0533,-0.57029,-0.13038
1.0134,-0.51104,-0.11321
0.97634,-0.4548,-0.094719
0.94189,-0.40137,-0.07487
0.94597,-0.39987,-0.06857
0.94963,-0.39837,-0.061292
0.95286,-0.39686,-0.053116
0.95569,-0.39535,-0.043956
0.95811,-0.39382,-0.033878
0.96015,-0.39229,-0.02287
0.96181,-0.39074,-0.010985
0.96309,-0.38919,0.0017842
0.96402,-0.38761,0.015355
0.9646,-0.38601,0.029741
0.97979,-0.36837,0.040004
0.99506,-0.3496,0.044678
1.0107,-0.3299,0.045928
1.0268,-0.30937,0.045027
1.0435,-0.28807,0.042642
1.0609,-0.26603,0.039189
1.0789,-0.24327,0.034873
1.0977,-0.21981,0.029865
1.1172,-0.19565,0.024248
1.1375,-0.1708,0.018127
1.1007,-0.1011,0.023772
1.0668,-0.03656,0.034598
1.0353,0.023343,0.047722
1.0059,0.078971,0.06194
0.97858,0.1306,0.076705
0.95308,0.17847,0.091798
0.92935,0.22278,0.10711
0.90727,0.26373,0.12262
0.88678,0.30147,0.13833
0.86779,0.33616,0.15426
0.8758,0.22633,0.20478
0.89193,0.11222,0.24816
0.91619,-0.0065021,0.28664
0.94855,-0.13011,0.32191
0.98901,-0.25883,0.35498
1.0375,-0.39286,0.38652
1.094,-0.53233,0.41682
1.1584,-0.67736,0.44607
1.2307,-0.82802,0.47423
1.3108,-0.98436,0.50133
1.3491,-1.0137,0.47286
1.3892,-1.0434,0.46102
1.4305,-1.073,0.45627
1.4725,-1.1025,0.45484
1.5152,-1.1316,0.45512
1.5585,-1.1604,0.45644
1.6024,-1.1889,0.45849
1.6469,-1.217,0.4611
1.6919,-1.2448,0.46415
1.7375,-1.2721,0.4674
1.7364,-1.2929,0.46518
1.7359,-1.3153,0.46233
1.7361,-1.3393,0.45924
1.7368,-1.3647,0.4558
1.7382,-1.3916,0.45213
1.7402,-1.4197,0.44816
1.7428,-1.4491,0.44393
1.7461,-1.4796,0.43936
1.7501,-1.5112,0.43451
1.7547,-1.5438,0.4294
1.6312,-1.4564,0.40577
1.5165,-1.374,0.37911
1.4099,-1.2961,0.35185
1.3106,-1.2225,0.3247
1.2181,-1.1528,0.29802
1.1318,-1.0867,0.27197
1.0511,-1.024,0.2467
0.97567,-0.96441,0.22229
0.90503,-0.90779,0.19885
0.83885,-0.85393,0.17643
0.85978,-0.8614,0.19713
0.88049,-0.86918,0.21321
0.90108,-0.87732,0.22636
0.92155,-0.88591,0.23764
0.9419,-0.89497,0.24758
0.96212,-0.90455,0.2565
0.98219,-0.91468,0.26451
1.0021,-0.92539,0.2717
1.0219,-0.93669,0.27808
1.0415,-0.9486,0.28368
1.0339,-0.93934,0.41841
1.026,-0.93008,0.54391
1.0182,-0.92095,0.66506
1.0107,-0.91209,0.7846
1.0035,-0.90353,0.90367
0.99658,-0.8953,1.0227
0.99,-0.8874,1.1413
0.98366,-0.87982,1.2595
0.97752,-0.87253,1.3767
0.97154,-0.8655,1.4927
0.95002,-0.85413,1.5838
0.9278,-0.84212,1.6611
0.90529,-0.82967,1.7292
0.88265,-0.81689,1.7904
0.85996,-0.80381,1.8456
0.83729,-0.79044,1.8955
0.81465,-0.77678,1.9402
0.79209,-0.76283,1.9805
0.76963,-0.74858,2.0162
0.74728,-0.73403,2.048
0.72155,-0.67567,1.8627
0.70322,-0.62501,1.7659
0.68875,-0.57854,1.7094
0.67671,-0.53477,1.6749
0.66642,-0.49315,1.6543
0.6575,-0.45333,1.6438
0.64974,-0.4152,1.6411
0.64296,-0.37862,1.6452
0.63707,-0.34362,1.655
0.63194,-0.31009,1.6702
0.60278,-0.32481,1.6512
0.5759,-0.33737,1.6253
0.55136,-0.34839,1.5973
0.52902,-0.35818,1.5698
0.50871,-0.367,1.5434
0.49024,-0.37495,1.5187
0.47345,-0.38221,1.4955
0.45817,-0.38881,1.4739
0.44426,-0.39486,1.4537
0.43159,-0.40042,1.4349
0.38833,-0.34559,1.1298
0.35101,-0.29867,0.90865
0.31775,-0.25714,0.73626
0.28768,-0.21982,0.59657
0.26031,-0.18606,0.48099
0.23532,-0.15545,0.38431
0.21249,-0.12769,0.30314
0.19166,-0.10257,0.23499
0.17268,-0.079923,0.17807
0.15546,-0.059593,0.1309
0.15857,-0.065532,0.13648
0.1617,-0.071461,0.13965
0.16488,-0.077418,0.14084
0.16813,-0.083432,0.14039
0.17149,-0.089535,0.13868
0.17496,-0.095747,0.13598
0.17857,-0.10209,0.13257
0.18231,-0.10859,0.12861
0.18621,-0.11524,0.12431
0.19026,-0.12207,0.11975
0.18054,-0.13479,0.15048
0.17182,-0.14655,0.18218
0.16411,-0.15735,0.21486
0.15739,-0.16721,0.24844
0.15166,-0.17617,0.28297
0.1469,-0.18422,0.31842
0.14313,-0.19139,0.35485
0.14033,-0.19767,0.39225
0.1385,-0.20308,0.43065
0.13765,-0.20761,0.47002
0.1361,-0.19485,0.35389
0.13862,-0.18108,0.26612
0.14484,-0.16614,0.19788
0.15449,-0.14991,0.14407
0.16739,-0.13228,0.10164
0.18343,-0.11312,0.068571
0.20254,-0.09234,0.043534
0.2247,-0.069819,0.02556
0.2499,-0.045451,0.013964
0.27818,-0.019139,0.0081889
0.28577,-0.0231,0.0089305
0.29351,-0.027177,0.0095642
0.3014,-0.03137,0.010137
0.30944,-0.035674,0.01063
0.31761,-0.04009,0.011072
0.32593,-0.044612,0.011445
0.33439,-0.04924,0.011768
0.34297,-0.05397,0.012015
0.35169,-0.058798,0.012204
0.36052,-0.063718,0.012322
0.36779,-0.12129,0.0159
0.37869,-0.18254,0.020842
0.39332,-0.24762,0.02656
0.41175,-0.31668,0.032709
0.43406,-0.38985,0.039122
0.4603,-0.46727,0.045656
0.49053,-0.54905,0.052257
0.52481,-0.6353,0.058799
0.56316,-0.7261,0.065242
0.60561,-0.82153,0.071471
0.57206,-0.75963,0.049109
0.54056,-0.70066,0.035369
0.51102,-0.64454,0.026043
0.48336,-0.59117,0.019263
0.45748,-0.54041,0.01416
0.43331,-0.49216,0.010243
0.41075,-0.4463,0.0072469
0.38974,-0.40274,0.0046305
0.3702,-0.36137,0.0019595
0.35206,-0.32211,-0.0007017
0.37038,-0.31899,-0.0022626
0.38958,-0.31536,-0.0038896
0.40966,-0.31123,-0.0055724
0.43059,-0.3066,-0.0073163
0.45235,-0.30148,-0.0091182
0.47494,-0.29588,-0.010989
0.49833,-0.2898,-0.012933
0.52251,-0.28326,-0.014965
0.54745,-0.27625,-0.017086
0.57315,-0.2688,-0.019154
0.58975,-0.26748,-0.019677
0.60671,-0.26614,-0.019311
0.62402,-0.26479,-0.018588
0.64168,-0.26342,-0.017719
0.6597,-0.26204,-0.016768
0.67806,-0.26065,-0.015763
0.69678,-0.25927,-0.014702
0.71586,-0.2579,-0.013595
0.7353,-0.25655,-0.012442
0.7551,-0.25521,-0.011259
0.77211,-0.22099,0.043173
0.7904,-0.18766,0.11282
0.80977,-0.15506,0.19232
0.83012,-0.12308,0.27932
0.85138,-0.091646,0.37256
0.8735,-0.060714,0.47117
0.89643,-0.030237,0.57429
0.92011,-0.00015331,0.68112
0.94448,0.02955,0.79074
0.96949,0.058921,0.90235
0.94031,0.07261,0.86555
0.91363,0.08525,0.8395
0.88889,0.097123,0.81672
0.86578,0.10839,0.79427
0.8441,0.11909,0.77084
0.8237,0.12927,0.74611
0.80446,0.13894,0.71995
0.78628,0.1481,0.69254
0.76906,0.15677,0.66397
0.75273,0.16496,0.63451
0.6812,0.093541,0.62442
0.61925,0.026363,0.62636
0.56564,-0.03696,0.63497
0.51947,-0.096771,0.64769
0.48004,-0.1534,0.66308
0.44681,-0.20713,0.6804
0.41931,-0.25822,0.69912
0.39713,-0.3069,0.71902
0.38,-0.35337,0.73982
0.36766,-0.39782,0.76142
0.3934,-0.39153,0.69144
0.42207,-0.38438,0.62885
0.45347,-0.37636,0.57164
0.48745,-0.36753,0.51868
0.5239,-0.3579,0.46921
0.56272,-0.34752,0.42282
0.60383,-0.3364,0.37918
0.64716,-0.32458,0.33811
0.69264,-0.31208,0.29945
0.7402,-0.29893,0.26309
0.68245,-0.26894,0.22923
0.6297,-0.23967,0.2077
0.58123,-0.21124,0.19318
0.53657,-0.1838,0.18306
0.49534,-0.15743,0.17598
0.45726,-0.13224,0.17116
0.42207,-0.10831,0.16812
0.38958,-0.085687,0.16653
0.35961,-0.064448,0.16617
0.332,-0.044642,0.16687
0.38492,-0.050582,0.15498
0.44245,-0.056646,0.14302
0.50461,-0.062827,0.13112
0.57141,-0.06913,0.11942
0.64286,-0.075577,0.10801
0.71891,-0.0822,0.096996
0.79952,-0.089046,0.086434
0.88462,-0.096169,0.076366
0.97412,-0.10363,0.066827
1.0679,-0.1115,0.057811
1.0621,-0.13517,0.061795
1.0565,-0.15911,0.066211
1.0513,-0.18332,0.071059
1.0462,-0.20781,0.076198
1.0415,-0.23257,0.081681
1.037,-0.25762,0.087476
1.0328,-0.28296,0.093648
1.0288,-0.3086,0.10021
1.0251,-0.33453,0.10721
1.0216,-0.36076,0.11462
0.97539,-0.3262,0.23424
0.93099,-0.29375,0.34962
0.88832,-0.26331,0.46108
0.84739,-0.23481,0.57019
0.80819,-0.20818,0.67793
0.77068,-0.18334,0.78465
0.73482,-0.16023,0.89026
0.70057,-0.13878,0.99457
0.66786,-0.11892,1.0972
0.63664,-0.10059,1.1979
0.67135,-0.08084,1.062
0.70897,-0.060533,0.96937
0.74873,-0.039617,0.89886
0.79029,-0.018072,0.84068
0.83344,0.0041076,0.78979
0.8781,0.026927,0.74369
0.92419,0.050373,0.70094
0.97169,0.074476,0.6608
1.0206,0.099192,0.62279
1.0708,0.12451,0.58665
1.049,0.098406,0.54763
1.028,0.073274,0.50887
1.0079,0.049044,0.47132
0.98861,0.025674,0.43534
0.97004,0.0031133,0.40105
0.95214,-0.018674,0.36844
0.93484,-0.039729,0.33749
0.91811,-0.060082,0.30814
0.90188,-0.079766,0.28032
0.88612,-0.098807,0.25397
0.91533,-0.15618,0.19843
0.94663,-0.21741,0.15622
0.97974,-0.28249,0.12212
1.0145,-0.35139,0.093399
1.0508,-0.42407,0.068578
1.0886,-0.50052,0.046767
1.1278,-0.58066,0.027451
1.1684,-0.66445,0.010169
1.2104,-0.75182,-0.0053405
1.2535,-0.8427,-0.019376
1.2327,-0.839,0.0088119
1.2123,-0.83552,0.026652
1.1927,-0.83226,0.038373
1.1738,-0.82923,0.046307
1.1557,-0.82642,0.05165
1.1383,-0.82383,0.054916
1.1216,-0.82145,0.056438
1.1055,-0.81926,0.056372
1.09,-0.81726,0.054904
1.0751,-0.81543,0.052141
1.0259,-0.69776,0.061475
0.98133,-0.59092,0.07707
0.94088,-0.49386,0.096078
0.90408,-0.40571,0.11735
0.87061,-0.32571,0.14044
0.84019,-0.2532,0.16512
0.81257,-0.1876,0.1913
0.78754,-0.12838,0.21895
0.76491,-0.075096,0.24804
0.74449,-0.027344,0.2786
0.69216,-0.07081,0.20704
0.64592,-0.11189,0.15307
0.60472,-0.15083,0.11034
0.56782,-0.18786,0.075607
0.53469,-0.22317,0.047078
0.50491,-0.25695,0.023662
0.47813,-0.28934,0.00464
0.45408,-0.3205,-0.010491
0.43251,-0.35055,-0.022113
0.41322,-0.37959,-0.030509
0.39973,-0.38833,-0.023085
0.38696,-0.39695,-0.013893
0.3749,-0.40544,-0.0028983
0.36352,-0.41381,0.0099715
0.35282,-0.42207,0.02479
0.34277,-0.43022,0.041639
0.33337,-0.43827,0.060586
0.32459,-0.44621,0.081711
0.31643,-0.45406,0.10509
0.30887,-0.46181,0.1308
0.34523,-0.48556,0.1095
0.38498,-0.50979,0.091084
0.42804,-0.53451,0.07486
0.47436,-0.55974,0.06037
0.52389,-0.58548,0.047288
0.57655,-0.61176,0.035392
0.63227,-0.63859,0.024524
0.69093,-0.66598,0.014562
0.75246,-0.69395,0.0054261
0.81672,-0.7225,-0.0029888
0.89857,-0.71735,0.0039103
0.98508,-0.7107,0.0074778
1.0761,-0.70264,0.0090472
1.1714,-0.69326,0.0094717
1.2709,-0.68266,0.0092731
1.3743,-0.67089,0.0087056
1.4814,-0.65804,0.0079184
1.592,-0.64417,0.006938
1.7059,-0.62933,0.0057977
1.8229,-0.61358,0.0044344
1.8362,-0.62177,0.13132
1.8502,-0.63025,0.25692
1.865,-0.63907,0.38207
1.8806,-0.6483,0.50792
1.8971,-0.65793,0.63382
1.9145,-0.66793,0.75813
1.9327,-0.67825,0.87908
1.9517,-0.68886,0.99517
1.9715,-0.69973,1.1051
1.992,-0.71084,1.2078
1.9219,-0.71405,1.1244
1.8596,-0.7198,1.1029
1.8027,-0.72643,1.0968
1.7502,-0.7336,1.0958
1.7017,-0.74122,1.0973
1.6566,-0.7493,1.1004
1.6146,-0.7578,1.1047
1.5755,-0.76675,1.1102
1.5388,-0.77613,1.1166
1.5046,-0.78595,1.1241
1.5054,-0.75668,0.91879
1.5084,-0.7288,0.79684
1.5117,-0.70067,0.70835
1.515,-0.67191,0.63821
1.518,-0.64243,0.58066
1.5206,-0.61228,0.53289
1.5231,-0.58149,0.49321
1.5252,-0.55015,0.46037
1.5272,-0.51833,0.43344
1.529,-0.48611,0.41164
1.6865,-0.41264,0.38638
1.8506,-0.33698,0.35292
2.0211,-0.25968,0.31679
2.1974,-0.1811,0.28007
2.3792,-0.10149,0.24348
2.5658,-0.02108,0.20714
2.7569,0.059912,0.17106
2.9519,0.1413,0.13502
3.1505,0.2229,0.098963
3.3522,0.30456,0.062639
3.1365,0.29473,0.065217
2.9442,0.29006,0.055264
2.7721,0.28893,0.042098
2.6171,0.29039,0.027377
2.4766,0.29371,0.011818
2.3487,0.29831,-0.0042848
2.2316,0.30376,-0.020557
2.1239,0.30969,-0.036818
2.0246,0.31581,-0.05279
1.9326,0.32188,-0.068345
1.9253,0.25161,-0.047103
1.9206,0.17688,-0.029184
1.9185,0.09765,-0.012717
1.9189,0.013937,0.0030241
1.9217,-0.074236,0.018378
1.9268,-0.16683,0.033417
1.934,-0.26382,0.048191
1.9433,-0.36515,0.062678
1.9546,-0.47079,0.076885
1.9677,-0.5807,0.090797
1.9435,-0.60193,0.049825
1.9198,-0.62351,0.016688
1.8959,-0.64528,-0.012954
1.8717,-0.66716,-0.040346
1.8474,-0.68912,-0.065877
1.8228,-0.71115,-0.089678
1.7982,-0.73323,-0.11182
1.7735,-0.75533,-0.13232
1.7488,-0.77743,-0.15123
1.7241,-0.79953,-0.16852
1.6956,-0.63959,-0.11219
1.6692,-0.4939,-0.059559
1.6455,-0.36167,-0.007231
1.6245,-0.24212,0.045993
1.6062,-0.13458,0.10042
1.5905,-0.038428,0.15619
1.5773,0.046876,0.21324
1.5664,0.12181,0.27153
1.5579,0.1868,0.33093
1.5515,0.24223,0.39147
1.6067,0.22894,0.2934
1.6683,0.21256,0.22359
1.7336,0.19322,0.16777
1.8015,0.17098,0.11997
1.8715,0.14584,0.077442
1.9433,0.11781,0.038956
2.0167,0.086885,0.0038385
2.0916,0.053056,-0.028257
2.1679,0.01631,-0.057606
2.2456,-0.023363,-0.084388
2.1962,0.0095091,0.04122
2.1451,0.041334,0.13926
2.0949,0.072006,0.22624
2.0464,0.10143,0.30795
1.9997,0.1295,0.38618
1.9549,0.15615,0.46149
1.9116,0.18129,0.53397
1.8699,0.20484,0.60373
1.8295,0.22675,0.67071
1.7905,0.24695,0.73507
1.6728,0.20747,0.58946
1.5681,0.16967,0.48618
1.4721,0.13315,0.40238
1.3829,0.097701,0.3304
1.2996,0.06318,0.26712
1.2217,0.029484,0.21112
1.1486,-0.00347,0.16153
1.0801,-0.035754,0.11785
1.0157,-0.067427,0.079633
0.95523,-0.098541,0.046575
0.94175,-0.12448,0.0065799
0.93066,-0.15057,-0.016741
0.92089,-0.17696,-0.031092
0.91193,-0.20371,-0.040116
0.90352,-0.23086,-0.045696
0.89551,-0.25842,-0.048885
0.88783,-0.28639,-0.050309
0.88042,-0.31478,-0.050355
0.87324,-0.34358,-0.049287
0.86628,-0.37281,-0.047266
0.87481,-0.31346,0.0035116
0.88378,-0.2577,0.051865
0.89294,-0.20545,0.09549
0.90234,-0.15659,0.13499
0.91207,-0.11098,0.17124
0.92218,-0.068506,0.20483
0.9327,-0.029055,0.23611
0.94364,0.0074643,0.26524
0.95499,0.041146,0.29225
0.96675,0.072068,0.31717
1.0079,0.065408,0.28435
1.0513,0.058449,0.26669
1.0963,0.051029,0.25733
1.1424,0.043058,0.25272
1.1896,0.034488,0.25092
1.2377,0.025287,0.25087
1.2866,0.015437,0.25201
1.3364,0.0049218,0.25402
1.387,-0.006269,0.25673
1.4384,-0.018146,0.26004
1.3401,-0.01723,0.19782
1.2508,-0.015892,0.16145
1.169,-0.014363,0.1372
1.0934,-0.012752,0.1197
1.0233,-0.011121,0.10647
0.95813,-0.0095094,0.096205
0.89738,-0.0079439,0.088129
0.84062,-0.0064429,0.08171
0.7875,-0.0050188,0.076604
0.73771,-0.0036802,0.072529
0.65989,-0.01403,0.094058
0.58894,-0.022261,0.10938
0.52432,-0.028595,0.12041
0.46548,-0.033241,0.12845
0.41196,-0.036398,0.13437
0.36331,-0.038248,0.13872
0.31913,-0.038963,0.14186
0.27909,-0.038699,0.14404
0.24284,-0.037607,0.14542
0.21011,-0.035821,0.14613
0.19897,-0.036514,0.14565
0.18838,-0.036882,0.14494
0.1783,-0.036948,0.14401
0.16871,-0.036732,0.14289
0.15958,-0.03626,0.14158
0.1509,-0.035552,0.14011
0.14263,-0.03463,0.13847
0.13477,-0.033512,0.13669
0.12728,-0.032219,0.13477
0.12016,-0.030767,0.13273
0.12875,-0.036405,0.15003
0.13781,-0.042389,0.16813
0.14734,-0.048721,0.18701
0.15731,-0.055402,0.20666
0.16772,-0.062435,0.22707
0.17853,-0.069823,0.24824
0.18973,-0.077571,0.27017
0.20127,-0.085683,0.29285
0.21316,-0.094167,0.31628
0.22535,-0.10303,0.34046
0.20343,-0.10821,0.34135
0.18309,-0.11297,0.34556
0.16419,-0.11734,0.35214
0.14664,-0.12133,0.36052
0.13037,-0.12499,0.37028
0.11529,-0.12833,0.38118
0.10134,-0.13138,0.39301
0.088478,-0.13416,0.40567
0.07665,-0.13669,0.41906
0.065827,-0.139,0.43312
0.078149,-0.14643,0.36776
0.09137,-0.15391,0.30924
0.10542,-0.16146,0.25689
0.12026,-0.16907,0.21025
0.13584,-0.17678,0.16895
0.15216,-0.1846,0.13272
0.16916,-0.19254,0.10134
0.18684,-0.20062,0.074646
0.20518,-0.20885,0.052499
0.22419,-0.21726,0.034761
0.2297,-0.21972,0.030665
0.23517,-0.22219,0.026594
0.24061,-0.22464,0.022667
0.246,-0.2271,0.018951
0.25134,-0.22955,0.015508
0.25662,-0.23199,0.012363
0.26185,-0.23443,0.0095469
0.26703,-0.23686,0.0070652
0.27214,-0.23929,0.0049323
0.2772,-0.2417,0.0031451
0.25848,-0.26839,0.0027436
0.24139,-0.29566,0.0024057
0.22582,-0.32355,0.0021308
0.21165,-0.35209,0.00191
0.1988,-0.38129,0.0017447
0.18718,-0.41117,0.0016271
0.17673,-0.44176,0.0015586
0.16739,-0.47307,0.0015311
0.15911,-0.50511,0.0015455
0.15184,-0.5379,0.0015936
0.1302,-0.56685,-0.00074847
0.11367,-0.59576,-0.0025392
0.10216,-0.62463,-0.0039991
0.095588,-0.65348,-0.0052734
0.093893,-0.68229,-0.0064519
0.095903,-0.71123,-0.0075764
0.09445,-0.74127,-0.0085715
0.088297,-0.77254,-0.0094413
0.077469,-0.80502,-0.010203
0.061986,-0.83868,-0.010882
0.051093,-0.79574,0.0035898
0.04034,-0.75395,0.030467
0.029624,-0.7133,0.064616
0.018892,-0.6738,0.10366
0.0081107,-0.63546,0.14638
-0.002748,-0.59832,0.19209
-0.013703,-0.56239,0.24029
-0.024779,-0.5277,0.29064
-0.035991,-0.49426,0.34281
-0.047366,-0.4621,0.39654
-0.050739,-0.43897,0.4897
-0.054302,-0.41697,0.5874
-0.058088,-0.39607,0.6893
-0.062196,-0.37625,0.79518
-0.066665,-0.35747,0.90465
-0.07156,-0.33973,1.0175
-0.076909,-0.323,1.1333
-0.082764,-0.30728,1.2517
-0.089138,-0.29255,1.3723
-0.096067,-0.27878,1.4949
-0.098491,-0.30308,1.4048
-0.10059,-0.32866,1.3236
-0.10234,-0.3554,1.2474
-0.10373,-0.38327,1.1741
-0.10475,-0.41224,1.1027
-0.1054,-0.44228,1.0328
-0.10565,-0.47339,0.96401
-0.10553,-0.50557,0.89637
-0.10503,-0.53882,0.82986
-0.10417,-0.57315,0.76466
-0.078327,-0.60413,0.71101
-0.055556,-0.63671,0.68119
-0.035415,-0.67066,0.66545
-0.017593,-0.70584,0.65864
-0.0018876,-0.74219,0.65786
0.011942,-0.77965,0.66142
0.023982,-0.81819,0.66831
0.034348,-0.8578,0.67795
0.043096,-0.89846,0.68998
0.050313,-0.94014,0.7042
0.046141,-0.91338,0.72919
0.042771,-0.88673,0.73725
0.039895,-0.86045,0.73567
0.037364,-0.83468,0.72861
0.035058,-0.80948,0.71831
0.032941,-0.78487,0.70605
0.030949,-0.76085,0.69253
0.029102,-0.73742,0.67818
0.027348,-0.71457,0.66322
0.025666,-0.69227,0.64784
0.033429,-0.69553,0.56833
0.038623,-0.70017,0.51573
0.041663,-0.70569,0.47893
0.043519,-0.7118,0.45214
0.046574,-0.71817,0.43219
0.051035,-0.72472,0.41717
0.056908,-0.7314,0.40592
0.064203,-0.73819,0.39769
0.072914,-0.74506,0.392
0.083041,-0.752,0.38852
0.11297,-0.80746,0.37322
0.15004,-0.86463,0.34874
0.19412,-0.92368,0.31873
0.24515,-0.98479,0.28567
0.30303,-1.048,0.25124
0.36771,-1.1135,0.21644
0.43911,-1.1812,0.18194
0.51713,-1.2513,0.14806
0.60168,-1.3235,0.11506
0.69262,-1.3981,0.083017
0.57047,-1.3421,0.067342
0.4665,-1.2886,0.06048
0.37811,-1.2371,0.057611
0.30326,-1.1874,0.056876
0.24033,-1.1393,0.057535
0.18796,-1.0928,0.059154
0.14506,-1.0478,0.061534
0.1107,-1.0041,0.064495
0.084106,-0.96169,0.067956
0.064616,-0.9205,0.071816
0.065753,-0.9382,0.10522
0.066748,-0.95573,0.13273
0.067609,-0.97317,0.15553
0.068347,-0.99057,0.17474
0.068979,-1.008,0.19122
0.069516,-1.0255,0.20552
0.069977,-1.043,0.21801
0.070366,-1.0607,0.2289
0.070692,-1.0784,0.23833
0.070955,-1.0963,0.24634
0.068062,-1.1048,0.27872
0.065359,-1.113,0.31087
0.062827,-1.1211,0.34277
0.060437,-1.129,0.37438
0.058173,-1.1366,0.40562
0.056009,-1.144,0.43642
0.053935,-1.1513,0.46673
0.051927,-1.1582,0.49648
0.049979,-1.165,0.52561
0.04807,-1.1715,0.5541
0.049549,-1.1146,0.64486
0.053012,-1.06,0.72797
0.058315,-1.0077,0.80652
0.065285,-0.95779,0.88227
0.073784,-0.91017,0.95599
0.083638,-0.86477,1.0282
0.094741,-0.82149,1.099
0.10693,-0.78023,1.1685
0.12013,-0.74092,1.2367
0.13426,-0.70345,1.3036
0.13328,-0.70707,0.92368
0.13342,-0.72105,0.67544
0.13416,-0.74078,0.49584
0.13528,-0.76435,0.35858
0.13663,-0.79081,0.25052
0.13811,-0.81964,0.16439
0.13965,-0.85052,0.09567
0.1412,-0.88325,0.041291
0.14269,-0.91767,-0.00096213
0.1441,-0.95366,-0.032835
0.11657,-0.98036,-0.03798
0.09213,-1.0066,-0.045679
0.070694,-1.0326,-0.054069
0.052203,-1.0584,-0.062152
0.03661,-1.0841,-0.069422
0.023868,-1.1098,-0.075689
0.01395,-1.1354,-0.080903
0.0068195,-1.1609,-0.085108
0.0024521,-1.1865,-0.088375
0.00050612,-1.212,-0.090805
-0.00017713,-1.214,-0.083775
0.0010434,-1.2164,-0.06935
0.0044683,-1.2191,-0.049734
0.010068,-1.2222,-0.025843
0.017812,-1.2255,0.0019307
0.027672,-1.229,0.033341
0.039623,-1.2328,0.068244
0.05364,-1.2368,0.10647
0.069703,-1.241,0.1479
0.087788,-1.2454,0.19237
0.084028,-1.2522,0.16585
0.080625,-1.2597,0.14598
0.077552,-1.2677,0.12963
0.074782,-1.2759,0.11526
0.072289,-1.2844,0.10215
0.07005,-1.2932,0.089897
0.068047,-1.3021,0.078317
0.066261,-1.3113,0.067282
0.064679,-1.3206,0.056737
0.063288,-1.33,0.046625
0.06299,-1.2596,0.050587
0.062585,-1.1938,0.057615
0.062077,-1.1322,0.066369
0.061471,-1.0743,0.076217
0.060775,-1.0199,0.086876
0.059996,-0.96871,0.098197
0.059145,-0.92049,0.11012
0.058227,-0.87502,0.1226
0.057253,-0.83211,0.13564
0.056227,-0.79159,0.14924
0.056584,-0.74485,0.16464
0.056805,-0.69968,0.17103
0.056921,-0.65624,0.17141
0.05695,-0.61458,0.16778
0.056908,-0.57475,0.16137
0.056804,-0.53671,0.15304
0.056646,-0.50044,0.14336
0.056438,-0.46589,0.13273
0.056185,-0.43302,0.12149
0.05589,-0.40177,0.10987
0.050521,-0.35883,0.090564
0.045796,-0.31998,0.078727
0.041618,-0.28469,0.071378
0.037912,-0.25259,0.06688
0.034616,-0.22339,0.064285
0.03168,-0.19685,0.063014
0.02906,-0.17275,0.062705
0.02672,-0.15091,0.06312
0.024625,-0.13117,0.064104
0.022748,-0.11338,0.06555
0.031184,-0.1074,0.062677
0.040633,-0.10156,0.05786
0.051085,-0.095902,0.051621
0.062531,-0.090454,0.04445
0.074968,-0.085248,0.036797
0.0884,-0.080309,0.029055
0.10283,-0.075659,0.021574
0.11828,-0.071317,0.014646
0.13476,-0.067298,0.0085306
0.15229,-0.063616,0.00344
0.1416,-0.064977,0.0029803
0.13131,-0.066356,0.0034294
0.12142,-0.067745,0.0046792
0.11192,-0.069145,0.0067322
0.10282,-0.07056,0.0096546
0.094098,-0.071998,0.013533
0.085763,-0.073462,0.018466
0.07781,-0.074961,0.02455
0.070237,-0.0765,0.03188
0.063041,-0.078085,0.040541
0.070487,-0.073032,0.016376
0.078061,-0.068679,0.0022701
0.085839,-0.064926,-0.0034598
0.093877,-0.061546,-0.0052695
0.10217,-0.0581,-0.01281
0.11079,-0.05463,-0.026036
0.1198,-0.0512,-0.044386
0.12925,-0.047865,-0.067374
0.13919,-0.044676,-0.094551
0.14966,-0.041678,-0.12551
0.151,-0.046179,-0.077103
0.15233,-0.050118,-0.045787
0.15364,-0.053752,-0.02565
0.15494,-0.057229,-0.013248
0.15623,-0.06064,-0.0064229
0.1575,-0.064045,-0.0037575
0.15877,-0.067515,-0.0029626
0.16009,-0.071143,6.0539E-05
0.16145,-0.074907,0.0051048
0.16285,-0.078786,0.011794
0.1555,-0.10109,0.015386
0.14783,-0.12715,0.020027
0.13979,-0.15716,0.025849
0.13136,-0.19133,0.032989
0.12249,-0.22989,0.041584
0.11317,-0.27304,0.051767
0.10336,-0.32101,0.06366
0.093022,-0.37402,0.077378
0.082135,-0.43229,0.093016
0.070667,-0.49599,0.11066
0.088457,-0.45512,0.19062
0.10687,-0.41581,0.27853
0.12585,-0.37802,0.3717
0.14537,-0.3417,0.46882
0.16543,-0.30684,0.56918
0.18599,-0.27343,0.67241
0.20705,-0.24144,0.77812
0.22861,-0.21088,0.88609
0.25064,-0.18175,0.99587
0.27315,-0.15407,1.1072
0.26846,-0.17501,1.1579
0.26361,-0.19742,1.2152
0.25859,-0.22137,1.2761
0.25343,-0.24693,1.3391
0.24809,-0.27415,1.4027
0.24258,-0.30308,1.466
0.23683,-0.33377,1.5283
0.23084,-0.36627,1.5893
0.22458,-0.40061,1.6484
0.21804,-0.43683,1.7055
0.21945,-0.41117,1.5963
0.22137,-0.38525,1.5165
0.22357,-0.35969,1.4517
0.22594,-0.33479,1.3956
0.22842,-0.31068,1.3449
0.23096,-0.28748,1.2982
0.23354,-0.26522,1.2544
0.23614,-0.24402,1.2132
0.23874,-0.22386,1.1739
0.24132,-0.20474,1.1366
0.2086,-0.21335,0.99385
0.17927,-0.22029,0.88573
0.15281,-0.22624,0.79878
0.12883,-0.23156,0.72604
0.10708,-0.23644,0.66356
0.087326,-0.24101,0.6089
0.069406,-0.24534,0.56048
0.053166,-0.24949,0.51718
0.038493,-0.25349,0.4782
0.025273,-0.25738,0.44289
0.028591,-0.26241,0.51816
0.031836,-0.26847,0.58342
0.034999,-0.27545,0.63915
0.038062,-0.28325,0.68639
0.041033,-0.29172,0.72648
0.043907,-0.30078,0.76063
0.046695,-0.31031,0.78987
0.049391,-0.32027,0.81495
0.052002,-0.33059,0.83646
0.054522,-0.34124,0.85481
0.062134,-0.29445,0.88472
0.069199,-0.25206,0.91494
0.075746,-0.2138,0.9449
0.081792,-0.17945,0.97424
0.087363,-0.14877,1.0028
0.092474,-0.12158,1.0303
0.097148,-0.097694,1.0568
0.1014,-0.076957,1.0822
0.10524,-0.059219,1.1065
0.10868,-0.044358,1.1296
0.12194,-0.039048,1.0931
0.13544,-0.034783,1.0705
0.14917,-0.031661,1.0568
0.16312,-0.029741,1.049
0.17728,-0.02904,1.0454
0.19166,-0.029575,1.0446
0.20625,-0.031341,1.0459
0.22107,-0.03434,1.0486
0.23613,-0.038561,1.0526
0.25149,-0.043776,1.0573
0.25174,-0.046052,0.95894
0.25164,-0.047693,0.8808
0.25119,-0.048823,0.81622
0.25042,-0.049526,0.76127
0.24934,-0.049862,0.71354
0.24795,-0.049878,0.67141
0.24627,-0.04961,0.63384
0.24432,-0.049091,0.60003
0.2421,-0.048348,0.56944
0.23965,-0.047403,0.5416
0.26716,-0.058698,0.56692
0.29652,-0.069068,0.5887
0.32773,-0.078491,0.60771
0.36078,-0.087067,0.62453
0.39531,-0.096661,0.63965
0.43119,-0.10792,0.65345
0.46841,-0.12088,0.66628
0.50696,-0.13553,0.67837
0.54681,-0.15191,0.68994
0.58797,-0.17002,0.70111
0.55392,-0.16042,0.64316
0.52283,-0.15125,0.58874
0.49437,-0.14247,0.53755
0.46825,-0.13408,0.48932
0.44421,-0.12605,0.44389
0.42203,-0.11839,0.40111
0.40153,-0.11108,0.3609
0.38254,-0.10412,0.32311
0.3649,-0.097511,0.2877
0.34849,-0.091273,0.25454
0.3069,-0.08354,0.23838
0.26894,-0.076636,0.2256
0.23433,-0.070482,0.21525
0.20283,-0.065002,0.20666
0.17422,-0.060143,0.19946
0.14832,-0.055857,0.19331
0.12495,-0.052107,0.18806
0.10395,-0.048857,0.1835
0.085181,-0.046082,0.17955
0.068517,-0.043752,0.17609
0.090379,-0.053639,0.2447
0.11612,-0.064936,0.324
0.14595,-0.077646,0.41338
0.18004,-0.091748,0.51208
0.2185,-0.10723,0.61948
0.26142,-0.12407,0.73505
0.30888,-0.14226,0.85843
0.36089,-0.16177,0.98941
0.41745,-0.18257,1.1279
0.47853,-0.20465,1.2738
0.45764,-0.1892,1.2153
0.43709,-0.1739,1.1482
0.41696,-0.15901,1.0764
0.39731,-0.14473,1.0027
0.37812,-0.13121,0.92822
0.35942,-0.11856,0.85417
0.34116,-0.10691,0.78116
0.32334,-0.096343,0.70979
0.30594,-0.086963,0.64046
0.28891,-0.078847,0.57355
0.25486,-0.072359,0.58806
0.22374,-0.067387,0.61206
0.19528,-0.063809,0.64308
0.16925,-0.061528,0.67959
0.14547,-0.060484,0.72061
0.1238,-0.060622,0.76551
0.10413,-0.061911,0.81384
0.086375,-0.064313,0.86532
0.070459,-0.067812,0.91969
0.05632,-0.072383,0.97685
0.064655,-0.06321,1.0288
0.072681,-0.054624,1.0695
0.080453,-0.046712,1.1013
0.088004,-0.039524,1.1261
0.095376,-0.033097,1.1452
0.10258,-0.027442,1.1601
0.10965,-0.022571,1.1713
0.11659,-0.01848,1.1797
0.12341,-0.015168,1.1856
0.13012,-0.012628,1.1894
0.13183,-0.013603,1.0315
0.13421,-0.014872,0.9039
0.13702,-0.016431,0.79634
0.14012,-0.018259,0.70315
0.14341,-0.020333,0.62088
0.14686,-0.022616,0.54734
0.15049,-0.024903,0.4811
0.15427,-0.027134,0.4211
0.15819,-0.029296,0.36663
0.16223,-0.031388,0.31711
0.18374,-0.034481,0.28626
0.20733,-0.035684,0.25901
0.23307,-0.034997,0.23469
0.261,-0.032433,0.21272
0.2912,-0.027978,0.19277
0.3237,-0.021632,0.17452
0.35855,-0.013377,0.15778
0.39579,-0.003204,0.14235
0.43544,0.0089005,0.12816
0.47753,0.022939,0.11506
0.47433,0.032651,0.076669
0.4718,0.042764,0.048193
0.46984,0.053224,0.027251
0.46838,0.063992,0.012258
0.46735,0.075046,0.0021609
0.46671,0.086365,-0.0038355
0.46644,0.097933,-0.0063123
0.46648,0.1097,-0.007219
0.4668,0.12157,-0.010573
0.46737,0.13354,-0.016301
0.45591,0.1073,-0.0070439
0.44464,0.082849,-0.0048242
0.43363,0.060307,-0.00080704
0.42291,0.039609,0.0059068
0.41246,0.020664,0.014537
0.4023,0.0033968,0.024637
0.39244,-0.012255,0.035971
0.38287,-0.026347,0.048372
0.37361,-0.038931,0.061752
0.36467,-0.050052,0.076026
0.39272,-0.043836,0.08037
0.42219,-0.036246,0.08593
0.4531,-0.02727,0.092635
0.48545,-0.016899,0.1004
0.51923,-0.0051272,0.10919
0.55445,0.0080498,0.11893
0.59109,0.022631,0.1296
0.62914,0.038614,0.14114
0.66859,0.055991,0.15355
0.70944,0.074752,0.16679
0.70303,0.0627,0.14355
0.6976,0.050927,0.11934
0.69309,0.039429,0.095602
0.68945,0.02819,0.073224
0.68662,0.017195,0.052778
0.68456,0.0064224,0.034637
0.68322,-0.0041463,0.019086
0.68256,-0.014531,0.0063249
0.68254,-0.024752,-0.0034687
0.68313,-0.034828,-0.010162
0.63615,-0.034085,0.017945
0.59257,-0.033084,0.069333
0.55202,-0.031975,0.14038
0.51424,-0.030879,0.22911
0.479,-0.029891,0.3343
0.44616,-0.029075,0.45516
0.41559,-0.028469,0.59107
0.38721,-0.028081,0.74157
0.36095,-0.027925,0.90616
0.33678,-0.027983,1.0845
0.35487,-0.017183,0.88634
0.37409,-0.0058568,0.73688
0.39415,0.0061523,0.61715
0.41491,0.018926,0.51759
0.43632,0.0325,0.43267
0.45833,0.046897,0.35916
0.48096,0.062126,0.29496
0.5042,0.078196,0.23869
0.52806,0.095106,0.18938
0.55254,0.11286,0.14631
0.52095,0.095393,0.12863
0.49027,0.079074,0.1098
0.46054,0.063868,0.091272
0.4318,0.049753,0.073801
0.40405,0.036706,0.057803
0.37731,0.024713,0.043461
0.35158,0.013758,0.030876
0.32687,0.0038294,0.020069
0.30319,-0.0050854,0.011046
0.28052,-0.012997,0.0037846
0.27488,-0.0077134,0.005631
0.26949,-0.0024897,0.0074443
0.26434,0.0026768,0.0092488
0.25942,0.0077873,0.011068
0.25471,0.012844,0.012915
0.25021,0.017847,0.014801
0.24592,0.0228,0.016733
0.24181,0.027703,0.01871
0.23789,0.032557,0.02074
0.23414,0.037365,0.022824
0.24447,0.038217,0.0060309
0.25529,0.039044,-0.0041841
0.26656,0.039856,-0.0095403
0.27822,0.040658,-0.011254
0.29011,0.041434,-0.013223
0.30218,0.042169,-0.017378
0.31442,0.042863,-0.023253
0.32687,0.043512,-0.030496
0.33953,0.044116,-0.038826
0.35241,0.04467,-0.048021
0.38887,0.036024,-0.027182
0.42666,0.026382,-0.018198
0.46598,0.01567,-0.017043
0.5072,0.0039176,-0.014753
0.5504,-0.0088619,-0.0083528
0.59552,-0.022673,0.0012268
0.64251,-0.037502,0.013397
0.69128,-0.053325,0.027774
0.74178,-0.070109,0.044093
0.79393,-0.087814,0.062149
0.68662,-0.042683,0.017466
0.59324,-0.0022738,-0.0029269
0.51163,0.033925,-0.011646
0.44026,0.066346,-0.013958
0.37794,0.095354,-0.012977
0.32361,0.12122,-0.014004
0.2765,0.14424,-0.017284
0.23599,0.16463,-0.022262
0.20154,0.18261,-0.028549
0.1727,0.19836,-0.035857
0.18545,0.2111,-0.012814
0.19805,0.22407,-0.0074011
0.21114,0.23747,-0.00074838
0.22496,0.25138,0.01528
0.23947,0.26579,0.038529
0.25463,0.28071,0.067517
0.27041,0.29613,0.10123
0.28679,0.31204,0.13895
0.30372,0.32844,0.18018
0.3212,0.34531,0.22453
0.34252,0.33335,0.19859
0.36553,0.32061,0.17862
0.39016,0.30709,0.16237
0.41639,0.29277,0.14848
0.44417,0.27764,0.13611
0.47352,0.2617,0.12475
0.5044,0.24495,0.11406
0.53682,0.22737,0.10385
0.57078,0.20896,0.094001
0.60627,0.18971,0.084448
0.57104,0.22032,0.054783
0.53866,0.25032,0.035214
0.50889,0.27973,0.021505
0.48158,0.30855,0.011498
0.45661,0.33681,0.0040147
0.43389,0.36451,-0.0016397
0.41333,0.39168,-0.0058967
0.39487,0.41832,-0.0090518
0.37845,0.44445,-0.011311
0.36402,0.47007,-0.012835
0.34373,0.42651,-0.013159
0.32519,0.38511,-0.015407
0.30827,0.34574,-0.019965
0.29289,0.30833,-0.026073
0.27897,0.2728,-0.033264
0.26645,0.23909,-0.041233
0.25527,0.20711,-0.04976
0.24538,0.17682,-0.058684
0.23673,0.14815,-0.067876
0.2293,0.12105,-0.077233
0.22083,0.16469,-0.063328
0.21549,0.21007,-0.053841
0.21341,0.25716,-0.047232
0.21466,0.30596,-0.042566
0.2193,0.35645,-0.039252
0.22737,0.40862,-0.036905
0.23889,0.46247,-0.035266
0.25385,0.51799,-0.034163
0.27226,0.57516,-0.033479
0.29411,0.63398,-0.033136
0.28617,0.59558,-0.022978
0.2829,0.5573,-0.017638
0.28407,0.51895,-0.015919
0.2896,0.48045,-0.012937
0.29934,0.44167,-0.0071914
0.31315,0.40245,0.0010697
0.33094,0.36267,0.011684
0.35263,0.32221,0.024539
0.37815,0.28098,0.039563
0.40746,0.2389,0.056705
0.41146,0.20806,0.061856
0.41577,0.17797,0.064964
0.42041,0.14862,0.066444
0.42537,0.12005,0.066626
0.43064,0.092247,0.065756
0.43622,0.06523,0.064032
0.44212,0.039002,0.061603
0.44834,0.013568,0.058601
0.45486,-0.011068,0.05513
0.46171,-0.034905,0.051284
0.39245,-0.020022,0.04613
0.33179,-0.007669,0.044239
0.27874,0.0024621,0.044225
0.23243,0.01064,0.045397
0.19214,0.0171,0.047384
0.15725,0.022045,0.04998
0.12721,0.025655,0.053059
0.10152,0.028086,0.056552
0.079765,0.029479,0.06041
0.061545,0.029957,0.064611
0.076538,0.040451,0.04688
0.093567,0.052783,0.032095
0.11272,0.066997,0.020018
0.13408,0.083133,0.010431
0.15772,0.10123,0.0031116
0.18372,0.12132,-0.0021657
0.21212,0.14342,-0.0056314
0.24299,0.16756,-0.0075072
0.27633,0.19371,-0.0090331
0.31217,0.22188,-0.011827
0.33111,0.22367,-0.0097736
0.35058,0.22526,-0.0084857
0.37062,0.22671,-0.0044702
0.39122,0.22802,0.0016902
0.41234,0.22917,0.009654
0.43395,0.23017,0.019231
0.45602,0.23101,0.030321
0.47852,0.23172,0.042875
0.50141,0.23228,0.056875
0.52467,0.23272,0.072312
0.51693,0.20103,0.085361
0.51024,0.17028,0.092759
0.50459,0.14044,0.095839
0.49998,0.11152,0.095675
0.49639,0.083487,0.093067
0.49382,0.056326,0.088609
0.49223,0.030012,0.082759
0.4916,0.0045206,0.075882
0.49192,-0.020173,0.068275
0.49317,-0.044093,0.060192
0.47846,-0.0098578,0.059213
0.46563,0.024952,0.061403
0.4546,0.06035,0.065833
0.44533,0.096346,0.071977
0.43774,0.13295,0.079519
0.43181,0.17018,0.088265
0.42749,0.20804,0.098087
0.42476,0.24653,0.10891
0.42358,0.28567,0.12067
0.42394,0.32544,0.13334
0.37979,0.33457,0.15927
0.34064,0.341,0.18228
0.30621,0.3449,0.20319
0.27623,0.34643,0.22258
0.25048,0.34572,0.24083
0.22875,0.3429,0.25821
0.21086,0.33807,0.27489
0.19667,0.33132,0.29101
0.18603,0.32273,0.30661
0.17883,0.31237,0.32181
0.17032,0.29894,0.21461
0.16256,0.2863,0.13647
0.15541,0.27429,0.079625
0.14874,0.26284,0.039591
0.1425,0.25186,0.013597
0.13664,0.24131,-0.00018222
0.1311,0.23113,-0.0034893
0.12562,0.22124,-0.010506
0.1201,0.21159,-0.026902
0.11452,0.20214,-0.052161
0.11703,0.20529,-0.038829
0.11942,0.20857,-0.027325
0.12194,0.21181,-0.017866
0.12466,0.21497,-0.010656
0.12755,0.21805,-0.0058693
0.13063,0.22102,-0.0036729
0.1339,0.22389,-0.0030252
0.13745,0.22666,0.00016119
0.14127,0.22933,0.0063689
0.14537,0.2319,0.015738
0.17335,0.26396,0.058746
0.20572,0.29786,0.12365
0.24264,0.33356,0.20773
0.28422,0.37101,0.30827
0.33057,0.41012,0.42282
0.38175,0.4508,0.54948
0.43777,0.49297,0.68689
0.49867,0.53655,0.83426
0.5644,0.58146,0.99083
0.63492,0.62763,1.1561
0.59354,0.58687,0.98321
0.55503,0.54894,0.85509
0.51877,0.51339,0.7487
0.48447,0.47997,0.65515
0.45195,0.44849,0.57043
0.4211,0.4188,0.49285
0.3918,0.3908,0.42153
0.364,0.36437,0.35609
0.33762,0.33941,0.29629
0.31261,0.31586,0.24204
0.28728,0.28675,0.25484
0.26367,0.2598,0.26717
0.24165,0.23487,0.27924
0.22112,0.21181,0.29116
0.20199,0.19051,0.30303
0.18417,0.17085,0.31488
0.16758,0.15272,0.32677
0.15214,0.13603,0.33872
0.13779,0.12068,0.35075
0.12447,0.1066,0.36286
0.10354,0.07713,0.36083
0.08569,0.052305,0.35729
0.070745,0.031856,0.35263
0.058543,0.015536,0.34711
0.04894,0.0031222,0.34091
0.041808,-0.0055768,0.33418
0.03704,-0.010721,0.32701
0.034547,-0.012436,0.31949
0.032758,-0.013174,0.31174
0.02893,-0.017187,0.30395
0.024449,-0.0086932,0.33178
0.020157,-0.0023418,0.36019
0.0161,0.0019498,0.38922
0.013518,0.0061123,0.41882
0.012998,0.01105,0.44897
0.014559,0.016783,0.47966
0.018223,0.023345,0.51088
0.022823,0.031554,0.54262
0.027408,0.042098,0.57485
0.032021,0.055024,0.60754
0.029001,0.050057,0.60635
0.026282,0.045441,0.60419
0.023846,0.041164,0.60118
0.021675,0.037194,0.59747
0.01975,0.033526,0.5931
0.018052,0.030155,0.58818
0.016561,0.027074,0.58274
0.015258,0.024271,0.57687
0.014123,0.021739,0.57057
0.013137,0.019466,0.56391
0.0062699,0.016451,0.53213
-0.00067504,0.017146,0.50582
-0.0083225,0.020604,0.48338
-0.018958,0.023428,0.46388
-0.032834,0.025258,0.44657
-0.04998,0.026071,0.43094
-0.070437,0.02582,0.41665
-0.09426,0.024444,0.40341
-0.12151,0.021867,0.39106
-0.15224,0.018005,0.37945
-0.14571,0.02816,0.41462
-0.13961,0.03758,0.45026
-0.13393,0.046268,0.48656
-0.12868,0.054226,0.52365
-0.12387,0.061455,0.56167
-0.11949,0.067956,0.60072
-0.11556,0.07373,0.64088
-0.11208,0.078778,0.68221
-0.10904,0.083101,0.72477
-0.10646,0.0867,0.76861
-0.09312,0.073735,0.58654
-0.081843,0.063068,0.44396
-0.072294,0.054209,0.33001
-0.064194,0.046819,0.23844
-0.05731,0.040649,0.16529
-0.051449,0.035502,0.10783
-0.046447,0.031216,0.064114
-0.042162,0.027654,0.03261
-0.038462,0.024692,0.012148
-0.035217,0.022216,0.0017653
-0.03384,0.017523,0.0021172
-0.03336,0.011933,0.0024772
-0.033767,0.0054357,0.002852
-0.035061,-0.0019874,0.0032402
-0.03725,-0.010356,0.003649
-0.040347,-0.01969,0.0040758
-0.044374,-0.03001,0.0045265
-0.049354,-0.041338,0.0049962
-0.055316,-0.053693,0.0054892
-0.062289,-0.067091,0.0059983
-0.064151,-0.067479,0.018751
-0.066013,-0.067832,0.038444
-0.067866,-0.068186,0.064459
-0.069703,-0.06857,0.096243
-0.071523,-0.069009,0.1333
-0.073328,-0.069522,0.17511
-0.075124,-0.070122,0.22122
-0.076917,-0.070821,0.27114
-0.078717,-0.071626,0.32449
-0.080537,-0.072542,0.3809
-0.061423,-0.067115,0.36749
-0.047839,-0.059616,0.35847
-0.039125,-0.050332,0.35228
-0.029018,-0.043781,0.34803
-0.015449,-0.041395,0.34512
0.0015853,-0.043098,0.34315
0.022111,-0.048862,0.34187
0.04617,-0.058703,0.34111
0.073815,-0.072673,0.34074
0.1051,-0.090856,0.34069
0.11597,-0.098484,0.41405
0.12759,-0.10701,0.49174
0.13998,-0.11646,0.57318
0.15311,-0.12684,0.65798
0.16698,-0.13815,0.74581
0.18155,-0.1504,0.83653
0.19681,-0.16357,0.92993
0.21272,-0.17766,1.026
0.22924,-0.19265,1.1245
0.24636,-0.20853,1.2255
0.26228,-0.22079,1.1271
0.2787,-0.23341,1.0573
0.29593,-0.24611,1.0044
0.314,-0.25891,0.96264
0.33295,-0.27179,0.92816
0.35281,-0.28477,0.89895
0.37358,-0.29784,0.87358
0.39529,-0.31102,0.85125
0.41794,-0.32433,0.83134
0.44153,-0.33776,0.81354
0.44791,-0.35217,0.68901
0.45511,-0.36486,0.5775
0.46311,-0.37593,0.47783
0.47188,-0.38546,0.38917
0.48139,-0.39354,0.31092
0.49102,-0.40098,0.24253
0.49938,-0.40956,0.18354
0.50643,-0.41935,0.13358
0.5122,-0.43035,0.092348
0.51672,-0.44256,0.059543
0.49754,-0.42343,0.064589
0.47884,-0.4051,0.068664
0.46055,-0.38755,0.072126
0.44265,-0.37074,0.075142
0.42509,-0.35468,0.077907
0.40784,-0.33935,0.080482
0.39087,-0.32472,0.082978
0.37416,-0.31079,0.085417
0.35766,-0.29756,0.087857
0.34152,-0.28482,0.090303
0.32848,-0.27455,0.08664
0.31578,-0.2646,0.084768
0.30343,-0.25493,0.084219
0.29142,-0.24554,0.084661
0.27975,-0.23641,0.085913
0.26839,-0.22752,0.087822
0.25734,-0.21887,0.090317
0.24658,-0.21048,0.093318
0.2361,-0.20232,0.096804
0.22588,-0.1944,0.10073
0.22429,-0.19481,0.1141
0.22243,-0.19548,0.12536
0.2203,-0.1964,0.13471
0.21789,-0.19758,0.14237
0.21521,-0.19901,0.14857
0.21224,-0.20069,0.15351
0.20899,-0.2026,0.15738
0.20546,-0.20474,0.16032
0.20164,-0.20712,0.16246
0.19754,-0.20972,0.16389
0.1934,-0.22505,0.31784
0.18731,-0.24257,0.51181
0.17936,-0.26226,0.7398
0.16967,-0.28411,0.99652
0.15836,-0.30812,1.2777
0.14558,-0.33435,1.5805
0.13143,-0.36285,1.9025
0.11606,-0.39366,2.242
0.099571,-0.42679,2.5967
0.082098,-0.46228,2.9646
0.059962,-0.39992,2.3814
0.041119,-0.35022,2.036
0.02546,-0.30786,1.7884
0.012622,-0.27085,1.5934
0.0022351,-0.23808,1.4314
-0.0060192,-0.20892,1.2929
-0.012421,-0.18288,1.1722
-0.017207,-0.15962,1.0657
-0.020584,-0.13883,0.97092
-0.022732,-0.12029,0.88603
-0.034233,-0.12573,0.89591
-0.045914,-0.13171,0.89498
-0.057793,-0.13833,0.88618
-0.06989,-0.1456,0.87175
-0.08222,-0.15357,0.85342
-0.094802,-0.16227,0.83238
-0.10765,-0.17174,0.80956
-0.12079,-0.18198,0.78554
-0.13422,-0.193,0.76079
-0.14797,-0.20478,0.73558
-0.15024,-0.21049,0.77236
-0.15258,-0.21612,0.8053
-0.15499,-0.2217,0.83529
-0.15748,-0.22724,0.8629
-0.16006,-0.23275,0.88864
-0.16274,-0.23822,0.91285
-0.16552,-0.24367,0.93578
-0.16842,-0.2491,0.95761
-0.17144,-0.2545,0.97847
-0.17459,-0.25987,0.99843
-0.1533,-0.2508,0.89213
-0.12793,-0.24692,0.80567
-0.098862,-0.24776,0.73188
-0.066389,-0.25301,0.66678
-0.030685,-0.26248,0.60801
0.0081207,-0.27605,0.55407
0.049955,-0.29362,0.50403
0.094768,-0.31516,0.45718
0.14254,-0.34065,0.41314
0.19326,-0.37008,0.37153
0.196,-0.35303,0.47192
0.19834,-0.33672,0.56908
0.20028,-0.32116,0.66381
0.20184,-0.30636,0.7569
0.20304,-0.29231,0.84917
0.2039,-0.279,0.94121
0.20447,-0.26643,1.0334
0.20474,-0.25457,1.1261
0.20473,-0.24341,1.2193
0.20444,-0.23293,1.3131
0.20847,-0.26002,1.2119
0.21169,-0.29036,1.1375
0.21382,-0.32374,1.0794
0.21465,-0.36003,1.0317
0.21409,-0.39917,0.99089
0.21204,-0.44112,0.9549
0.20843,-0.48585,0.92239
0.20322,-0.53332,0.89255
0.19635,-0.58351,0.86484
0.18778,-0.6364,0.83896
0.23763,-0.63033,0.69638
0.28705,-0.62836,0.58251
0.33585,-0.63009,0.48747
0.38396,-0.63526,0.40613
0.43136,-0.6437,0.33559
0.47806,-0.65527,0.27396
0.52407,-0.66987,0.22006
0.56941,-0.68741,0.17289
0.61409,-0.70783,0.1318
0.65813,-0.73106,0.09611
0.6286,-0.6974,0.14912
0.60069,-0.66552,0.20059
0.57429,-0.63528,0.25169
0.54931,-0.60659,0.30328
0.52563,-0.57935,0.35611
0.50316,-0.55346,0.41056
0.48183,-0.52883,0.46693
0.46153,-0.5054,0.52534
0.44221,-0.48308,0.58592
0.4238,-0.46182,0.64869
0.44618,-0.49752,0.52589
0.46878,-0.53484,0.42927
0.49146,-0.57369,0.35006
0.51411,-0.61404,0.28334
0.53667,-0.65586,0.22622
0.5591,-0.69912,0.17689
0.58134,-0.7438,0.13418
0.60336,-0.78987,0.097257
0.62512,-0.8373,0.065549
0.64658,-0.88607,0.038546
0.69425,-0.95718,0.035921
0.74332,-1.031,0.030469
0.79379,-1.1076,0.023462
0.84567,-1.1869,0.015618
0.89895,-1.2688,0.0074241
0.95362,-1.3535,-0.00091448
1.0097,-1.4407,-0.0092521
1.0671,-1.5305,-0.01759
1.1258,-1.6229,-0.025892
1.186,-1.7178,-0.034215
1.1297,-1.6135,0.0010378
1.077,-1.5174,0.035152
1.0273,-1.4283,0.069104
0.98041,-1.3457,0.10334
0.93591,-1.2687,0.13799
0.89358,-1.1969,0.17295
0.85322,-1.1297,0.20811
0.81464,-1.0666,0.24335
0.7777,-1.0073,0.27858
0.74227,-0.95157,0.31371
0.73622,-0.93568,0.26759
0.73042,-0.9206,0.23905
0.72466,-0.90607,0.21952
0.71887,-0.89194,0.2051
0.71297,-0.87817,0.19387
0.70697,-0.86471,0.18484
0.70084,-0.85153,0.17745
0.69459,-0.83863,0.17138
0.6882,-0.826,0.16642
0.68168,-0.81361,0.16243
0.70872,-0.83259,0.17704
0.73457,-0.85212,0.18261
0.75932,-0.87227,0.18229
0.78304,-0.8931,0.17816
0.80579,-0.91462,0.17145
0.8276,-0.93682,0.16295
0.84851,-0.9597,0.1531
0.86853,-0.98324,0.14219
0.8883,-1.0069,0.13041
0.90871,-1.0299,0.11791
0.87485,-0.99609,0.11894
0.84332,-0.96388,0.12289
0.81147,-0.93511,0.12824
0.77919,-0.9095,0.13429
0.74646,-0.88678,0.14068
0.71326,-0.86674,0.14724
0.67954,-0.84919,0.1539
0.64531,-0.83396,0.1606
0.61053,-0.8209,0.16733
0.57521,-0.8099,0.17408
0.54478,-0.78303,0.18676
0.51593,-0.75817,0.20568
0.48847,-0.73508,0.229
0.46225,-0.71362,0.25578
0.43718,-0.69364,0.28551
0.41315,-0.67506,0.31797
0.3901,-0.6578,0.35302
0.36796,-0.6418,0.39064
0.34669,-0.62701,0.4308
0.32622,-0.61336,0.47356
0.2983,-0.55658,0.39318
0.27308,-0.50463,0.32099
0.25025,-0.45707,0.25644
0.22955,-0.41355,0.19918
0.21079,-0.37375,0.14893
0.19376,-0.33741,0.10548
0.1783,-0.30428,0.068673
0.16427,-0.27415,0.038352
0.15155,-0.24683,0.014402
0.14002,-0.22214,-0.0032787
0.13681,-0.21004,0.0020277
0.13324,-0.19852,0.0078741
0.12935,-0.18755,0.014272
0.1252,-0.17711,0.021234
0.12084,-0.16719,0.028768
0.1163,-0.15776,0.036873
0.11162,-0.14881,0.04556
0.10684,-0.14033,0.054825
0.10199,-0.1323,0.064682
0.097105,-0.12472,0.075135
0.10049,-0.12556,0.093763
0.10456,-0.12581,0.11248
0.11319,-0.1224,0.13139
0.12647,-0.11531,0.15054
0.14446,-0.10454,0.16994
0.16725,-0.090066,0.18963
0.19492,-0.071848,0.20959
0.22756,-0.04985,0.22984
0.26524,-0.024037,0.25035
0.30801,0.0056298,0.27114
0.30624,-0.013906,0.25056
0.30541,-0.034169,0.23632
0.3054,-0.054997,0.22636
0.30615,-0.076285,0.21944
0.30762,-0.097969,0.21471
0.30978,-0.12,0.21163
0.3126,-0.14235,0.20982
0.31606,-0.165,0.20905
0.32017,-0.18794,0.20912
0.32491,-0.21114,0.20993
0.29334,-0.21493,0.27003
0.26505,-0.21715,0.32311
0.23987,-0.21788,0.37014
0.21764,-0.21721,0.41216
0.19822,-0.21523,0.45
0.18148,-0.21197,0.48441
0.16729,-0.20749,0.51587
0.15554,-0.20182,0.54481
0.14613,-0.19497,0.57149
0.13889,-0.18702,0.59619
0.12875,-0.17243,0.45278
0.1195,-0.15914,0.34113
0.111,-0.14666,0.25202
0.10314,-0.13477,0.18029
0.09588,-0.12334,0.1228
0.089193,-0.1123,0.077531
0.08308,-0.10162,0.043139
0.077551,-0.09128,0.018652
0.07262,-0.081276,0.0033819
0.068304,-0.071605,-0.0031995
0.057141,-0.054108,-0.00033919
0.047965,-0.039055,0.0036111
0.040569,-0.026182,0.0086434
0.034766,-0.015253,0.014758
0.030396,-0.006062,0.021977
0.027327,0.0015642,0.030312
0.025461,0.0077557,0.039794
0.024734,0.012597,0.050434
0.025121,0.016124,0.062264
0.026627,0.01833,0.075294
0.020369,0.013675,0.094391
0.015053,0.0096974,0.11528
0.010672,0.006404,0.13796
0.0072211,0.0038038,0.16244
0.0047036,0.0019079,0.18871
0.0031251,0.00073027,0.21677
0.0024959,0.00028492,0.24659
0.0025244,0.00036908,0.27816
0.0017644,-5.0607E-05,0.31145
6.5148E-06,-0.001112,0.34643
-0.0014241,0.0012715,0.35174
-0.0026917,0.0034262,0.35658
-0.0037974,0.0053515,0.36097
-0.0047432,0.007049,0.365
-0.0055303,0.0085185,0.36867
-0.0061609,0.0097615,0.37204
-0.0066473,0.010794,0.37512
-0.0072008,0.011914,0.37794
-0.0078968,0.013229,0.38049
-0.0087309,0.014733,0.38282
-0.0096605,0.017285,0.42582
-0.010713,0.020076,0.47098
-0.01189,0.02311,0.51825
-0.013191,0.026389,0.56764
-0.014618,0.029912,0.6191
-0.016168,0.033676,0.67266
-0.01784,0.037678,0.72823
-0.019628,0.041909,0.78587
-0.021529,0.046361,0.84548
-0.023535,0.051015,0.90712
-0.021045,0.041448,0.79253
-0.013838,0.024959,0.69913
-0.0020393,0.0015481,0.62029
0.014141,-0.028662,0.55231
0.034645,-0.065686,0.49275
0.059567,-0.10975,0.44014
0.08905,-0.16119,0.39347
0.12331,-0.22043,0.35208
0.16257,-0.28796,0.3155
0.20707,-0.36423,0.28336
0.20427,-0.35488,0.22474
0.20135,-0.34544,0.1764
0.19829,-0.33597,0.13652
0.19511,-0.32654,0.10381
0.1918,-0.31715,0.077387
0.18834,-0.30784,0.056521
0.18474,-0.29862,0.040689
0.18098,-0.2895,0.029429
0.17706,-0.28051,0.022387
0.17298,-0.27165,0.019234
0.18667,-0.29719,0.0211
0.2008,-0.32431,0.023503
0.21535,-0.35306,0.026172
0.23031,-0.38343,0.028913
0.24567,-0.41544,0.031622
0.26138,-0.44908,0.034216
0.27742,-0.48432,0.036673
0.29377,-0.52115,0.03895
0.31038,-0.55952,0.041054
0.32723,-0.59941,0.042958
0.34436,-0.62922,0.033485
0.36168,-0.65937,0.029727
0.37924,-0.69004,0.028047
0.39711,-0.7214,0.022777
0.41526,-0.75341,0.01418
0.43368,-0.78604,0.0025783
0.45235,-0.81924,-0.011776
0.47123,-0.85297,-0.028727
0.49031,-0.8872,-0.048107
0.50956,-0.92188,-0.069817
0.47735,-0.85751,-0.075575
0.4474,-0.79777,-0.075062
0.41949,-0.7423,-0.070809
0.3934,-0.69074,-0.064412
0.36897,-0.64275,-0.056844
0.34601,-0.59805,-0.048795
0.32439,-0.55637,-0.040732
0.30398,-0.51745,-0.033043
0.28465,-0.4811,-0.026017
0.2663,-0.4471,-0.019918
0.27727,-0.47762,-0.028827
0.28705,-0.50987,-0.039731
0.29559,-0.54382,-0.052637
0.30283,-0.57947,-0.067506
0.30873,-0.61679,-0.084238
0.31325,-0.65576,-0.10272
0.31633,-0.69635,-0.12281
0.31794,-0.73854,-0.14438
0.31804,-0.78231,-0.16727
0.31659,-0.82761,-0.19137
0.26072,-0.78149,-0.15608
0.20611,-0.74001,-0.13448
0.15251,-0.70284,-0.12018
0.099721,-0.66965,-0.11017
0.04755,-0.64017,-0.10288
-0.0041652,-0.61416,-0.097461
-0.055566,-0.59139,-0.093402
-0.10678,-0.57169,-0.090398
-0.15791,-0.55488,-0.088253
-0.20906,-0.54083,-0.086845
-0.15603,-0.51149,-0.088625
-0.1069,-0.48527,-0.086266
-0.061596,-0.46196,-0.081624
-0.020042,-0.44139,-0.07587
0.017843,-0.42343,-0.069718
0.052136,-0.40796,-0.063598
0.082912,-0.39487,-0.057789
0.11024,-0.38408,-0.05246
0.13417,-0.3755,-0.047743
0.15477,-0.36906,-0.043684
0.127,-0.32117,-0.037549
0.10211,-0.27851,-0.032602
0.07983,-0.24061,-0.028534
0.059896,-0.20704,-0.025168
0.042085,-0.17743,-0.022414
0.026194,-0.15142,-0.020208
0.012037,-0.12871,-0.018511
-0.00054902,-0.10901,-0.017284
-0.011714,-0.092074,-0.016499
-0.021589,-0.077672,-0.016127
-0.022734,-0.079099,-0.016964
-0.023914,-0.080547,-0.017882
-0.025128,-0.082014,-0.018882
-0.026378,-0.083502,-0.019962
-0.027663,-0.085013,-0.021122
-0.028983,-0.086548,-0.022359
-0.030338,-0.088106,-0.023674
-0.031728,-0.089691,-0.025066
-0.033153,-0.091301,-0.026535
-0.034613,-0.09294,-0.028077
-0.046817,-0.10689,-0.022519
-0.060499,-0.12198,-0.01788
-0.075676,-0.13823,-0.014227
-0.092362,-0.15565,-0.011625
-0.11057,-0.17426,-0.010146
-0.13032,-0.19409,-0.0098582
-0.15162,-0.21517,-0.010138
-0.17446,-0.23764,-0.0091806
-0.19885,-0.26148,-0.0068246
-0.22483,-0.28672,-0.0030021
-0.16441,-0.25121,6.3291E-05
-0.11289,-0.22014,0.0021118
-0.069572,-0.1932,0.0033042
-0.033826,-0.17006,0.003808
-0.0050676,-0.15046,0.0037745
0.01724,-0.13413,0.0033462
0.033584,-0.12084,0.0026471
0.044397,-0.11039,0.0017928
0.050054,-0.10262,0.00088031
0.050853,-0.097389,-3.535E-06
0.052335,-0.10095,-0.000966
0.053649,-0.10471,-0.0016616
0.05479,-0.10866,-0.0021153
0.055759,-0.11279,-0.0023455
0.056554,-0.11711,-0.0023714
0.057172,-0.1216,-0.0022126
0.057613,-0.12628,-0.002091
0.057878,-0.13112,-0.0021
0.057965,-0.13615,-0.0022307
0.057875,-0.14135,-0.0024684
0.061009,-0.15034,-0.002127
0.064207,-0.1597,-0.0017478
0.067467,-0.16943,-0.00133
0.070784,-0.17952,-0.00087131
0.074154,-0.19,-0.00037174
0.077574,-0.20085,0.00016926
0.08104,-0.21207,0.00075099
0.084546,-0.22368,0.0013716
0.08809,-0.23566,0.0020296
0.091666,-0.24801,0.0027175
0.082964,-0.24586,0.0078216
0.073532,-0.24374,0.026247
0.063384,-0.24166,0.057626
0.052541,-0.23962,0.10028
0.041012,-0.23765,0.15303
0.028803,-0.23577,0.21495
0.015912,-0.23399,0.28535
0.0023415,-0.23238,0.36364
-0.011915,-0.23098,0.44929
-0.026859,-0.22985,0.54193
0.0074522,-0.27682,0.50665
0.044039,-0.32985,0.48136
0.082974,-0.38908,0.46273
0.1243,-0.45466,0.44871
0.16805,-0.52666,0.43779
0.21421,-0.60517,0.42898
0.26278,-0.69022,0.42148
0.31374,-0.78183,0.41475
0.36702,-0.87997,0.40837
0.42259,-0.9846,0.40206
0.39104,-0.92691,0.38587
0.3608,-0.8716,0.37717
0.33181,-0.8186,0.37288
0.30403,-0.76782,0.37147
0.2774,-0.71919,0.37215
0.25188,-0.67263,0.37448
0.22744,-0.62807,0.3782
0.20404,-0.58547,0.38315
0.18164,-0.54476,0.38922
0.16022,-0.5059,0.39635
0.15191,-0.48424,0.34152
0.14401,-0.46459,0.29164
0.13647,-0.4467,0.24632
0.12925,-0.43037,0.20527
0.12228,-0.41545,0.16826
0.11554,-0.40178,0.13511
0.10899,-0.38924,0.10568
0.1026,-0.37772,0.079837
0.096334,-0.36714,0.05748
0.090177,-0.35741,0.038498
0.10398,-0.36067,0.060872
0.11668,-0.36437,0.085803
0.12826,-0.36855,0.11292
0.13872,-0.37322,0.14198
0.14805,-0.37841,0.17288
0.15624,-0.38411,0.20555
0.1633,-0.39034,0.23995
0.16921,-0.39709,0.27606
0.17399,-0.40438,0.31385
0.17763,-0.41218,0.3533
0.18536,-0.43289,0.2928
0.19214,-0.45482,0.24254
0.19798,-0.47789,0.1997
0.20287,-0.50209,0.16256
0.20682,-0.52738,0.13001
0.20982,-0.55375,0.10129
0.21187,-0.58122,0.075936
0.21297,-0.60977,0.053588
0.2131,-0.63941,0.033996
0.21226,-0.67014,0.01696
0.19689,-0.66191,0.0219
0.18086,-0.65418,0.029751
0.16416,-0.64696,0.040224
0.14677,-0.64023,0.053178
0.12869,-0.634,0.068621
0.10991,-0.62828,0.086591
0.090417,-0.62306,0.10719
0.070207,-0.61835,0.13051
0.049272,-0.61417,0.15671
0.027603,-0.6105,0.18593
0.06715,-0.62892,0.29363
0.10449,-0.64849,0.39333
0.1396,-0.66912,0.48348
0.17247,-0.69084,0.56494
0.20312,-0.71366,0.63899
0.23154,-0.73765,0.70683
0.25775,-0.76282,0.76918
0.28173,-0.78918,0.82657
0.30347,-0.81673,0.87908
0.32299,-0.84545,0.92684
0.31813,-0.87124,0.69937
0.30905,-0.90246,0.55897
0.29537,-0.93736,0.46165
0.27695,-0.9752,0.38864
0.2537,-1.0156,0.33072
0.2256,-1.0584,0.28301
0.1926,-1.1033,0.24277
0.15468,-1.1505,0.20828
0.11184,-1.1996,0.17851
0.064061,-1.2508,0.15269
0.10569,-1.2569,0.14481
0.14499,-1.2633,0.12937
0.18209,-1.2701,0.11133
0.21708,-1.2775,0.092859
0.25005,-1.2854,0.074975
0.28106,-1.2939,0.058012
0.31017,-1.303,0.042132
0.33743,-1.3126,0.027303
0.36289,-1.3227,0.013527
0.38659,-1.3334,0.00070935
0.37569,-1.383,-0.010972
0.36199,-1.4335,-0.020452
0.34549,-1.4847,-0.028611
0.32616,-1.5365,-0.03597
0.30401,-1.5889,-0.042744
0.27903,-1.6418,-0.049111
0.25122,-1.6952,-0.05512
0.22059,-1.749,-0.060871
0.18713,-1.8033,-0.066363
0.15085,-1.8578,-0.071672
0.13973,-1.7961,-0.093615
0.13127,-1.7426,-0.1058
0.12506,-1.696,-0.11092
0.12077,-1.6554,-0.11192
0.11801,-1.6195,-0.11767
0.11657,-1.5875,-0.12892
0.11627,-1.5589,-0.14523
0.11698,-1.5334,-0.16629
0.11855,-1.5106,-0.19177
0.1209,-1.4902,-0.22142
0.048081,-1.3157,-0.126
-0.016417,-1.1613,-0.090971
-0.073716,-1.0259,-0.072324
-0.1246,-0.90906,-0.033471
-0.17006,-0.80808,0.022237
-0.21087,-0.7208,0.092211
-0.24768,-0.64553,0.17473
-0.28099,-0.58088,0.26856
-0.31123,-0.52574,0.37272
-0.33873,-0.47922,0.48649
-0.3931,-0.49257,0.55371
-0.45059,-0.50703,0.62144
-0.5112,-0.52256,0.6895
-0.57491,-0.53907,0.75788
-0.64169,-0.55647,0.82618
-0.71149,-0.57468,0.89428
-0.78427,-0.59363,0.96162
-0.85995,-0.61326,1.028
-0.93845,-0.63352,1.093
-1.0197,-0.65432,1.1563
-1.077,-0.66599,0.97327
-1.1354,-0.67993,0.82563
-1.1952,-0.69481,0.69776
-1.2564,-0.7101,0.58355
-1.3189,-0.72561,0.48025
-1.3828,-0.74126,0.38671
-1.4481,-0.75704,0.30239
-1.5146,-0.77295,0.22698
-1.5826,-0.78901,0.16032
-1.6518,-0.80522,0.10226
-1.6002,-0.81812,0.19047
-1.551,-0.83179,0.27643
-1.5041,-0.84641,0.36347
-1.4592,-0.86202,0.45328
-1.4163,-0.87859,0.54648
-1.3753,-0.89602,0.64305
-1.3362,-0.91422,0.7427
-1.2987,-0.9331,0.84509
-1.263,-0.95257,0.94978
-1.2288,-0.97256,1.0565
-1.0886,-0.85794,0.96468
-0.95945,-0.75693,0.90962
-0.84052,-0.6666,0.86902
-0.73126,-0.58542,0.83597
-0.63119,-0.51235,0.80764
-0.53989,-0.44657,0.78282
-0.45696,-0.38743,0.76073
-0.38206,-0.33435,0.74092
-0.31486,-0.28684,0.723
-0.25509,-0.24447,0.7067
-0.23821,-0.22837,0.63636
-0.22272,-0.21421,0.58369
-0.20839,-0.20152,0.54243
-0.1951,-0.18998,0.50899
-0.18272,-0.17941,0.48125
-0.17117,-0.16966,0.4578
-0.16038,-0.16063,0.43776
-0.15027,-0.15223,0.42047
-0.14082,-0.14441,0.40548
-0.13195,-0.13709,0.39242
-0.15134,-0.14424,0.28693
-0.17288,-0.15272,0.20335
-0.19652,-0.16237,0.13695
-0.22223,-0.1731,0.084626
-0.25003,-0.18483,0.044319
-0.27992,-0.19752,0.014508
-0.31194,-0.21112,-0.0059013
-0.34613,-0.22561,-0.017809
-0.38249,-0.24094,-0.022299
-0.42062,-0.25687,-0.029635
-0.45044,-0.23534,-0.022286
-0.47998,-0.21751,0.00046331
-0.50967,-0.20315,0.03983
-0.53952,-0.19202,0.090863
-0.56958,-0.18396,0.15088
-0.5999,-0.17889,0.2183
-0.63054,-0.17674,0.2922
-0.66154,-0.17746,0.37194
-0.69292,-0.18101,0.45704
-0.72511,-0.18591,0.54708
-0.70129,-0.17915,0.44005
-0.68042,-0.17306,0.36915
-0.66145,-0.16747,0.31797
-0.64385,-0.16226,0.27863
-0.62731,-0.15739,0.24694
-0.61164,-0.15281,0.22052
-0.59672,-0.14849,0.19796
-0.58247,-0.14442,0.17835
-0.56882,-0.14056,0.16111
-0.55572,-0.13691,0.14582
-0.52915,-0.12499,0.18823
-0.50365,-0.11178,0.22517
-0.47925,-0.097331,0.25765
-0.45597,-0.081667,0.28661
-0.43384,-0.06482,0.31281
-0.41285,-0.046837,0.33684
-0.39301,-0.027728,0.35912
-0.37431,-0.0075145,0.37998
-0.35672,0.013801,0.39962
-0.34023,0.036206,0.41821
-0.35216,0.023654,0.30955
-0.36668,0.012135,0.22889
-0.38315,0.0013347,0.16667
-0.4012,-0.0089447,0.1175
-0.42064,-0.018835,0.078089
-0.44132,-0.028429,0.046307
-0.46317,-0.037794,0.02073
-0.48611,-0.046981,0.00034114
-0.5101,-0.056026,-0.015588
-0.5351,-0.064958,-0.02763
-0.55115,-0.091051,-0.037644
-0.56922,-0.11221,-0.040978
-0.58867,-0.12862,-0.045924
-0.60924,-0.14035,-0.056641
-0.63098,-0.14744,-0.072605
-0.65272,-0.15516,-0.093202
-0.67357,-0.16775,-0.11788
-0.69359,-0.18523,-0.14626
-0.71284,-0.2076,-0.17797
-0.73138,-0.23486,-0.21265
-0.76047,-0.21243,-0.14165
-0.7857,-0.19688,-0.099047
-0.80808,-0.1878,-0.073776
-0.82816,-0.18492,-0.060446
-0.84663,-0.18642,-0.056223
-0.86596,-0.18339,-0.054459
-0.88704,-0.17456,-0.046352
-0.90981,-0.16004,-0.03239
-0.93424,-0.13991,-0.013011
-0.96027,-0.11425,0.011458
-0.96734,-0.12234,-0.023954
-0.97552,-0.12985,-0.043757
-0.98433,-0.13689,-0.054783
-0.99356,-0.14353,-0.060261
-1.0031,-0.14981,-0.061843
-1.0127,-0.15576,-0.063363
-1.0221,-0.1614,-0.06732
-1.0315,-0.16674,-0.073339
-1.0409,-0.1718,-0.081137
-1.0501,-0.1766,-0.090489
-1.0449,-0.18658,-0.062606
-1.0394,-0.19412,-0.056065
-1.0355,-0.19942,-0.036905
-1.0327,-0.20263,-0.0089916
-1.031,-0.20387,0.02463
-1.03,-0.20323,0.062284
-1.0293,-0.20275,0.10291
-1.0286,-0.20414,0.14573
-1.0277,-0.20731,0.19004
-1.0267,-0.2122,0.23529
-0.99529,-0.21095,0.29507
-0.96509,-0.21059,0.36178
-0.93595,-0.21099,0.43387
-0.9078,-0.21203,0.51027
-0.88057,-0.2136,0.5901
-0.85421,-0.21563,0.67282
-0.82869,-0.21803,0.75781
-0.80398,-0.22074,0.84478
-0.78004,-0.22369,0.9332
-0.75686,-0.22684,1.023
-0.76303,-0.24617,0.86658
-0.7722,-0.26751,0.75535
-0.78312,-0.29074,0.6686
-0.79519,-0.31582,0.5968
-0.80811,-0.34273,0.53485
-0.82169,-0.37147,0.4801
-0.83584,-0.40205,0.4309
-0.85047,-0.43446,0.3863
-0.86557,-0.46872,0.34564
-0.88109,-0.50485,0.30846
-0.84187,-0.43549,0.2931
-0.80248,-0.37496,0.27938
-0.76314,-0.32212,0.26747
-0.72403,-0.27604,0.25725
-0.68531,-0.23593,0.24855
-0.64708,-0.20113,0.2412
-0.60945,-0.17106,0.23504
-0.5725,-0.14525,0.2299
-0.53631,-0.12327,0.22566
-0.50095,-0.10476,0.22218
-0.52266,-0.11002,0.20332
-0.54517,-0.1154,0.18795
-0.56842,-0.12089,0.17515
-0.59238,-0.12649,0.16429
-0.61704,-0.13217,0.15496
-0.64237,-0.13794,0.14687
-0.66838,-0.14379,0.13983
-0.69506,-0.14972,0.13367
-0.72242,-0.15572,0.12832
-0.75046,-0.16179,0.12368
-0.71061,-0.17334,0.13908
-0.67103,-0.18744,0.14986
-0.63185,-0.20395,0.15755
-0.59318,-0.22274,0.16313
-0.5551,-0.24368,0.16726
-0.51765,-0.26668,0.17035
-0.48089,-0.29166,0.17268
-0.44486,-0.31855,0.17441
-0.40958,-0.34726,0.17567
-0.3751,-0.37776,0.17653
0,0,0
0,0,0
0,0,0
