0.020282,0.12976,-0.057281
0.020965,0.10357,-0.049519
0.02257,0.080625,-0.041107
0.025057,0.06073,-0.032574
0.028397,0.043703,-0.024433
0.032561,0.029371,-0.017021
0.037529,0.017578,-0.01067
0.043289,0.0081877,-0.0056036
0.04984,0.0010928,-0.0020266
0.05719,-0.0037741,-6.3262e-05
0.065355,-0.006436,0.00047382
0.078431,-0.007609,0.00030856
0.093115,-0.0088713,-0.00071159
0.10951,-0.010221,-0.0028357
0.12773,-0.011656,-0.0060403
0.14785,-0.013174,-0.010278
0.16998,-0.014774,-0.015527
0.1942,-0.016453,-0.021732
0.22059,-0.01821,-0.028876
0.24924,-0.020042,-0.036897
0.28021,-0.021949,-0.045788
0.25652,-0.016848,-0.054427
0.23425,-0.0114,-0.065214
0.21333,-0.0056095,-0.078053
0.19373,0.00052336,-0.092952
0.17541,0.0069993,-0.10985
0.15833,0.013822,-0.12876
0.14246,0.020995,-0.14963
0.12779,0.028526,-0.17249
0.11427,0.036422,-0.19726
0.10192,0.044691,-0.22399
0.10909,0.044214,-0.18274
0.11653,0.043871,-0.14559
0.12426,0.043654,-0.11246
0.13229,0.043555,-0.083376
0.14065,0.043564,-0.058289
0.14936,0.043673,-0.037224
0.15845,0.043875,-0.020154
0.16794,0.044161,-0.0071005
0.17786,0.044527,0.0019461
0.18824,0.044967,0.0069675
0.19704,0.049565,0.0073489
0.20607,0.054392,0.0076148
0.21532,0.05945,0.0077322
0.2248,0.064736,0.00766
0.23451,0.070252,0.0073666
0.24446,0.075996,0.0068134
0.25465,0.081966,0.0059748
0.26508,0.088161,0.0048165
0.27575,0.094578,0.0033188
0.28668,0.10121,0.0014501
0.2842,0.099094,0.001911
0.28178,0.096829,0.0029833
0.27943,0.094432,0.0044707
0.27714,0.091913,0.0062003
0.27493,0.089285,0.0080484
0.27279,0.086559,0.0099098
0.27073,0.083746,0.011714
0.26875,0.080854,0.0134
0.26685,0.077896,0.014928
0.26503,0.07488,0.016262
0.22986,0.059159,0.011785
0.19777,0.045944,0.0071342
0.1686,0.034942,0.0024092
0.14223,0.025896,-0.0023357
0.11853,0.018577,-0.0070597
0.097377,0.012779,-0.01174
0.078668,0.0083159,-0.016354
0.062297,0.0050183,-0.020888
0.048165,0.0027315,-0.025325
0.036175,0.0013142,-0.029656
0.043142,-0.00051505,-0.024892
0.050881,-0.0023257,-0.020543
0.059392,-0.0041232,-0.016545
0.068677,-0.0059128,-0.012857
0.078738,-0.0077002,-0.0094426
0.089578,-0.0094907,-0.0062751
0.1012,-0.01129,-0.0033247
0.1136,-0.013105,-0.00056437
0.12679,-0.014941,0.0020356
0.14076,-0.016822,0.0045026
0.14516,-0.016569,-0.0012467
0.14996,-0.015075,-0.0088337
0.15517,-0.012319,-0.018177
0.1608,-0.0082998,-0.029211
0.16687,-0.0030137,-0.041884
0.17339,0.0035431,-0.056153
0.18037,0.011376,-0.071986
0.18781,0.02049,-0.089358
0.19573,0.030892,-0.10825
0.20413,0.042588,-0.12866
0.19715,0.034123,-0.071499
0.19154,0.026834,-0.029317
0.18721,0.020651,-0.00068191
0.18412,0.015529,0.0154
0.18221,0.011432,0.019794
0.18008,0.0073755,0.026509
0.17679,0.0027183,0.044126
0.17236,-0.0025559,0.072326
0.16678,-0.0084641,0.11084
0.16004,-0.015023,0.15944
0.17155,-0.025262,0.17156
0.18391,-0.03387,0.18309
0.1971,-0.040851,0.19404
0.21114,-0.046211,0.20446
0.22603,-0.050029,0.21436
0.24147,-0.054572,0.22356
0.25734,-0.060867,0.23196
0.27364,-0.068919,0.23959
0.29036,-0.078729,0.24642
0.30752,-0.090299,0.25247
0.30634,-0.075894,0.18821
0.30277,-0.064849,0.14283
0.2976,-0.056463,0.10964
0.2913,-0.050307,0.08486
0.28416,-0.046096,0.066182
0.27639,-0.043412,0.052171
0.26838,-0.040231,0.042045
0.26028,-0.036104,0.035174
0.25214,-0.031038,0.031064
0.24401,-0.025044,0.029357
0.23763,-0.026458,0.029765
0.23121,-0.02785,0.031604
0.22477,-0.029183,0.034558
0.21835,-0.030436,0.038429
0.21195,-0.031591,0.043087
0.20558,-0.032636,0.048454
0.19924,-0.033562,0.054472
0.19293,-0.034362,0.061114
0.18667,-0.035031,0.06835
0.18044,-0.035566,0.076166
0.20313,-0.035531,0.065043
0.22711,-0.033062,0.056675
0.25248,-0.028121,0.050903
0.27929,-0.020666,0.04763
0.30762,-0.010651,0.046775
0.33752,0.0019691,0.048281
0.36903,0.017237,0.052099
0.40225,0.03522,0.057941
0.43753,0.056224,0.063291
0.47498,0.080349,0.067524
0.4685,0.082655,0.070842
0.46263,0.085222,0.070967
0.45678,0.087569,0.072294
0.4508,0.089589,0.075827
0.44472,0.091314,0.081298
0.43856,0.092771,0.088531
0.43234,0.093976,0.097416
0.42605,0.094943,0.10788
0.41971,0.095678,0.11986
0.41332,0.096192,0.13332
0.3787,0.12226,0.13181
0.34673,0.14909,0.13037
0.31727,0.17668,0.12905
0.2902,0.20505,0.12788
0.26541,0.23421,0.12687
0.24284,0.26417,0.12603
0.22238,0.29493,0.12537
0.20399,0.32651,0.12487
0.1876,0.3589,0.12454
0.17318,0.39213,0.12435
0.16137,0.31609,0.078659
0.14999,0.24901,0.050755
0.13947,0.19044,0.035049
0.13017,0.14001,0.026618
0.12301,0.098076,0.014755
0.11786,0.064022,-0.0011559
0.11447,0.037214,-0.020492
0.11265,0.017145,-0.042886
0.11219,0.0034289,-0.068107
0.11296,-0.0041888,-0.096071
0.10694,0.0030455,-0.079519
0.10184,0.014369,-0.064332
0.097743,0.029714,-0.050301
0.094704,0.049074,-0.037335
0.092794,0.072492,-0.025344
0.092069,0.10005,-0.014311
0.092576,0.13185,-0.004199
0.094349,0.16802,0.004974
0.097412,0.20868,0.013214
0.10178,0.25395,0.020485
0.10068,0.24317,0.020267
0.09965,0.23268,0.019563
0.098687,0.22245,0.018577
0.097775,0.21247,0.017421
0.09691,0.20273,0.016177
0.096085,0.19322,0.014883
0.0953,0.18393,0.013575
0.09455,0.17486,0.012266
0.093835,0.16601,0.010974
0.093152,0.15736,0.0097008
0.076813,0.14558,0.007373
0.062501,0.13463,0.0053102
0.050158,0.12443,0.0035647
0.039726,0.11487,0.0021248
0.031154,0.10588,0.00097405
0.024393,0.097382,6.5672e-05
0.019398,0.089302,-0.00063141
0.016127,0.081573,-0.0011707
0.014307,0.074175,-0.0015768
0.011609,0.067495,-0.0018105
0.013344,0.068129,-0.0013762
0.014436,0.068904,-0.0012331
0.017715,0.069231,-0.0014028
0.023209,0.069074,-0.0018616
0.030887,0.068414,-0.0025959
0.040711,0.067234,-0.0036229
0.052642,0.065526,-0.0049563
0.066639,0.063281,-0.0066313
0.082659,0.060494,-0.0086734
0.10066,0.057162,-0.011127
0.087301,0.057373,-0.015078
0.074825,0.057492,-0.020173
0.063248,0.057496,-0.025946
0.052578,0.057369,-0.032142
0.042817,0.057096,-0.03858
0.033965,0.056663,-0.045186
0.02602,0.056059,-0.051885
0.018977,0.05527,-0.058676
0.012834,0.054283,-0.065529
0.0075849,0.053084,-0.07247
0.009443,0.045308,-0.049008
0.010785,0.037869,-0.031414
0.011693,0.030827,-0.018653
0.012224,0.024238,-0.00999
0.012422,0.018158,-0.0048624
0.012319,0.01264,-0.0028518
0.0123,0.0078501,-0.0016235
0.012968,0.0040316,0.0020408
0.014358,0.0012515,0.0080389
0.016502,-0.00043894,0.01632
0.019979,0.002779,0.017001
0.024166,0.0083364,0.017321
0.029085,0.016367,0.017213
0.034768,0.02701,0.016623
0.041248,0.040404,0.015488
0.04856,0.056682,0.013769
0.056741,0.075968,0.011404
0.065829,0.098376,0.0083628
0.075856,0.12401,0.0045717
0.08686,0.15297,1.7604e-05
0.075196,0.12915,5.9764e-05
0.06451,0.10749,0.00091106
0.054753,0.087936,0.0022429
0.045898,0.070461,0.0038634
0.037924,0.055032,0.0055961
0.030825,0.041617,0.0073456
0.024591,0.030191,0.0089987
0.019222,0.020725,0.010504
0.014714,0.013191,0.01178
0.011068,0.00756,0.012798
0.010241,0.0070612,0.01042
0.0094202,0.0065781,0.0082185
0.0086099,0.006114,0.0061909
0.0078225,0.0056739,0.0043695
0.0070652,0.0052612,0.0027526
0.0063491,0.00488,0.0013671
0.0056826,0.0045337,0.00021264
0.0050761,0.0042257,-0.00068925
0.0045389,0.0039594,-0.0013373
0.0040805,0.0037368,-0.001715
0.0037435,0.0050817,-0.001754
0.0035355,0.0065318,-0.0018477
0.0034606,0.0080974,-0.0020028
0.0035214,0.0097877,-0.0022177
0.0037218,0.011615,-0.0024976
0.0040648,0.013592,-0.0028417
0.0045532,0.015733,-0.0032574
0.00519,0.018048,-0.0037411
0.0059138,0.020577,-0.0042825
0.0066334,0.023365,-0.0048497
0.0074231,0.025297,-0.0051958
0.0081769,0.027303,-0.0055026
0.0091683,0.029282,-0.0058496
0.010413,0.031222,-0.0062297
0.011922,0.033117,-0.0066474
0.013705,0.034956,-0.0070929
0.015775,0.036735,-0.0075682
0.018144,0.038444,-0.0080628
0.020825,0.040077,-0.0085769
0.02383,0.041628,-0.0090994
0.027423,0.037849,-0.00080014
0.032335,0.034733,0.010737
0.038517,0.032276,0.025379
0.045927,0.030465,0.043049
0.054523,0.029274,0.06367
0.064262,0.028671,0.087191
0.075092,0.02861,0.11354
0.086955,0.029039,0.14263
0.099789,0.029902,0.17438
0.11352,0.031139,0.20868
0.10995,0.038739,0.23155
0.10677,0.045832,0.25291
0.104,0.05243,0.27278
0.10168,0.058546,0.29126
0.09983,0.064191,0.30836
0.098468,0.069381,0.3242
0.097625,0.074135,0.33886
0.097317,0.078462,0.35239
0.097571,0.08238,0.36486
0.098396,0.085897,0.37631
0.08127,0.076119,0.30874
0.068061,0.068361,0.25494
0.057732,0.062033,0.21097
0.049611,0.056755,0.17434
0.043266,0.052277,0.14341
0.038385,0.048419,0.11702
0.034755,0.045058,0.094398
0.032204,0.042096,0.07492
0.030613,0.039464,0.058172
0.029878,0.037101,0.043788
0.027885,0.031655,0.035663
0.026351,0.026663,0.028508
0.025244,0.022086,0.022268
0.024529,0.017889,0.016848
0.024179,0.01404,0.012213
0.024167,0.010509,0.0082913
0.024471,0.0072703,0.0050613
0.025067,0.0042982,0.0024724
0.025936,0.001571,0.00051008
0.027059,-0.00093088,-0.00085803
0.020256,0.0023477,0.0020984
0.014785,0.0052671,0.0059465
0.010605,0.007822,0.010686
0.0076765,0.010008,0.016311
0.0059658,0.011822,0.022865
0.0054402,0.01326,0.030359
0.005424,0.014544,0.038864
0.0041958,0.016269,0.048385
0.0016482,0.018458,0.058917
-0.0022386,0.021102,0.070383
-0.0018942,0.015385,0.071408
-0.0016567,0.010681,0.071743
-0.0015474,0.0069973,0.071521
-0.0015897,0.0043374,0.070806
-0.0018062,0.0027052,0.069714
-0.0022125,0.0020698,0.068302
-0.002523,0.0011124,0.066718
-0.002552,-0.0008575,0.065025
-0.0023004,-0.0038321,0.063283
-0.0017764,-0.0078054,0.0615
0.0011881,-0.0059336,0.055291
0.0041841,-0.0048329,0.050278
0.007206,-0.0045407,0.046147
0.010267,-0.00509,0.042641
0.013505,-0.0062032,0.039596
0.017378,-0.0067776,0.036928
0.02197,-0.0067303,0.034586
0.027331,-0.0060876,0.032544
0.033508,-0.004879,0.030807
0.040545,-0.0031355,0.029398
0.035519,-0.0043143,0.032237
0.030675,-0.0052848,0.035147
0.026017,-0.0060569,0.038133
0.021548,-0.006641,0.041211
0.017273,-0.0070467,0.044382
0.013193,-0.0072836,0.047666
0.009314,-0.0073601,0.051055
0.0056382,-0.0072851,0.054574
0.0021706,-0.0070651,0.058209
-0.001087,-0.0067078,0.061986
-0.003757,-0.0063063,0.064883
-0.0062798,-0.0059666,0.06776
-0.0086526,-0.0056848,0.070592
-0.010878,-0.0054601,0.073413
-0.012951,-0.0052888,0.076193
-0.01487,-0.0051706,0.078971
-0.016627,-0.0051021,0.081715
-0.018212,-0.0050833,0.084468
-0.019621,-0.0051113,0.087196
-0.020853,-0.0051858,0.08994
-0.014625,-0.004564,0.067668
-0.0087926,-0.00431,0.050239
-0.003222,-0.0046566,0.036563
0.0022287,-0.0056368,0.025907
0.0076663,-0.0072375,0.017722
0.013143,-0.0094359,0.011701
0.018666,-0.012201,0.0076957
0.024214,-0.0155,0.005703
0.029754,-0.019299,0.0057683
0.035804,-0.023422,0.0056092
0.038438,-0.02289,0.0060069
0.041054,-0.022545,0.0063772
0.043649,-0.022384,0.0067177
0.046222,-0.022408,0.0070305
0.048769,-0.022615,0.0073126
0.05129,-0.023004,0.0075666
0.053782,-0.023573,0.007791
0.056245,-0.02432,0.0079877
0.058675,-0.025243,0.0081559
0.061103,-0.026268,0.0083071
0.0628,-0.027038,0.01083
0.064965,-0.02745,0.011795
0.066857,-0.027723,0.015051
0.068513,-0.027854,0.020631
0.07001,-0.027832,0.028355
0.071414,-0.027641,0.038069
0.072787,-0.02727,0.049632
0.074188,-0.026705,0.062912
0.075671,-0.025933,0.077778
0.077289,-0.02494,0.094107
0.081637,-0.025273,0.069676
0.085214,-0.025756,0.049069
0.088022,-0.026396,0.032583
0.090084,-0.027197,0.02048
0.091432,-0.028157,0.012968
0.092114,-0.029271,0.010204
0.092812,-0.030329,0.0070208
0.094017,-0.031166,-0.0011875
0.095634,-0.031801,-0.014504
0.09756,-0.032252,-0.033011
0.081037,-0.024312,-0.032273
0.066286,-0.017245,-0.031218
0.053251,-0.011045,-0.029908
0.041877,-0.0057016,-0.028421
0.032109,-0.0012023,-0.026795
0.023893,0.0024694,-0.025088
0.017178,0.0053339,-0.023325
0.011913,0.0074155,-0.021554
0.0080533,0.008743,-0.019791
0.0055594,0.00935,-0.018074
0.0046044,0.0047681,-0.013242
0.0046971,0.0011379,-0.009194
0.0058082,-0.0016075,-0.0059125
0.0078981,-0.0035092,-0.0033921
0.010626,-0.0052115,-0.0016352
0.013297,-0.0080987,-0.00066307
0.015804,-0.012253,-0.0004756
0.018085,-0.01773,-0.00029738
0.020106,-0.024582,0.00062379
0.021824,-0.03285,0.0022938
0.016789,-0.032701,0.0010374
0.012036,-0.03269,0.00020812
0.0075776,-0.032818,-0.00020535
0.0034256,-0.03309,-0.00021361
-0.00042265,-0.033514,5.7687e-06
-0.0040051,-0.0341,-7.6356e-05
-0.0073313,-0.034863,-0.00050448
-0.010409,-0.035819,-0.0012869
-0.013248,-0.036986,-0.0024333
-0.015856,-0.038384,-0.0039527
-0.010537,-0.029554,-2.5526e-05
-0.006224,-0.022301,0.00098363
-0.0025595,-0.016426,0.0018431
0.00088353,-0.011737,0.0054102
0.0041967,-0.0080985,0.011603
0.0074636,-0.0054228,0.020392
0.010749,-0.0036773,0.031778
0.014078,-0.0028864,0.045793
0.017649,-0.0026942,0.062402
0.022232,-0.0015247,0.081451
0.019502,0.0008426,0.071713
0.017415,0.0035488,0.063315
0.015937,0.0065702,0.055927
0.015042,0.0098926,0.049333
0.014717,0.013514,0.043341
0.014957,0.017441,0.037835
0.015762,0.021691,0.032705
0.01714,0.026283,0.027896
0.018937,0.031329,0.023373
0.020805,0.03704,0.019167
0.024087,0.040812,0.024093
0.028756,0.044364,0.029336
0.03573,0.047318,0.034751
0.045084,0.049714,0.040319
0.056894,0.051576,0.045996
0.071235,0.052923,0.051748
0.088181,0.053764,0.057525
0.1078,0.0541,0.063296
0.13016,0.053931,0.069017
0.15532,0.053248,0.074675
0.14409,0.056116,0.064147
0.13363,0.058661,0.055685
0.12386,0.060889,0.048751
0.11472,0.062806,0.042981
0.10616,0.06442,0.038109
0.098148,0.065741,0.033947
0.090646,0.066775,0.030351
0.083635,0.067533,0.027217
0.077095,0.068023,0.02446
0.071008,0.068253,0.02202
0.082793,0.08543,0.014511
0.095895,0.10449,0.0077474
0.11032,0.12543,0.001768
0.12607,0.14826,-0.0033746
0.14316,0.17298,-0.0076367
0.16159,0.19959,-0.010976
0.18135,0.22809,-0.013352
0.20245,0.25849,-0.014731
0.22486,0.29077,-0.015804
0.24854,0.32492,-0.017716
0.23617,0.29325,-0.018668
0.22462,0.26303,-0.020775
0.21387,0.23422,-0.023766
0.20392,0.20677,-0.02747
0.19478,0.18065,-0.031765
0.18645,0.15583,-0.036566
0.1789,0.13227,-0.041805
0.17215,0.10995,-0.04743
0.16618,0.088842,-0.053396
0.16099,0.068924,-0.059668
0.13681,0.080322,-0.033795
0.11638,0.090072,-0.016647
0.099558,0.098227,-0.0062613
0.086203,0.10482,-0.0014026
0.076176,0.10988,-0.0002875
0.069238,0.11352,0.0038102
0.065227,0.11573,0.011816
0.063964,0.1165,0.023529
0.061697,0.11784,0.038672
0.056335,0.12083,0.057045
0.048916,0.10592,0.04718
0.04224,0.092207,0.038609
0.036254,0.079622,0.031134
0.030911,0.068119,0.024623
0.026165,0.057653,0.018982
0.02197,0.048182,0.014146
0.018282,0.039673,0.010068
0.015054,0.03209,0.0067149
0.012241,0.025406,0.00406
0.0097927,0.019592,0.0020859
0.0088558,0.018459,0.0013851
0.0078951,0.017381,0.00080671
0.00691,0.016361,0.0003659
0.0059002,0.015401,7.6707e-05
0.0048661,0.014506,-4.8396e-05
0.0038133,0.013674,-0.0001478
0.00275,0.012905,-0.00043209
0.0016771,0.012201,-0.00091068
0.00059525,0.011564,-0.0015907
-0.00049456,0.010995,-0.0024777
0.0024294,0.013056,-0.0017832
0.0054185,0.015622,-0.001198
0.0084663,0.018678,-0.00072875
0.011565,0.022209,-0.00037268
0.014708,0.0262,-0.00012263
0.017887,0.030638,2.979e-05
0.021096,0.035509,9.1957e-05
0.024357,0.040787,0.00011918
0.02793,0.046302,0.00021786
0.031874,0.052006,0.00039237
0.03367,0.053716,0.0019399
0.035676,0.055356,0.0047091
0.037906,0.056922,0.0085943
0.040375,0.058405,0.0135
0.043097,0.059799,0.01934
0.046085,0.061098,0.026029
0.049352,0.062293,0.03349
0.052912,0.063377,0.041646
0.056776,0.064343,0.050425
0.060958,0.065184,0.059762
0.060271,0.064971,0.04055
0.059599,0.064917,0.026028
0.058954,0.064989,0.015285
0.058341,0.065162,0.0076793
0.057765,0.065414,0.0027434
0.05723,0.065726,0.0001313
0.056737,0.066083,-0.00053345
0.05627,0.066466,-0.0019485
0.055811,0.066868,-0.0050594
0.055352,0.06728,-0.0097402
0.041691,0.052627,-0.0068693
0.030209,0.039952,-0.0045371
0.020832,0.029146,-0.0027037
0.013487,0.0201,-0.0013509
0.0080925,0.012704,-0.00047504
0.0042577,0.0070405,-7.6594e-05
0.00098906,0.0035639,0.00012751
-0.0018292,0.0021684,0.00079007
-0.0042593,0.0027411,0.0019443
-0.007423,0.0035635,0.003592
-0.0070861,0.002327,0.0030643
-0.0069402,0.00090201,0.0025709
-0.0069873,-0.00070952,0.0021181
-0.0072288,-0.0025049,0.0017103
-0.0076649,-0.0044814,0.0013503
-0.0082954,-0.0066359,0.0010397
-0.0091188,-0.0089655,0.00077883
-0.010134,-0.011467,0.00056735
-0.011337,-0.014139,0.00040462
-0.012728,-0.016977,0.00028961
-0.0077736,-0.010311,0.00010122
-0.0040143,-0.0052409,-1.7522e-05
-0.0014779,-0.0018275,-0.00028532
-0.00019763,-0.00014498,-0.00068719
0.00017524,0.00030536,-0.0012037
0.0015237,0.0023155,-0.0018798
0.0041274,0.0061085,-0.0027541
0.0079793,0.011581,-0.0038295
0.013067,0.018667,-0.0051052
0.019385,0.027313,-0.0065786
0.020426,0.022762,-0.0062581
0.023555,0.016982,-0.0059592
0.028803,0.0099859,-0.0056746
0.036206,0.0017703,-0.005398
0.045802,-0.0076865,-0.0051234
0.057625,-0.018418,-0.0048459
0.071709,-0.030466,-0.0045615
0.088084,-0.043877,-0.0042669
0.10678,-0.058697,-0.0039601
0.12782,-0.074974,-0.0036413
0.11949,-0.069011,-0.0054934
0.11134,-0.063241,-0.0074748
0.10338,-0.057676,-0.0095062
0.095615,-0.052321,-0.011541
0.088054,-0.047186,-0.013541
0.080709,-0.042278,-0.015484
0.07359,-0.037603,-0.017347
0.066709,-0.033168,-0.019121
0.060077,-0.028979,-0.020799
0.053707,-0.025042,-0.022376
0.065424,-0.030725,-0.029112
0.078624,-0.037188,-0.036695
0.093376,-0.044478,-0.045111
0.10974,-0.05264,-0.054346
0.12778,-0.061717,-0.064389
0.14756,-0.071749,-0.075233
0.16912,-0.082778,-0.086869
0.1925,-0.094841,-0.099291
0.21777,-0.10797,-0.11249
0.24494,-0.12221,-0.12645
0.22706,-0.11957,-0.15596
0.21001,-0.11637,-0.18645
0.19377,-0.11268,-0.21785
0.17834,-0.10853,-0.25012
0.1637,-0.10398,-0.28323
0.14982,-0.099048,-0.31716
0.13672,-0.09378,-0.35187
0.12437,-0.088201,-0.38736
0.11278,-0.082337,-0.42356
0.10194,-0.076211,-0.46047
0.095634,-0.062473,-0.35516
0.094884,-0.043264,-0.27516
0.099177,-0.018947,-0.21207
0.1082,0.010346,-0.16118
0.12184,0.044671,-0.11963
0.14013,0.084228,-0.085707
0.1632,0.12931,-0.058334
0.1913,0.18025,-0.036844
0.2247,0.2374,-0.020811
0.26371,0.30106,-0.0099368
0.26965,0.30473,-0.0056017
0.27562,0.30832,-0.0030619
0.28161,0.31184,-0.002249
0.28764,0.31528,-0.0015385
0.29372,0.31864,0.00070313
0.29987,0.32191,0.0043799
0.30607,0.3251,0.0094024
0.31233,0.32822,0.015672
0.31864,0.33125,0.023097
0.32501,0.3342,0.031582
0.30758,0.30794,0.01759
0.29131,0.28349,0.0090844
0.27604,0.26069,0.0038148
0.26168,0.2394,0.00055418
0.24813,0.21949,-0.0013962
0.23533,0.20087,-0.002458
0.22321,0.18344,-0.0028929
0.21171,0.16713,-0.00295
0.20079,0.15185,-0.0032158
0.1904,0.13756,-0.003724
0.18913,0.12775,-0.0028838
0.18821,0.11804,-0.0020841
0.18764,0.10841,-0.00019908
0.1874,0.098842,0.0023427
0.18748,0.089326,0.0052716
0.18787,0.079849,0.008418
0.18857,0.070402,0.011672
0.18956,0.060977,0.014967
0.19084,0.051563,0.018256
0.1924,0.042154,0.021509
0.17378,0.036245,0.0066654
0.15639,0.030974,-0.00054874
0.14014,0.02628,-0.0024417
0.12493,0.022096,-0.0039156
0.11065,0.018365,-0.0084184
0.097289,0.015046,-0.015342
0.084823,0.012103,-0.024269
0.073236,0.0095045,-0.0349
0.062508,0.0072203,-0.047022
0.052624,0.0052236,-0.060477
0.0526,0.01899,-0.046853
0.054287,0.032942,-0.035561
0.057661,0.047116,-0.026252
0.062722,0.061538,-0.018687
0.069481,0.076228,-0.012706
0.077966,0.0912,-0.0081945
0.088216,0.10646,-0.0050728
0.10028,0.122,-0.0032773
0.11337,0.13848,-0.0027505
0.12644,0.15685,-0.002678
0.11876,0.14423,-0.0024718
0.11044,0.13316,-0.0023104
0.10316,0.12219,-0.0021875
0.097496,0.11077,-0.0020866
0.093415,0.098865,-0.00199
0.090881,0.08645,-0.0018804
0.089863,0.073491,-0.0017438
0.090338,0.059961,-0.0016181
0.092284,0.04583,-0.0015495
0.095689,0.031073,-0.0015427
0.079054,0.031381,-0.0010834
0.064488,0.031271,-0.00029819
0.051926,0.030703,0.0012673
0.041297,0.029636,0.0035854
0.032532,0.02803,0.0066317
0.025564,0.025846,0.010386
0.020328,0.023042,0.014834
0.016698,0.019632,0.019966
0.012881,0.017065,0.025775
0.0080707,0.015967,0.03226
0.0071434,0.017284,0.023847
0.0060548,0.018773,0.016823
0.0048037,0.020435,0.011087
0.0033861,0.022278,0.0065648
0.0017952,0.02431,0.003202
2.1942e-05,0.026541,0.0009601
-0.0019443,0.028984,-0.00018883
-0.0041163,0.03165,-0.00048329
-0.0065127,0.034534,-0.0015211
-0.009146,0.037644,-0.0036083
-0.00022446,0.034164,-0.0024312
0.0076104,0.031746,-0.0015771
0.014387,0.030379,-0.00098809
0.020134,0.030064,-0.00062341
0.024885,0.030815,-0.00045556
0.028668,0.032656,-0.00043541
0.031709,0.035448,-0.00031581
0.035662,0.037776,-3.6874e-05
0.040925,0.039332,0.00040162
0.047538,0.040125,0.00099788
0.047123,0.039357,0.0010011
0.046681,0.038584,0.0010066
0.04621,0.037805,0.0010137
0.045713,0.037023,0.0010218
0.045187,0.036238,0.0010305
0.044633,0.03545,0.0010396
0.044052,0.03466,0.0010485
0.043443,0.03387,0.0010571
0.042807,0.03308,0.0010652
0.042143,0.032292,0.0010726
0.043894,0.032808,0.0015566
0.045674,0.033281,0.0020509
0.047483,0.033712,0.0025382
0.049323,0.0341,0.0030036
0.051195,0.034447,0.0034365
0.0531,0.034753,0.0038282
0.055041,0.03502,0.0041734
0.057017,0.035248,0.0044677
0.059032,0.035438,0.0047086
0.061085,0.035592,0.0048948
0.064976,0.036716,0.0048795
0.068994,0.037837,0.0048955
0.07314,0.038955,0.0049409
0.077414,0.040071,0.0050134
0.081814,0.041184,0.0051115
0.086342,0.042295,0.0052328
0.090996,0.043403,0.0053758
0.095776,0.044507,0.005538
0.10068,0.045609,0.005718
0.10572,0.046708,0.0059132
0.12239,0.050746,0.0010744
0.14071,0.054763,-0.00045326
0.16077,0.058683,-0.0019643
0.18266,0.062433,-0.0061007
0.20647,0.065971,-0.012547
0.23228,0.069249,-0.021016
0.26015,0.072224,-0.03125
0.29013,0.074851,-0.04303
0.32227,0.077086,-0.056168
0.3566,0.078888,-0.070513
0.32577,0.055903,-0.040583
0.29741,0.034762,-0.020438
0.27137,0.015389,-0.0078262
0.24749,-0.002286,-0.0015133
0.22567,-0.018321,-1.6055e-05
0.2058,-0.032721,0.0045915
0.1878,-0.045528,0.014083
0.17158,-0.056792,0.028294
0.15708,-0.066551,0.047122
0.14422,-0.07484,0.070502
0.14846,-0.086659,0.054915
0.15311,-0.09852,0.041227
0.15818,-0.11043,0.029456
0.1637,-0.12238,0.019618
0.16967,-0.13439,0.011725
0.17609,-0.14645,0.0057889
0.18298,-0.15859,0.0018169
0.19036,-0.17079,-0.00018451
0.19821,-0.18308,-0.00077181
0.20654,-0.19546,-0.0029266
0.20136,-0.18507,-0.0011812
0.19675,-0.17433,-0.00079478
0.19275,-0.16325,-7.6384e-05
0.18934,-0.15185,0.0018612
0.18654,-0.14013,0.0049641
0.18434,-0.12812,0.0091906
0.18275,-0.11581,0.014509
0.18176,-0.10323,0.020892
0.18139,-0.090376,0.02832
0.18163,-0.07726,0.036775
0.18051,-0.083483,0.032055
0.17947,-0.089615,0.027806
0.17854,-0.095654,0.023958
0.1777,-0.1016,0.020461
0.17696,-0.10744,0.017274
0.17633,-0.11319,0.014371
0.1758,-0.11883,0.01173
0.17539,-0.12437,0.0093344
0.17509,-0.1298,0.0071732
0.17491,-0.13513,0.0052371
0.1676,-0.12801,0.0068944
0.16054,-0.12107,0.0090377
0.15372,-0.11429,0.011694
0.14714,-0.10768,0.014891
0.14079,-0.10123,0.018656
0.13467,-0.094947,0.023014
0.12877,-0.088826,0.027988
0.12309,-0.082868,0.033599
0.11762,-0.077072,0.039868
0.11237,-0.071439,0.046812
0.11586,-0.073832,0.039936
0.11943,-0.07629,0.033471
0.12307,-0.078812,0.02746
0.12677,-0.081396,0.02194
0.13055,-0.084042,0.016938
0.13439,-0.086748,0.012474
0.13829,-0.089512,0.0085649
0.14225,-0.092335,0.0052228
0.14628,-0.095214,0.0024557
0.15037,-0.09815,0.0002694
0.16066,-0.10749,-0.0024943
0.17137,-0.11726,-0.0034757
0.18244,-0.12742,-0.0068982
0.19387,-0.13798,-0.013173
0.20567,-0.14893,-0.022284
0.21783,-0.16028,-0.034214
0.23037,-0.17203,-0.048947
0.24328,-0.18418,-0.066468
0.25656,-0.19673,-0.08676
0.2702,-0.20968,-0.10981
0.26305,-0.19426,-0.091058
0.25638,-0.17894,-0.075253
0.2502,-0.16371,-0.06176
0.24452,-0.1486,-0.050167
0.23934,-0.13358,-0.040187
0.23467,-0.11867,-0.031623
0.2305,-0.10386,-0.024329
0.22683,-0.089153,-0.018203
0.22368,-0.074549,-0.013161
0.22103,-0.060048,-0.0091412
0.21832,-0.060559,-0.0077275
0.21562,-0.06126,-0.0063468
0.21293,-0.062138,-0.0051218
0.21025,-0.063184,-0.0041498
0.20758,-0.064386,-0.0035057
0.20493,-0.065734,-0.0032481
0.2023,-0.067221,-0.0031052
0.1997,-0.068848,-0.0025115
0.19713,-0.070606,-0.0014279
0.1946,-0.072487,0.00016852
0.21216,-0.08738,0.0017433
0.23078,-0.10364,0.0033998
0.25047,-0.12129,0.0050248
0.27126,-0.14037,0.0065432
0.29318,-0.16088,0.0079085
0.31625,-0.18286,0.0090947
0.34047,-0.2063,0.01009
0.36587,-0.23123,0.010889
0.39247,-0.25764,0.011494
0.42026,-0.28554,0.011903
0.43321,-0.311,0.018869
0.44675,-0.33697,0.027895
0.46087,-0.36346,0.039035
0.47557,-0.39049,0.05231
0.49085,-0.41804,0.067717
0.5067,-0.44613,0.085239
0.52311,-0.47474,0.10486
0.54008,-0.5039,0.12654
0.55761,-0.53358,0.15028
0.57568,-0.56379,0.17605
0.57151,-0.55543,0.14395
0.56758,-0.54737,0.11471
0.56387,-0.5396,0.088359
0.56038,-0.5321,0.064913
0.5571,-0.52486,0.044378
0.554,-0.51786,0.02676
0.55109,-0.51109,0.012063
0.54836,-0.50454,0.00028705
0.54579,-0.4982,-0.0085652
0.54339,-0.49206,-0.014496
0.49159,-0.4565,-0.01519
0.44361,-0.42266,-0.015102
0.39923,-0.39046,-0.014222
0.35822,-0.35981,-0.013867
0.32037,-0.33061,-0.014556
0.28551,-0.3028,-0.016304
0.25349,-0.27632,-0.019117
0.22415,-0.25111,-0.023004
0.19735,-0.2271,-0.027967
0.17297,-0.20426,-0.034011
0.17079,-0.19469,-0.021024
0.16942,-0.18469,-0.012388
0.16883,-0.17427,-0.0077768
0.169,-0.16343,-0.0065652
0.16999,-0.15229,-0.0034202
0.17181,-0.14088,0.0031944
0.17446,-0.12918,0.013169
0.17792,-0.11718,0.026413
0.1822,-0.10487,0.04285
0.1873,-0.092246,0.062412
0.19319,-0.094765,0.071309
0.19915,-0.097268,0.078962
0.20518,-0.099753,0.085394
0.21128,-0.10222,0.090677
0.21747,-0.10467,0.094896
0.22374,-0.10711,0.098148
0.2301,-0.10954,0.10052
0.23656,-0.11195,0.10209
0.24312,-0.11436,0.10293
0.24979,-0.11675,0.10311
0.2319,-0.12119,0.13579
0.21516,-0.12505,0.1713
0.19954,-0.12833,0.2094
0.18504,-0.13105,0.24996
0.17164,-0.1332,0.29278
0.15933,-0.13479,0.33775
0.14811,-0.13581,0.38471
0.13797,-0.13628,0.43354
0.1289,-0.1362,0.48407
0.12089,-0.13555,0.5362
0.13031,-0.14135,0.50833
0.14056,-0.14742,0.48878
0.15157,-0.15369,0.47504
0.16329,-0.16012,0.46553
0.17568,-0.16668,0.4591
0.18871,-0.17333,0.455
0.20237,-0.18008,0.45262
0.21664,-0.18692,0.45159
0.23151,-0.19383,0.45156
0.24695,-0.20083,0.45236
0.24105,-0.19024,0.43039
0.23563,-0.17977,0.40832
0.23069,-0.16944,0.38654
0.22622,-0.15923,0.36529
0.22223,-0.14915,0.34471
0.2187,-0.13918,0.32486
0.21562,-0.12932,0.30578
0.21299,-0.11955,0.28746
0.21079,-0.10987,0.2699
0.20902,-0.10027,0.25308
0.17399,-0.10327,0.19746
0.1436,-0.10452,0.15589
0.11773,-0.10391,0.12385
0.096301,-0.10136,0.098594
0.079252,-0.096821,0.078378
0.066545,-0.090265,0.061996
0.058072,-0.081713,0.048609
0.049117,-0.074444,0.037617
0.036812,-0.070411,0.028586
0.021126,-0.069573,0.021156
0.021368,-0.061943,0.0202
0.021432,-0.054881,0.018951
0.021296,-0.048393,0.017511
0.020935,-0.042481,0.015954
0.020328,-0.037146,0.014347
0.01945,-0.032392,0.012734
0.018276,-0.028218,0.011155
0.016782,-0.024625,0.0096351
0.014952,-0.021606,0.0081983
0.01341,-0.018712,0.0068503
0.017912,-0.021977,0.0083534
0.024034,-0.024982,0.010034
0.031778,-0.027797,0.01189
0.041144,-0.030487,0.013901
0.052131,-0.03311,0.016041
0.064742,-0.03572,0.01827
0.07898,-0.038365,0.020551
0.094848,-0.04109,0.022837
0.11235,-0.043936,0.025092
0.1315,-0.046938,0.027278
0.1148,-0.042108,0.015438
0.099136,-0.03788,0.0076326
0.084526,-0.034152,0.0027212
0.071008,-0.030836,-6.1736e-05
0.05862,-0.027853,-0.001247
0.0474,-0.025126,-0.0012873
0.037364,-0.022572,-0.0017283
0.028553,-0.02012,-0.0029443
0.021021,-0.017708,-0.0047601
0.014818,-0.015271,-0.0070369
0.015854,-0.017663,-0.018421
0.016924,-0.020232,-0.035434
0.018046,-0.023007,-0.058133
0.019236,-0.026017,-0.086566
0.020511,-0.029284,-0.12076
0.021885,-0.032834,-0.16075
0.023373,-0.036688,-0.20654
0.024989,-0.040868,-0.25817
0.026746,-0.045396,-0.31566
0.028659,-0.050292,-0.37905
0.033625,-0.057448,-0.29857
0.038461,-0.064434,-0.23055
0.043203,-0.07127,-0.17308
0.047883,-0.077981,-0.12497
0.052507,-0.084615,-0.085375
0.056932,-0.091331,-0.05374
0.061164,-0.098204,-0.029666
0.065246,-0.1053,-0.012877
0.069229,-0.11269,-0.0031751
0.073163,-0.12045,-0.00033051
0.074137,-0.11919,-0.00037366
0.074151,-0.11861,-0.00076914
0.074409,-0.11792,-0.0014794
0.075682,-0.11665,-0.0024145
0.077964,-0.11477,-0.003503
0.081252,-0.11228,-0.0046932
0.085541,-0.10917,-0.0059466
0.090832,-0.10543,-0.0072341
0.097125,-0.10107,-0.0085329
0.10442,-0.096075,-0.0098251
0.10309,-0.11067,-0.022216
0.10288,-0.12523,-0.039529
0.10382,-0.13975,-0.061672
0.10592,-0.15428,-0.088556
0.10918,-0.16883,-0.12009
0.11363,-0.18344,-0.15618
0.11924,-0.19813,-0.19673
0.12602,-0.21293,-0.24165
0.13391,-0.2279,-0.29083
0.14175,-0.24375,-0.34417
0.13654,-0.23391,-0.3307
0.13109,-0.2247,-0.321
0.12618,-0.21559,-0.3139
0.12199,-0.20646,-0.3087
0.11849,-0.19729,-0.30486
0.11569,-0.18807,-0.30207
0.11357,-0.17878,-0.30004
0.11213,-0.16943,-0.29863
0.11135,-0.15999,-0.29769
0.11124,-0.15047,-0.29713
0.12014,-0.14565,-0.20748
0.13047,-0.1405,-0.13829
0.14221,-0.13497,-0.085414
0.15536,-0.129,-0.046229
0.16992,-0.12256,-0.019006
0.18594,-0.11561,-0.0025662
0.20344,-0.1081,0.0039306
0.22241,-0.099882,0.0071881
0.24278,-0.090655,0.018996
0.26458,-0.080408,0.03928
0.24291,-0.057602,0.030756
0.22299,-0.037098,0.023549
0.20473,-0.018825,0.017417
0.18806,-0.0027114,0.012249
0.1729,0.01131,0.0080049
0.1592,0.023305,0.0046893
0.14688,0.033335,0.002326
0.13589,0.04146,0.00095218
0.12617,0.04773,0.00047368
0.11769,0.052165,-0.00058149
0.11362,0.042275,-0.00084197
0.11057,0.031412,-0.0011
0.10848,0.019543,-0.0013454
0.10732,0.0066353,-0.0015739
0.10705,-0.0073488,-0.0017829
0.10766,-0.022447,-0.0019733
0.10914,-0.038697,-0.0021479
0.11148,-0.056138,-0.0023095
0.1147,-0.074806,-0.0024623
0.11881,-0.09474,-0.0026103
0.11923,-0.084663,0.0010652
0.11991,-0.074809,0.0025451
0.12084,-0.065156,0.0031573
0.12197,-0.055653,0.006153
0.12331,-0.0463,0.011736
0.12489,-0.037096,0.019975
0.1267,-0.028041,0.030921
0.12876,-0.019134,0.044611
0.13109,-0.010375,0.061071
0.13369,-0.0017622,0.080323
0.13263,-0.011259,0.056065
0.13198,-0.020869,0.037029
0.13168,-0.030635,0.022541
0.13171,-0.040587,0.012122
0.13203,-0.050752,0.0054153
0.13263,-0.061152,0.002155
0.1335,-0.071812,0.0013878
0.13464,-0.082779,-0.0016445
0.13606,-0.094061,-0.0076484
0.13774,-0.10565,-0.016521
0.13467,-0.10687,-0.010907
0.13154,-0.10812,-0.0063741
0.12836,-0.1094,-0.0029113
0.12516,-0.1107,-0.00052128
0.12193,-0.112,0.00078734
0.1187,-0.1133,0.0010411
0.11547,-0.11458,0.0016849
0.11224,-0.11585,0.0034593
0.10904,-0.11709,0.0063851
0.10587,-0.11829,0.010484
0.11633,-0.12144,0.0029726
0.12748,-0.12441,0.00035842
0.13934,-0.12722,-0.0020537
0.15193,-0.12984,-0.0092772
0.16524,-0.13227,-0.021266
0.17928,-0.13449,-0.037975
0.19403,-0.13651,-0.059358
0.20948,-0.1383,-0.085372
0.22564,-0.13986,-0.11597
0.24249,-0.14118,-0.15111
0.22467,-0.1365,-0.099754
0.20775,-0.13209,-0.063803
0.19168,-0.1279,-0.038526
0.17643,-0.12389,-0.021139
0.16198,-0.12002,-0.0098813
0.1483,-0.11625,-0.0035915
0.13537,-0.11256,-0.0014611
0.12319,-0.10895,-8.9007e-05
0.11175,-0.10543,0.0044208
0.10105,-0.10199,0.011762
0.11245,-0.092172,0.011472
0.12571,-0.081551,0.0116
0.14084,-0.070129,0.012087
0.15785,-0.057907,0.012898
0.17676,-0.044887,0.01401
0.19757,-0.03107,0.015412
0.22031,-0.016461,0.017095
0.24497,-0.0010618,0.019055
0.27156,0.015124,0.021285
0.30011,0.032092,0.023779
0.28527,0.02587,0.024564
0.2709,0.020047,0.025468
0.25698,0.014607,0.026476
0.24349,0.009538,0.02758
0.23042,0.0048254,0.028773
0.21778,0.00045715,0.030051
0.20554,-0.0035798,0.03141
0.19371,-0.0072958,0.03285
0.18228,-0.010703,0.034368
0.17123,-0.013813,0.035964
0.1852,-0.019838,0.027242
0.19984,-0.02655,0.019945
0.21515,-0.033975,0.013843
0.23114,-0.042132,0.0087539
0.24781,-0.051042,0.0045286
0.26518,-0.060724,0.0010487
0.28323,-0.071193,-0.0017822
0.30198,-0.082464,-0.0040426
0.32143,-0.09455,-0.0057962
0.34156,-0.10746,-0.0070964
0.31821,-0.098719,-0.0050568
0.2959,-0.090325,-0.0022198
0.27461,-0.082273,0.00092999
0.25428,-0.074563,0.0041682
0.2349,-0.067197,0.0073912
0.21643,-0.060179,0.010551
0.19886,-0.053512,0.013627
0.18216,-0.047197,0.01661
0.16631,-0.041238,0.019496
0.1513,-0.035636,0.022285
0.15864,-0.029313,0.019011
0.16631,-0.022933,0.016137
0.17432,-0.016491,0.013586
0.18267,-0.0099837,0.0113
0.19135,-0.0034079,0.0092336
0.20036,0.0032377,0.0073533
0.2097,0.009953,0.0056319
0.21937,0.016738,0.0040491
0.22937,0.023592,0.002589
0.23969,0.030514,0.0012398
0.22849,0.024895,-0.0023775
0.218,0.019697,-0.0041313
0.20815,0.01489,-0.0044757
0.19885,0.010462,-0.005084
0.19003,0.0063912,-0.0066461
0.18167,0.0026486,-0.0090198
0.17372,-0.00079163,-0.012101
0.16615,-0.0039521,-0.015811
0.15893,-0.006854,-0.02009
0.15204,-0.0095163,-0.024889
0.13154,-0.033073,-0.02177
0.1145,-0.056585,-0.018896
0.10087,-0.080084,-0.016269
0.090612,-0.10359,-0.013896
0.083698,-0.12713,-0.011783
0.080107,-0.15071,-0.0099393
0.07983,-0.17434,-0.0083728
0.082863,-0.19801,-0.0070915
0.089211,-0.22174,-0.006103
0.097774,-0.24594,-0.0053904
0.10238,-0.25688,-0.0084405
0.10669,-0.26826,-0.012941
0.11156,-0.27976,-0.018813
0.11708,-0.29138,-0.025974
0.12326,-0.30311,-0.034357
0.1301,-0.31496,-0.043903
0.13761,-0.32694,-0.054556
0.14579,-0.33907,-0.066272
0.15464,-0.35133,-0.079002
0.16417,-0.36375,-0.092706
0.17178,-0.361,-0.078764
0.18035,-0.35778,-0.067126
0.18988,-0.35413,-0.057231
0.20034,-0.35006,-0.048717
0.21172,-0.3456,-0.041331
0.224,-0.34075,-0.034914
0.23718,-0.33554,-0.029343
0.25122,-0.32998,-0.024537
0.26612,-0.32408,-0.020426
0.28186,-0.31786,-0.016969
0.30325,-0.29731,-0.0072515
0.32677,-0.27618,-0.0033281
0.35274,-0.25448,0.010509
0.3811,-0.23219,0.032378
0.41182,-0.20932,0.060821
0.44488,-0.18587,0.09485
0.48026,-0.16183,0.13375
0.51794,-0.13722,0.17697
0.55793,-0.11205,0.22405
0.6002,-0.086322,0.27456
0.5782,-0.08619,0.21085
0.55762,-0.086193,0.16083
0.53825,-0.086306,0.11993
0.51994,-0.086514,0.085958
0.50258,-0.086809,0.057783
0.48608,-0.087185,0.03485
0.47036,-0.087637,0.016885
0.45537,-0.088161,0.0037634
0.44105,-0.088753,-0.0045543
0.42735,-0.089407,-0.0080746
0.42702,-0.12171,-0.0073544
0.42737,-0.15571,-0.0051871
0.42841,-0.19142,-0.00088384
0.43015,-0.22884,0.0061145
0.4326,-0.26801,0.016246
0.43576,-0.30891,0.029846
0.43964,-0.35159,0.047182
0.44424,-0.39603,0.068474
0.44955,-0.44226,0.093915
0.45559,-0.49029,0.12369
0.51177,-0.44554,0.0905
0.57507,-0.39911,0.060736
0.64543,-0.35101,0.035184
0.7228,-0.30125,0.014255
0.80712,-0.24984,-0.0018565
0.89834,-0.19681,-0.013092
0.9964,-0.14219,-0.019462
1.1012,-0.086017,-0.022292
1.2125,-0.028283,-0.028894
1.3303,0.030964,-0.040351
1.2265,0.033967,-0.030369
1.1309,0.037524,-0.023872
1.0426,0.041412,-0.02012
0.96097,0.04545,-0.018015
0.88527,0.049457,-0.014123
0.81502,0.053314,-0.0081209
0.74973,0.056919,-1.7898e-05
0.68898,0.060192,0.010179
0.63243,0.063061,0.02247
0.57976,0.065471,0.036855
0.54288,0.039727,0.044486
0.50811,0.01425,0.051715
0.47538,-0.010983,0.058672
0.44461,-0.035993,0.065449
0.41571,-0.060801,0.072108
0.38863,-0.085427,0.078691
0.36332,-0.10989,0.085223
0.33971,-0.1342,0.091725
0.31777,-0.15839,0.098204
0.29745,-0.18246,0.10467
0.29795,-0.17026,0.072249
0.29874,-0.15828,0.045637
0.29982,-0.14653,0.024476
0.30117,-0.13502,0.0085522
0.30281,-0.12375,-0.002268
0.30472,-0.11273,-0.0080671
0.3069,-0.10196,-0.0094713
0.30916,-0.09135,-0.013673
0.31144,-0.080893,-0.022811
0.31372,-0.070588,-0.036877
0.31658,-0.069436,-0.024938
0.31928,-0.068422,-0.016769
0.32183,-0.06753,-0.011927
0.32423,-0.066749,-0.010104
0.32655,-0.066089,-0.0093669
0.32889,-0.065582,-0.0061077
0.33124,-0.065218,-0.00033073
0.33361,-0.064985,0.0078697
0.336,-0.064875,0.018418
0.3384,-0.06488,0.031248
0.3778,-0.05572,0.042273
0.41972,-0.045967,0.056331
0.46418,-0.035636,0.073636
0.51117,-0.024739,0.09435
0.56069,-0.013289,0.11859
0.61271,-0.0012996,0.14643
0.66722,0.011214,0.17795
0.72421,0.024238,0.21319
0.78365,0.037756,0.25221
0.84552,0.051753,0.29509
0.80974,0.04111,0.27925
0.77473,0.030975,0.25274
0.74064,0.021263,0.2212
0.70755,0.011922,0.18794
0.67548,0.0029114,0.15488
0.64444,-0.0057952,0.12323
0.61442,-0.014222,0.093752
0.5854,-0.022386,0.067006
0.55739,-0.030304,0.043402
0.53035,-0.037989,0.023268
0.50264,-0.022591,0.021037
0.47648,-0.0083948,0.020736
0.45177,0.0045825,0.021627
0.42841,0.016325,0.023309
0.40634,0.026814,0.025555
0.38548,0.036035,0.028229
0.36578,0.043973,0.031252
0.34719,0.050615,0.03457
0.32965,0.055948,0.038152
0.31312,0.05996,0.041975
0.32101,0.054045,0.021866
0.3295,0.046767,0.0071762
0.33852,0.038133,-0.0033141
0.34804,0.028147,-0.010445
0.35803,0.016809,-0.014815
0.36846,0.0041188,-0.016858
0.37925,-0.0099127,-0.018404
0.39027,-0.02527,-0.021724
0.40153,-0.041963,-0.026643
0.41303,-0.059998,-0.032993
0.40654,-0.038406,-0.021086
0.4001,-0.018732,-0.018527
0.39437,-0.0010113,-0.011346
0.38935,0.014824,0.001085
0.38496,0.028843,0.017599
0.38116,0.041103,0.037492
0.37792,0.051648,0.060312
0.37519,0.060516,0.085755
0.37297,0.067736,0.1136
0.37122,0.073333,0.14369
0.39671,0.078828,0.12809
0.42322,0.084442,0.11542
0.45069,0.090178,0.10486
0.47912,0.096036,0.095812
0.50846,0.10202,0.087864
0.53869,0.10812,0.080721
0.56981,0.11434,0.074162
0.6018,0.12067,0.068038
0.63465,0.12712,0.062234
0.66834,0.13367,0.056673
0.63083,0.12573,0.017994
0.59616,0.11815,-0.0065074
0.56393,0.11091,-0.020236
0.53383,0.10399,-0.025151
0.50549,0.097387,-0.025778
0.47826,0.091102,-0.03258
0.45201,0.085109,-0.045743
0.42665,0.079381,-0.064839
0.40213,0.07389,-0.089532
0.37835,0.068617,-0.11956
0.34503,0.059764,-0.10206
0.31422,0.051628,-0.088216
0.28577,0.044145,-0.076841
0.25949,0.037267,-0.067223
0.23522,0.030947,-0.05891
0.21283,0.025147,-0.051614
0.19218,0.019831,-0.045138
0.17315,0.014968,-0.039347
0.15562,0.010528,-0.034144
0.13949,0.0064847,-0.029457
0.13157,0.0030325,-0.024429
0.12404,-0.00030687,-0.019979
0.1169,-0.0035373,-0.016084
0.11011,-0.0066624,-0.012723
0.10365,-0.0096865,-0.0098798
0.097517,-0.012614,-0.0075397
0.091681,-0.015448,-0.0056909
0.086129,-0.018194,-0.0043228
0.080847,-0.020857,-0.0034264
0.07582,-0.023441,-0.0029858
0.078944,-0.025838,-0.0030562
0.082161,-0.02833,-0.0031208
0.085471,-0.030917,-0.0031858
0.088871,-0.033602,-0.0032525
0.092361,-0.036384,-0.0033223
0.095938,-0.039264,-0.0033956
0.099601,-0.042244,-0.0034734
0.10335,-0.045323,-0.0035561
0.10718,-0.048503,-0.0036447
0.11109,-0.051784,-0.0037394
0.097813,-0.062477,-0.0024741
0.085958,-0.073286,0.0005711
0.075483,-0.084221,0.0061569
0.066341,-0.095296,0.014402
0.058491,-0.10653,0.025399
0.051906,-0.11793,0.039221
0.046566,-0.12951,0.055929
0.04246,-0.14129,0.075579
0.039586,-0.15328,0.098218
0.037946,-0.16547,0.1239
0.037676,-0.15075,0.094928
0.038405,-0.13636,0.070204
0.040103,-0.12235,0.049455
0.042742,-0.10875,0.03249
0.046304,-0.095607,0.019163
0.050771,-0.082941,0.0093615
0.056131,-0.070785,0.0029988
0.062374,-0.059167,5.2801e-06
0.069468,-0.048135,-0.0011544
0.077331,-0.037798,-0.0052109
0.069917,-0.037145,-0.0052079
0.062858,-0.036429,-0.0052552
0.056161,-0.03565,-0.005348
0.049832,-0.03481,-0.0054829
0.043878,-0.033913,-0.0056561
0.038304,-0.032959,-0.0058652
0.033116,-0.031952,-0.0061069
0.028318,-0.030893,-0.0063789
0.023917,-0.029787,-0.0066783
0.019915,-0.028634,-0.0070032
0.01594,-0.031381,-0.011071
0.012686,-0.034094,-0.016079
0.010134,-0.036785,-0.022025
0.0082781,-0.039464,-0.028905
0.0071245,-0.042138,-0.036709
0.0066912,-0.044814,-0.04543
0.0069132,-0.047509,-0.055056
0.0067378,-0.050383,-0.065582
0.0058337,-0.053486,-0.076998
0.0041669,-0.056826,-0.089302
0.0025159,-0.057668,-0.098609
0.00053952,-0.058548,-0.10819
-0.0017681,-0.059463,-0.11801
-0.0044125,-0.060412,-0.12807
-0.0073992,-0.061394,-0.13836
-0.010733,-0.062407,-0.14887
-0.014418,-0.063452,-0.15957
-0.018459,-0.064525,-0.17048
-0.022859,-0.065627,-0.18157
-0.027621,-0.066755,-0.19286
-0.022556,-0.067788,-0.13263
-0.017729,-0.069205,-0.086451
-0.013166,-0.070949,-0.051678
-0.0088877,-0.072986,-0.026547
-0.0049062,-0.075293,-0.0098454
-0.00123,-0.077857,-0.00073056
0.0021296,-0.080666,0.0016664
0.0048956,-0.083565,0.0064184
0.0069217,-0.086497,0.017507
0.0081904,-0.089482,0.03477
0.0084158,-0.092054,0.038373
0.0086273,-0.094638,0.041841
0.0088261,-0.097237,0.045149
0.0090138,-0.099852,0.048285
0.0091916,-0.10249,0.051233
0.0093607,-0.10514,0.053989
0.0095221,-0.10782,0.056545
0.0096772,-0.11052,0.0589
0.0098268,-0.11324,0.06105
0.0099721,-0.116,0.062999
0.0050265,-0.099701,0.075296
-0.0021421,-0.084838,0.088861
-0.011527,-0.071435,0.10364
-0.023125,-0.05951,0.1196
-0.036937,-0.049077,0.13668
-0.052959,-0.040143,0.15485
-0.071196,-0.032709,0.17406
-0.091653,-0.02677,0.19426
-0.11434,-0.022316,0.21539
-0.13926,-0.019336,0.23741
-0.11498,-0.02545,0.19166
-0.093262,-0.034195,0.15439
-0.073801,-0.045505,0.12342
-0.056363,-0.059336,0.097389
-0.040774,-0.075664,0.075377
-0.026899,-0.094491,0.05679
-0.014647,-0.11584,0.041223
-0.0039624,-0.13977,0.028411
0.0051802,-0.16633,0.018181
0.012779,-0.1956,0.010427
0.012684,-0.18394,0.020229
0.012178,-0.1727,0.03308
0.011292,-0.16187,0.048757
0.010052,-0.15145,0.067099
0.0084781,-0.14143,0.087987
0.0066812,-0.1318,0.11134
0.005103,-0.12253,0.13709
0.0038046,-0.11361,0.16518
0.0027914,-0.10505,0.19555
0.0020722,-0.096838,0.22815
0.0054114,-0.10957,0.1605
0.0081577,-0.12311,0.10699
0.010424,-0.13746,0.065541
0.012292,-0.15264,0.034788
0.013822,-0.16865,0.013832
0.015061,-0.18551,0.0020687
0.016058,-0.20321,-0.0011991
0.017181,-0.22167,-0.0072505
0.018583,-0.24084,-0.021643
0.020227,-0.26068,-0.044219
0.022436,-0.25637,-0.022415
0.027996,-0.25155,-0.0086864
0.036792,-0.24632,-0.002399
0.048692,-0.24082,-0.00040526
0.063466,-0.23527,0.007457
0.081161,-0.22976,0.021907
0.10187,-0.22438,0.042761
0.1257,-0.21917,0.069863
0.15276,-0.21418,0.10308
0.18316,-0.20944,0.14231
0.15858,-0.21555,0.11974
0.1365,-0.22168,0.1005
0.11672,-0.22784,0.083852
0.09906,-0.23404,0.069314
0.083376,-0.24028,0.056548
0.069537,-0.24655,0.045315
0.05743,-0.25287,0.035439
0.046959,-0.25923,0.026784
0.038042,-0.26564,0.019247
0.030609,-0.27209,0.012742
0.027174,-0.26172,0.017203
0.024035,-0.25153,0.021045
0.021181,-0.24154,0.024281
0.018602,-0.23173,0.026958
0.016289,-0.22211,0.029138
0.014232,-0.21268,0.030881
0.012426,-0.20345,0.032244
0.010861,-0.19441,0.033275
0.0095312,-0.18556,0.034017
0.0084303,-0.17691,0.034505
0.0080182,-0.18338,0.031195
0.0079074,-0.18995,0.027805
0.0078215,-0.19663,0.024383
0.0074,-0.20344,0.020974
0.0066431,-0.21037,0.017616
0.0055518,-0.21743,0.014342
0.0041279,-0.22462,0.011184
0.0023728,-0.23194,0.0081689
0.00028786,-0.2394,0.0053231
-0.0021252,-0.24698,0.0026718
0.0022609,-0.24206,0.01127
0.0053512,-0.23742,0.021975
0.0071837,-0.23304,0.034584
0.0078056,-0.22887,0.048947
0.0087905,-0.22483,0.064889
0.011119,-0.22088,0.082272
0.014773,-0.21699,0.10099
0.019733,-0.21316,0.12096
0.025988,-0.20936,0.1421
0.033524,-0.20559,0.16434
0.033153,-0.20549,0.11481
0.033236,-0.20583,0.079169
0.033645,-0.20647,0.053038
0.034298,-0.20733,0.033723
0.03514,-0.20835,0.019464
0.036133,-0.2095,0.0090691
0.037251,-0.21075,0.0017002
0.038473,-0.21208,-0.003248
0.039784,-0.21347,-0.0062258
0.041173,-0.21492,-0.0075748
0.038342,-0.22037,-0.0073739
0.035607,-0.22585,-0.0071253
0.032965,-0.23137,-0.0068495
0.030415,-0.23691,-0.0065546
0.027956,-0.24249,-0.0062434
0.025586,-0.2481,-0.0059133
0.023304,-0.25374,-0.005561
0.021111,-0.25942,-0.0051801
0.019003,-0.26512,-0.0047648
0.016982,-0.27087,-0.0043078
0.016342,-0.29221,-0.0068438
0.015698,-0.3144,-0.0085835
0.015044,-0.33745,-0.0094094
0.014337,-0.3613,-0.011054
0.013558,-0.38595,-0.01421
0.012707,-0.41138,-0.019036
0.01178,-0.4376,-0.025656
0.010778,-0.46461,-0.034167
0.0097004,-0.4924,-0.044643
0.0085486,-0.52098,-0.057143
0.0088124,-0.51187,-0.04593
0.0091317,-0.50286,-0.035692
0.0095004,-0.49393,-0.026876
0.0099193,-0.48508,-0.019786
0.010389,-0.4763,-0.014631
0.010915,-0.46759,-0.011555
0.011502,-0.45894,-0.010538
0.012187,-0.45041,-0.0085786
0.012979,-0.44205,-0.0043225
0.013871,-0.43384,0.0022784
0.0083713,-0.42773,0.0048532
0.0035588,-0.42206,0.0079703
-0.00056496,-0.4168,0.011639
-0.0039969,-0.41191,0.015872
-0.0067363,-0.40737,0.020688
-0.0087811,-0.40314,0.026105
-0.010132,-0.3992,0.032143
-0.01079,-0.39554,0.038824
-0.011552,-0.3921,0.046167
-0.01304,-0.38884,0.05419
-0.011294,-0.3459,0.041006
-0.0098747,-0.30595,0.028019
-0.0087888,-0.26892,0.016407
-0.0077038,-0.23472,0.0069989
-0.0063198,-0.20328,0.0003912
-0.0046597,-0.17452,-0.0029759
-0.0027396,-0.14833,-0.0033908
-0.00051397,-0.1245,-0.0063958
0.0020345,-0.10291,-0.013518
0.0049111,-0.083456,-0.024909
0.0059665,-0.083528,-0.027176
0.0070949,-0.083603,-0.029097
0.0082963,-0.083685,-0.030666
0.009571,-0.083776,-0.031887
0.01092,-0.08388,-0.032775
0.012342,-0.083999,-0.033347
0.01384,-0.084134,-0.033627
0.015413,-0.084286,-0.033639
0.017064,-0.084457,-0.033406
0.018793,-0.084647,-0.032955
0.017471,-0.062277,-0.029646
0.015979,-0.043461,-0.027797
0.014345,-0.028119,-0.027054
0.0126,-0.016171,-0.027203
0.01078,-0.0075319,-0.028109
0.0089268,-0.0021161,-0.029668
0.0070867,0.00015118,-0.031774
0.0054208,0.0013552,-0.034247
0.0042013,0.0055211,-0.036838
0.003463,0.012786,-0.039382
0.0026066,0.0070362,-0.054801
0.002019,0.0033558,-0.072342
0.0017039,0.0017431,-0.09213
0.0016272,0.001589,-0.11431
0.0015939,-0.00020544,-0.13901
0.0015383,-0.0040966,-0.16625
0.0012313,-0.010111,-0.19595
0.00060958,-0.018291,-0.22797
-0.00034383,-0.028678,-0.26211
-0.0016494,-0.041317,-0.29819
-0.00030273,-0.040514,-0.28985
0.0024557,-0.039867,-0.27834
0.0095129,-0.039577,-0.26441
0.020838,-0.039645,-0.24872
0.036431,-0.040077,-0.23179
0.05632,-0.040884,-0.21404
0.080556,-0.042077,-0.19579
0.10921,-0.043675,-0.17732
0.14236,-0.045694,-0.15884
0.1801,-0.048154,-0.14055
0.15774,-0.041213,-0.10513
0.13707,-0.034825,-0.08097
0.11801,-0.029011,-0.063921
0.10051,-0.023775,-0.051572
0.084518,-0.01911,-0.042456
0.069994,-0.015006,-0.035631
0.056907,-0.011447,-0.030481
0.045232,-0.0084172,-0.026583
0.034941,-0.0058995,-0.023649
0.026013,-0.0038751,-0.02147
0.027362,-0.0067678,-0.027889
0.028574,-0.011084,-0.035076
0.029627,-0.016932,-0.042993
0.030499,-0.024432,-0.051587
0.03117,-0.033703,-0.060807
0.031619,-0.044866,-0.070587
0.031829,-0.058044,-0.080865
0.031779,-0.073355,-0.091574
0.031453,-0.090914,-0.10265
0.030834,-0.11083,-0.11403
0.026798,-0.10883,-0.077558
0.022906,-0.10691,-0.050178
0.019173,-0.10506,-0.029997
0.015613,-0.10328,-0.015705
0.012236,-0.10159,-0.0063713
0.0090505,-0.099969,-0.0013106
0.0060666,-0.098421,6.876e-05
0.0033389,-0.096937,0.0023162
0.0008999,-0.095501,0.0076422
-0.0012473,-0.094101,0.01582
0.0011071,-0.095998,0.018566
0.003793,-0.097958,0.021508
0.0068111,-0.099981,0.024637
0.010161,-0.10207,0.02795
0.013845,-0.10423,0.031435
0.017862,-0.10645,0.035086
0.022213,-0.10874,0.038891
0.026898,-0.1111,0.042841
0.031919,-0.11354,0.046922
0.037274,-0.11604,0.051125
0.038011,-0.11216,0.040562
0.038787,-0.10834,0.031761
0.039595,-0.10459,0.024407
0.040432,-0.10091,0.01828
0.041296,-0.097302,0.013218
0.042183,-0.093762,0.0091077
0.043091,-0.090291,0.005863
0.044019,-0.08689,0.0034232
0.044965,-0.083558,0.0017422
0.045928,-0.080297,0.00078727
0.038386,-0.081464,-0.0003998
0.031381,-0.082757,-0.0054435
0.024878,-0.084182,-0.014386
0.018851,-0.085738,-0.026904
0.013283,-0.087427,-0.04277
0.0081646,-0.089252,-0.061817
0.00349,-0.091214,-0.083919
-0.00074003,-0.093316,-0.10898
-0.0045214,-0.095561,-0.13692
-0.0078465,-0.097946,-0.16767
-0.0053961,-0.093402,-0.10581
-0.0029461,-0.08896,-0.060328
-0.00048007,-0.084637,-0.028555
0.0020152,-0.080453,-0.0087547
0.0045525,-0.07644,0.00025185
0.0071614,-0.072584,0.0026967
0.0099128,-0.068732,0.013014
0.012813,-0.064911,0.032444
0.015865,-0.06116,0.060743
0.019073,-0.05751,0.097721
0.023121,-0.048271,0.10431
0.027167,-0.040067,0.11073
0.031213,-0.032858,0.11698
0.035263,-0.026613,0.12309
0.039317,-0.021306,0.12903
0.043376,-0.016915,0.13483
0.047439,-0.013429,0.14047
0.051504,-0.010838,0.14597
0.055569,-0.0091396,0.15131
0.05963,-0.0083368,0.15649
0.049539,-0.00681,0.14859
0.040278,-0.0053988,0.14216
0.031885,-0.0041127,0.13685
0.024394,-0.0029613,0.13242
0.017839,-0.0019528,0.12866
0.012251,-0.0010957,0.12546
0.0076587,-0.00039771,0.12268
0.0040873,0.0001336,0.12024
0.0015596,0.00049144,0.11808
9.4229e-05,0.00066955,0.11612
0.0016356,0.00040036,0.1023
0.0042918,-8.8016e-05,0.090109
0.0080481,-0.00079344,0.079204
0.012901,-0.0017176,0.069346
0.018856,-0.0028606,0.060358
0.025937,-0.0041831,0.052114
0.034167,-0.0056789,0.044534
0.043573,-0.0073524,0.037569
0.054182,-0.0092067,0.031199
0.066026,-0.011244,0.025414
0.056756,-0.010094,0.020378
0.048132,-0.0087365,0.015898
0.040122,-0.0074862,0.011985
0.032706,-0.0065942,0.0086386
0.02591,-0.0060535,0.0058563
0.019764,-0.0058584,0.0036283
0.014295,-0.0060043,0.0019452
0.0095332,-0.0064888,0.00079545
0.0055095,-0.0073123,0.00016919
0.0022514,-0.0084798,1.2412e-05
0.0050031,-0.0059812,0.0002975
0.0081494,-0.0042734,0.0014271
0.011649,-0.0033543,0.0034406
0.015444,-0.0032144,0.0063201
0.019485,-0.0037997,0.010041
0.023903,-0.0041678,0.01457
0.028734,-0.0039303,0.019875
0.033942,-0.0030898,0.025922
0.0395,-0.0016494,0.032678
0.045386,0.00038656,0.040109
0.049454,-0.0012886,0.040653
0.053685,-0.0029742,0.041281
0.058077,-0.0046698,0.041988
0.062625,-0.0063748,0.042773
0.067326,-0.0080887,0.043631
0.072178,-0.0098111,0.044561
0.077178,-0.011542,0.045561
0.082326,-0.01328,0.046629
0.08762,-0.015026,0.047763
0.093058,-0.01678,0.048963
0.0925,-0.019603,0.04387
0.092225,-0.020468,0.038734
0.091312,-0.023887,0.033662
0.089698,-0.030338,0.028743
0.087417,-0.039832,0.024044
0.084497,-0.052387,0.019617
0.080956,-0.068022,0.015506
0.076808,-0.086763,0.01175
0.072054,-0.10863,0.0083862
0.066692,-0.13366,0.005452
0.063118,-0.11399,0.012893
0.05966,-0.095742,0.022921
0.056282,-0.079012,0.035383
0.052952,-0.063877,0.050169
0.049636,-0.050412,0.0672
0.046304,-0.038688,0.086414
0.042927,-0.028765,0.10776
0.03948,-0.020692,0.1312
0.035941,-0.014504,0.15668
0.032295,-0.010222,0.18416
0.026668,-0.011727,0.16264
0.021256,-0.014635,0.14369
0.016006,-0.018939,0.12679
0.010871,-0.024633,0.11158
0.0058132,-0.031711,0.097772
0.00080325,-0.040167,0.085172
-0.0041804,-0.049995,0.073629
-0.0091515,-0.061189,0.06304
-0.014116,-0.073745,0.05333
-0.019075,-0.087657,0.044449
-0.014871,-0.0758,0.053013
-0.010595,-0.065059,0.061692
-0.0062457,-0.055392,0.070472
-0.0018206,-0.046761,0.079345
0.002683,-0.039134,0.08831
0.0072681,-0.032482,0.097364
0.011937,-0.026786,0.10651
0.016693,-0.022031,0.11573
0.021537,-0.018207,0.12504
0.026471,-0.015312,0.13441
0.030597,-0.012639,0.10687
0.034599,-0.011084,0.083632
0.03848,-0.010616,0.063995
0.042257,-0.011176,0.04747
0.046273,-0.011466,0.033709
0.050707,-0.010843,0.022464
0.055577,-0.0093101,0.013566
0.060902,-0.0068648,0.0069067
0.066704,-0.003498,0.0024243
0.073003,0.00080304,8.8674e-05
0.072606,0.0013923,-0.00017989
0.072176,0.0019905,-0.00027678
0.071713,0.0025981,-0.00030724
0.07122,0.0032155,-0.00042363
0.070696,0.0038424,-0.00060614
0.070143,0.004478,-0.00083362
0.069562,0.0051221,-0.0010889
0.068954,0.0057739,-0.001359
0.068318,0.0064331,-0.0016331
0.067657,0.0070992,-0.0019033
0.075518,0.0079347,-0.002717
0.083785,0.0088738,-0.003636
0.092457,0.0099212,-0.0046327
0.10153,0.01108,-0.0056809
0.11101,0.012354,-0.0067548
0.12089,0.013745,-0.0078326
0.13117,0.015256,-0.0088936
0.14186,0.016887,-0.0099219
0.15296,0.018639,-0.010903
0.16447,0.020513,-0.011825
0.14671,0.019905,-0.011888
0.1299,0.019386,-0.012736
0.11404,0.018933,-0.014249
0.099174,0.018523,-0.016383
0.085301,0.018135,-0.019119
0.07244,0.017749,-0.022458
0.060609,0.017345,-0.026407
0.049824,0.016902,-0.030975
0.040098,0.016403,-0.036169
0.031447,0.015829,-0.041999
0.029082,0.016191,-0.0374
0.026786,0.016489,-0.032987
0.024563,0.016722,-0.028784
0.022418,0.016888,-0.024812
0.020356,0.016987,-0.021088
0.018383,0.017018,-0.01763
0.016504,0.016979,-0.014449
0.014724,0.016869,-0.011559
0.01305,0.016689,-0.0089703
0.011489,0.016438,-0.0066927
0.016189,0.025781,-0.0024616
0.02169,0.037186,-0.00028461
0.027975,0.050643,0.00025624
0.035045,0.066124,0.0023284
0.042888,0.083612,0.0065643
0.051495,0.10309,0.012983
0.060857,0.12454,0.021592
0.070967,0.14794,0.032392
0.08182,0.17327,0.045376
0.093413,0.20052,0.060534
0.077438,0.1544,0.065194
0.063662,0.11472,0.068075
0.051985,0.081151,0.069508
0.042313,0.053412,0.069764
0.03456,0.031221,0.069056
0.028642,0.014316,0.067566
0.024477,0.0024542,0.06545
0.02199,-0.0045747,0.062859
0.021112,-0.0069337,0.059937
0.020322,-0.0091442,0.056834
0.021683,-0.0079914,0.048594
0.022774,-0.0076123,0.041634
0.023694,-0.0077268,0.035675
0.024822,-0.0072201,0.030509
0.02621,-0.0059755,0.025983
0.02787,-0.0039957,0.021985
0.029815,-0.0012783,0.018436
0.032059,0.0021831,0.015277
0.034616,0.0063983,0.012468
0.037502,0.011379,0.0099821
0.037542,0.016639,0.013291
0.037802,0.022353,0.017088
0.038283,0.028522,0.02138
0.038986,0.035144,0.026176
0.039913,0.042219,0.031484
0.041064,0.049746,0.037313
0.04244,0.057723,0.043672
0.044043,0.066149,0.05057
0.045872,0.075024,0.058018
0.047928,0.084344,0.066026
0.053148,0.083277,0.055515
0.059044,0.081952,0.045827
0.065619,0.08037,0.036998
0.072871,0.078536,0.029055
0.080801,0.07645,0.02202
0.089407,0.074116,0.015907
0.098687,0.071536,0.010727
0.10864,0.068712,0.0064871
0.11926,0.065644,0.003191
0.13054,0.062334,0.00083968
0.11358,0.070188,-0.00095749
0.098361,0.077348,-0.0038098
0.084896,0.083798,-0.010479
0.073199,0.089539,-0.020433
0.063287,0.094574,-0.033295
0.055171,0.098907,-0.048796
0.048862,0.10254,-0.066732
0.044367,0.10549,-0.086947
0.041693,0.10775,-0.1093
0.040843,0.10933,-0.13369
0.039077,0.10016,-0.094706
0.039175,0.091119,-0.064957
0.040986,0.082126,-0.042297
0.044396,0.073098,-0.025364
0.049328,0.063955,-0.01326
0.055736,0.054615,-0.0053898
0.063607,0.045,-0.00136
0.072958,0.03504,-0.00040361
0.083848,0.024718,0.0026468
0.096333,0.013996,0.0090163
0.082552,0.016157,-0.00048455
0.070364,0.01781,-0.0067365
0.059436,0.018889,-0.026716
0.049576,0.019484,-0.059419
0.040647,0.01966,-0.10421
0.03258,0.019447,-0.16069
0.025363,0.018852,-0.22852
0.019032,0.017857,-0.30734
0.013654,0.016432,-0.39664
0.0093174,0.014537,-0.49594
0.012057,0.01778,-0.41483
0.014939,0.020859,-0.35098
0.017979,0.023832,-0.2991
0.021188,0.026734,-0.25596
0.02457,0.02959,-0.21943
0.028131,0.032416,-0.1881
0.031874,0.035225,-0.16093
0.035803,0.038026,-0.1372
0.039922,0.040829,-0.11636
0.044234,0.04364,-0.09801
0.048325,0.05466,-0.071906
0.052804,0.066548,-0.049709
0.057678,0.07931,-0.031598
0.062957,0.092954,-0.017712
0.068652,0.1075,-0.0081706
0.074775,0.12295,-0.0030782
0.081338,0.13933,-0.0020524
0.088378,0.15676,0.0014949
0.095913,0.17528,0.00975
0.10395,0.19489,0.022811
0.10621,0.19492,0.0086693
0.10859,0.19498,0.00033357
0.11108,0.19505,-0.0030631
0.11367,0.19511,-0.0043118
0.11634,0.19506,-0.00912
0.11909,0.19491,-0.017446
0.12191,0.19466,-0.029026
0.12481,0.19432,-0.043646
0.12778,0.19389,-0.061138
0.13082,0.19337,-0.081358
0.11319,0.18528,-0.10695
0.098121,0.17672,-0.13419
0.085492,0.16768,-0.16287
0.075214,0.15816,-0.19285
0.067212,0.14816,-0.22402
0.061428,0.13766,-0.25629
0.056142,0.1274,-0.28958
0.049012,0.11839,-0.32383
0.040034,0.11063,-0.35892
0.029213,0.10412,-0.39478
0.035037,0.1109,-0.3555
0.040715,0.11791,-0.32291
0.046274,0.12516,-0.29513
0.051735,0.13266,-0.27098
0.057112,0.14043,-0.2496
0.06242,0.14846,-0.2304
0.067667,0.15676,-0.21295
0.072864,0.16534,-0.19695
0.078017,0.17419,-0.18214
0.083132,0.18332,-0.16836
0.075196,0.16332,-0.16557
0.067227,0.14502,-0.16418
0.060096,0.12795,-0.16389
0.054124,0.11184,-0.1645
0.049257,0.096658,-0.16586
0.045448,0.082337,-0.16785
0.042655,0.068829,-0.17038
0.040845,0.056091,-0.17338
0.039988,0.044081,-0.17677
0.040061,0.032763,-0.18052
0.049956,0.038667,-0.16705
0.06098,0.044908,-0.15447
0.073145,0.051472,-0.14268
0.086467,0.058346,-0.13159
0.10096,0.065516,-0.12113
0.11664,0.072969,-0.11126
0.13352,0.080691,-0.10194
0.1516,0.088667,-0.09314
0.17091,0.096886,-0.084835
0.19143,0.10533,-0.077007
0.15084,0.10807,-0.086256
0.1173,0.10851,-0.094363
0.090318,0.10678,-0.10168
0.069485,0.103,-0.10844
0.054436,0.097268,-0.11481
0.044867,0.089647,-0.12089
0.039154,0.080864,-0.12677
0.02992,0.074488,-0.1325
0.016157,0.070989,-0.13809
-0.0021453,0.070357,-0.14354
0.013329,0.0684,-0.16221
0.025125,0.068449,-0.18089
0.033276,0.070527,-0.19958
0.037804,0.074665,-0.21828
0.042454,0.07903,-0.23696
0.050994,0.081755,-0.25556
0.063455,0.082833,-0.274
0.079874,0.08225,-0.29223
0.10029,0.079989,-0.31016
0.12473,0.076026,-0.32773
0.11671,0.072373,-0.3157
0.10871,0.068886,-0.30739
0.10078,0.065553,-0.30174
0.092963,0.062363,-0.2981
0.085309,0.059299,-0.29596
0.077849,0.056349,-0.295
0.070621,0.053497,-0.29498
0.063656,0.050728,-0.29572
0.056986,0.048028,-0.29708
0.050641,0.045383,-0.29897
0.060452,0.056097,-0.25171
0.071131,0.06771,-0.21083
0.082674,0.080227,-0.1752
0.095076,0.093641,-0.14403
0.10833,0.10795,-0.11678
0.12242,0.12313,-0.093015
0.13734,0.13917,-0.072457
0.15307,0.15607,-0.054866
0.16962,0.1738,-0.040073
0.18697,0.19235,-0.027932
0.18145,0.18492,-0.033685
0.17606,0.17754,-0.039183
0.17077,0.17023,-0.044469
0.16561,0.16299,-0.049587
0.16055,0.15583,-0.054599
0.1556,0.14874,-0.05955
0.15077,0.14174,-0.064491
0.14603,0.13483,-0.06945
0.14141,0.12802,-0.074465
0.13688,0.1213,-0.079555
0.13315,0.12755,-0.05389
0.12986,0.1335,-0.033952
0.12697,0.13918,-0.019127
0.12445,0.14462,-0.0089746
0.12227,0.14985,-0.0031796
0.1204,0.15488,-0.0014773
0.11884,0.15978,0.00078984
0.11759,0.16456,0.006863
0.11662,0.16923,0.016633
0.11595,0.17381,0.030021
0.12404,0.19569,0.014051
0.13324,0.21839,0.0039911
0.14353,0.24189,-0.0010427
0.15489,0.26616,-0.0022594
0.16729,0.29115,-0.0056795
0.18071,0.31684,-0.01251
0.19515,0.34323,-0.022408
0.2106,0.3703,-0.035094
0.22677,0.39821,-0.050338
0.24312,0.42726,-0.067948
0.21491,0.3776,-0.069032
0.18845,0.33126,-0.069975
0.16373,0.28817,-0.070749
0.14075,0.24829,-0.07135
0.11949,0.21156,-0.071776
0.099958,0.17794,-0.072035
0.082134,0.14738,-0.072132
0.066014,0.11984,-0.072077
0.051591,0.095278,-0.071877
0.038859,0.073655,-0.071539
0.037081,0.068897,-0.059016
0.035196,0.064237,-0.049555
0.033232,0.059687,-0.042321
0.03121,0.055256,-0.036744
0.029149,0.050951,-0.032423
0.027067,0.04678,-0.029071
0.024976,0.04275,-0.026481
0.022891,0.038865,-0.024499
0.020825,0.035134,-0.023014
0.018788,0.03156,-0.02194
0.02538,0.042618,-0.022391
0.032865,0.055261,-0.022823
0.041229,0.069458,-0.023206
0.050459,0.085177,-0.023513
0.060541,0.10239,-0.02372
0.071467,0.12107,-0.023806
0.083225,0.14118,-0.02376
0.095807,0.16271,-0.023576
0.10921,0.18564,-0.023255
0.12341,0.20994,-0.022806
0.11419,0.19326,-0.01566
0.10553,0.17764,-0.009944
0.097397,0.163,-0.0056457
0.089747,0.1493,-0.0027437
0.08255,0.13649,-0.0012122
0.075776,0.12451,-0.00079644
0.069409,0.11332,0.00047257
0.063423,0.10288,0.003024
0.05779,0.09315,0.0068345
0.052486,0.084091,0.011884
0.05083,0.081543,0.01442
0.049191,0.079125,0.017103
0.047566,0.076827,0.01992
0.045954,0.074644,0.022866
0.04435,0.072567,0.025932
0.042754,0.07059,0.029115
0.041163,0.068709,0.032409
0.039575,0.066917,0.035812
0.037988,0.06521,0.039318
0.0364,0.063584,0.042927
0.035889,0.065033,0.036876
0.035217,0.066559,0.031168
0.034388,0.068167,0.025838
0.033405,0.069861,0.020925
0.032271,0.071646,0.016458
0.030989,0.073527,0.012465
0.029563,0.075509,0.0089689
0.027997,0.077596,0.0059919
0.026293,0.079793,0.0035522
0.024455,0.082105,0.0016666
0.020686,0.08199,0.0063744
0.01678,0.082007,0.013621
0.012715,0.082147,0.023368
0.0084721,0.082407,0.035581
0.0040354,0.082784,0.050232
-0.0006105,0.083281,0.067298
-0.0054773,0.0839,0.086751
-0.010575,0.084646,0.10857
-0.015911,0.085527,0.13274
-0.021489,0.086549,0.15924
-0.016776,0.073387,0.13337
-0.012392,0.061543,0.11124
-0.0083907,0.050956,0.092113
-0.004818,0.041576,0.075495
-0.0017193,0.033357,0.061039
0.00086157,0.026257,0.048492
0.0028811,0.020242,0.037667
0.0042953,0.01528,0.028417
0.0050585,0.011341,0.020626
0.0051226,0.0084016,0.014197
0.00080146,0.0069205,0.013877
-0.004915,0.0074538,0.013553
-0.012049,0.010013,0.013233
-0.020638,0.014638,0.012917
-0.030757,0.021327,0.012607
-0.04315,0.029094,0.012311
-0.05813,0.037571,0.012032
-0.075735,0.046763,0.011765
-0.095994,0.056676,0.011508
-0.11893,0.067311,0.011256
-0.10221,0.063749,0.010405
-0.088039,0.059137,0.01027
-0.076255,0.05344,0.010699
-0.066287,0.047229,0.011603
-0.056177,0.043058,0.012914
-0.045624,0.041137,0.014604
-0.034546,0.041389,0.016656
-0.02287,0.043761,0.019055
-0.010529,0.048224,0.021786
0.0025275,0.054772,0.02484
-0.0019488,0.054034,0.021898
-0.0065043,0.053519,0.018993
-0.01114,0.053226,0.016178
-0.015858,0.053152,0.013499
-0.020657,0.053296,0.010993
-0.025537,0.053655,0.008691
-0.030499,0.054228,0.0066193
-0.03554,0.055011,0.0047983
-0.04066,0.056003,0.0032451
-0.045856,0.057203,0.0019732
-0.042379,0.052546,0.0047891
-0.039152,0.048183,0.0082768
-0.036151,0.044092,0.012188
-0.033357,0.040257,0.01635
-0.030751,0.036663,0.020641
-0.028318,0.033298,0.024976
-0.026043,0.03015,0.029296
-0.023914,0.02721,0.033556
-0.021919,0.024469,0.037727
-0.020047,0.021918,0.04179
-0.017058,0.02117,0.038027
-0.014163,0.020609,0.034569
-0.011356,0.020225,0.031376
-0.0086291,0.020009,0.028416
-0.0059772,0.019955,0.025665
-0.0033942,0.020055,0.023103
-0.0008743,0.020307,0.020714
0.0015879,0.020704,0.018486
0.0039975,0.021246,0.016408
0.0063598,0.021929,0.014473
0.0065326,0.016483,0.014076
0.0061758,0.011991,0.013442
0.0053724,0.0084051,0.012606
0.0042012,0.0056829,0.011606
0.0028872,0.003669,0.010484
0.0022663,0.0017375,0.0092895
0.0024311,-0.0001713,0.0080778
0.0033753,-0.0020441,0.0069084
0.0051229,-0.0038974,0.0058341
0.0075531,-0.0059929,0.0048871
0.0054805,-0.0045772,0.0047498
0.0036669,-0.003423,0.004718
0.0021145,-0.0025366,0.004778
0.00082609,-0.001924,0.0049166
-0.00019568,-0.0015902,0.0051197
-0.00094817,-0.0015389,0.0053685
-0.0014294,-0.001771,0.0056411
-0.0018903,-0.0020868,0.0059128
-0.002684,-0.0022038,0.0061621
-0.0038072,-0.0021188,0.0063759
-0.0025432,0.00063295,0.011016
-0.0025011,0.0020495,0.016975
-0.0027837,0.003217,0.024115
-0.0020387,0.0057853,0.032287
-0.00026764,0.0097091,0.041395
0.0025078,0.01493,0.051388
0.0062656,0.021396,0.062252
0.010985,0.029061,0.074003
0.016645,0.037886,0.086675
0.023228,0.047835,0.10032
0.025283,0.043282,0.063601
0.026618,0.039447,0.035209
0.027229,0.036325,0.015148
0.027107,0.033908,0.0034111
0.026259,0.03218,-7.5885e-05
0.025631,0.030338,-0.0049299
0.025807,0.02788,-0.018078
0.026788,0.024797,-0.039524
0.028576,0.021079,-0.069282
0.031175,0.01672,-0.10737
0.028758,0.0157,-0.10046
0.02641,0.014677,-0.093316
0.024134,0.013653,-0.086039
0.021933,0.012631,-0.078725
0.019809,0.011615,-0.071447
0.017768,0.010608,-0.064279
0.015811,0.0096144,-0.057278
0.013943,0.0086382,-0.050502
0.012167,0.0076836,-0.043993
0.010489,0.0067554,-0.037799
0.012015,0.0064482,-0.031176
0.013759,0.0060007,-0.025332
0.015717,0.0054068,-0.020189
0.017885,0.0046593,-0.015693
0.02026,0.0037504,-0.011799
0.02284,0.0026714,-0.0084783
0.025623,0.0014141,-0.0057058
0.028609,-2.9988e-05,-0.0034639
0.031795,-0.0016689,-0.0017385
0.035183,-0.0035101,-0.00051736
0.027976,-0.0083566,0.00095997
0.022357,-0.011584,0.0060313
0.01822,-0.013241,0.015437
0.015495,-0.013349,0.028778
0.013582,-0.012548,0.046097
0.010432,-0.013156,0.067664
0.0058039,-0.01542,0.093773
-0.0003697,-0.019406,0.1246
-0.0081534,-0.025193,0.16014
-0.017606,-0.032865,0.20022
-0.017698,-0.030923,0.13995
-0.017647,-0.029175,0.094829
-0.017476,-0.027589,0.061038
-0.017211,-0.026134,0.036161
-0.016876,-0.024787,0.018577
-0.016493,-0.023526,0.0071753
-0.016085,-0.022334,0.0011841
-0.015667,-0.021195,-0.00024399
-0.015199,-0.020116,-0.0037091
-0.014677,-0.019092,-0.011581
-0.013403,-0.016712,-0.0043033
-0.012059,-0.014516,-0.00060266
-0.010683,-0.012497,0.00028454
-0.0093522,-0.01064,0.0035728
-0.0081009,-0.0089476,0.010296
-0.0069436,-0.0074287,0.020443
-0.0059059,-0.0060746,0.034014
-0.0050759,-0.0048095,0.05101
-0.0044719,-0.0036127,0.071421
-0.0041034,-0.0024665,0.095225
-0.005172,-0.0018919,0.10343
-0.0066519,-0.00095845,0.11184
-0.008529,0.00032197,0.12043
-0.010789,0.0019376,0.12918
-0.013418,0.0038773,0.13804
-0.016404,0.0061305,0.14702
-0.019734,0.0086877,0.15606
-0.023398,0.01154,0.16516
-0.027386,0.01468,0.17428
-0.03169,0.018102,0.18342
-0.026943,0.016029,0.15005
-0.022804,0.014245,0.12139
-0.019215,0.012701,0.096742
-0.016125,0.011355,0.075599
-0.013491,0.010167,0.057577
-0.011277,0.009105,0.042383
-0.0094477,0.0081375,0.029787
-0.0079739,0.007237,0.019599
-0.0068281,0.0063772,0.011667
-0.005883,0.0056391,0.0058578
-0.0034329,0.0032028,0.010298
-0.0016592,0.0014538,0.015785
-0.00061149,0.00034281,0.022359
-0.00030281,-0.00014365,0.030131
-0.00016833,-0.0005254,0.039233
0.00062854,-0.0015834,0.049762
0.0021021,-0.0033147,0.061767
0.0042571,-0.0057111,0.075245
0.0070967,-0.0087666,0.090154
0.010623,-0.012478,0.10642
0.012163,-0.015018,0.090002
0.013613,-0.017842,0.075444
0.014982,-0.020949,0.062515
0.016277,-0.024346,0.051048
0.017505,-0.028041,0.040913
0.018674,-0.032048,0.032014
0.019793,-0.036387,0.024278
0.020868,-0.041076,0.017653
0.021907,-0.046137,0.012101
0.022914,-0.051595,0.0075949
0.023315,-0.045404,0.012627
0.023335,-0.039777,0.019339
0.022999,-0.034706,0.027883
0.02233,-0.030186,0.038372
0.021348,-0.026214,0.050882
0.020068,-0.022792,0.065458
0.018498,-0.019922,0.082117
0.016643,-0.01761,0.10086
0.014733,-0.015634,0.12169
0.013365,-0.013404,0.14461
0.016806,-0.017889,0.13468
0.021168,-0.022502,0.12463
0.025808,-0.027871,0.11455
0.030498,-0.034212,0.10456
0.035229,-0.041519,0.094721
0.03999,-0.049783,0.085114
0.044773,-0.058995,0.075789
0.049569,-0.069147,0.066796
0.054368,-0.08023,0.058176
0.059161,-0.092234,0.049973
0.061482,-0.091388,0.03524
0.063592,-0.090495,0.023634
0.0655,-0.089572,0.014682
0.067216,-0.088636,0.0080282
0.068748,-0.087701,0.003401
0.070104,-0.086779,0.00058795
0.071292,-0.085885,-0.0005775
0.07232,-0.085025,-0.0010517
0.073192,-0.084195,-0.0028389
0.073914,-0.083408,-0.0059429
0.078034,-0.087987,-0.0081294
0.082274,-0.092727,-0.010733
0.086633,-0.09763,-0.01377
0.091109,-0.1027,-0.017256
0.095704,-0.10793,-0.0212
0.10042,-0.11333,-0.025614
0.10525,-0.11889,-0.030504
0.11019,-0.12462,-0.035876
0.11525,-0.13051,-0.041731
0.12041,-0.13658,-0.048073
0.11802,-0.13279,-0.034243
0.11569,-0.12926,-0.023451
0.11341,-0.12596,-0.015186
0.11118,-0.12286,-0.0090907
0.109,-0.11994,-0.0049014
0.10684,-0.11718,-0.0024249
0.10471,-0.11458,-0.0015138
0.10261,-0.11212,-0.00095832
0.10054,-0.1098,0.00094069
0.098496,-0.10761,0.0041333
0.10151,-0.11128,0.0052961
0.10454,-0.11504,0.0068134
0.10758,-0.1189,0.0087259
0.11064,-0.12287,0.011074
0.1137,-0.12693,0.013896
0.11678,-0.1311,0.01723
0.11987,-0.13537,0.02111
0.12297,-0.13974,0.025568
0.12609,-0.14421,0.030631
0.12923,-0.14879,0.036328
0.13899,-0.15632,0.032943
0.1478,-0.16521,0.029168
0.15676,-0.17445,0.025163
0.16714,-0.18293,0.021062
0.17897,-0.19063,0.016982
0.19226,-0.19757,0.01302
0.20704,-0.20373,0.0092599
0.22331,-0.20911,0.005772
0.24109,-0.2137,0.0026156
0.26041,-0.2175,-0.00015938
0.23382,-0.1994,0.00015763
0.20915,-0.18217,0.00056157
0.18632,-0.16579,0.0010186
0.16522,-0.15022,0.0015071
0.14575,-0.13547,0.0020137
0.12785,-0.12151,0.0025291
0.11143,-0.10833,0.0030472
0.096431,-0.09592,0.0035634
0.082774,-0.084273,0.0040748
0.070403,-0.07338,0.0045789
0.058297,-0.06427,0.00037688
0.048169,-0.055365,-0.0011845
0.039918,-0.046607,-0.0017594
0.032152,-0.039009,-0.0045032
0.024094,-0.033125,-0.009412
0.015688,-0.028903,-0.016412
0.0068888,-0.026298,-0.025467
-0.0023342,-0.025275,-0.036568
-0.011997,-0.025817,-0.04972
-0.022099,-0.027923,-0.064935
-0.0109,-0.02284,-0.057735
-0.0011505,-0.019929,-0.05077
0.0071932,-0.019185,-0.044112
0.014151,-0.020584,-0.037833
0.019711,-0.024085,-0.031987
0.024641,-0.02895,-0.026624
0.031558,-0.03288,-0.021792
0.04063,-0.035625,-0.017505
0.05183,-0.037107,-0.013766
0.065141,-0.037256,-0.010574
0.057677,-0.028739,-0.009659
0.050746,-0.021081,-0.0087614
0.044346,-0.014283,-0.0078854
0.038478,-0.008342,-0.0070349
0.033143,-0.0032548,-0.0062144
0.028344,0.00098278,-0.0054278
0.024084,0.0043768,-0.0046799
0.02037,0.006935,-0.003975
0.017208,0.0086675,-0.0033178
0.014609,0.0095867,-0.0027131
0.017756,0.0087211,-0.0059938
0.021806,0.0070354,-0.010476
0.026786,0.0045285,-0.016081
0.032715,0.0011958,-0.022748
0.039612,-0.0029688,-0.030446
0.047493,-0.0079724,-0.03917
0.056369,-0.013822,-0.048937
0.066255,-0.020525,-0.059782
0.077159,-0.028089,-0.071752
0.089093,-0.03652,-0.084906
0.08127,-0.030654,-0.069778
0.073809,-0.025139,-0.055406
0.066711,-0.019986,-0.042185
0.059982,-0.015205,-0.030424
0.053627,-0.010808,-0.020365
0.047652,-0.0068052,-0.012199
0.042065,-0.0032088,-0.0060787
0.036873,-3.0412e-05,-0.0021283
0.032085,0.0027187,-0.00045092
0.027732,0.0050138,0.00047261
0.029924,0.0032798,0.0048512
0.032182,0.0013324,0.013081
0.034459,-0.00081099,0.025179
0.036717,-0.0031318,0.041162
0.038927,-0.0056108,0.061015
0.041068,-0.0082296,0.084694
0.043125,-0.010971,0.11211
0.04509,-0.013818,0.14317
0.046956,-0.016758,0.17773
0.048724,-0.019776,0.21567
0.052536,-0.0064374,0.14211
0.058639,0.0076136,0.085616
0.067059,0.022325,0.044181
0.077816,0.037646,0.016575
0.090922,0.053537,0.0020515
0.10636,0.069978,-0.0013783
0.12393,0.087073,-0.012032
0.14357,0.10484,-0.034973
0.16528,0.12329,-0.07004
0.18901,0.1424,-0.11706
0.17656,0.13328,-0.12191
0.16392,0.12526,-0.12726
0.15089,0.11862,-0.13303
0.13753,0.11329,-0.13915
0.12386,0.10924,-0.14557
0.10993,0.10644,-0.15227
0.09575,0.10485,-0.15921
0.081345,0.10447,-0.16638
0.066728,0.10528,-0.17375
0.051914,0.10726,-0.18133
0.048914,0.092001,-0.14658
0.045835,0.078139,-0.11648
0.04268,0.065634,-0.090486
0.039453,0.054448,-0.068223
0.036153,0.044547,-0.049412
0.032779,0.035903,-0.033851
0.029328,0.028486,-0.021376
0.025798,0.022274,-0.011859
0.022182,0.017242,-0.0051902
0.018473,0.013371,-0.0012769
0.018382,0.015135,-0.00035397
0.017272,0.018364,-4.2024e-05
0.015135,0.023077,0.00027179
0.011958,0.029303,0.0012056
0.0077262,0.037069,0.0027652
0.0024226,0.046406,0.0049564
-0.0039663,0.05734,0.0077817
-0.011452,0.069893,0.011243
-0.020045,0.084088,0.015337
-0.02975,0.09994,0.020063
-0.027819,0.084942,0.017422
-0.025762,0.071288,0.014934
-0.023579,0.058955,0.012604
-0.021272,0.047921,0.01044
-0.018843,0.038167,0.0084513
-0.016294,0.029674,0.0066467
-0.013628,0.022425,0.005035
-0.010852,0.016403,0.0036263
-0.0079694,0.011595,0.00243
-0.0056576,0.0075287,0.0014595
-0.0041875,0.0056008,0.00056479
-0.0030409,0.0041176,0.00010453
-0.0021613,0.0029889,-2.249e-05
-0.0015004,0.0021349,-0.00013955
-0.001017,0.0014866,-0.00045377
-0.0006706,0.00099178,-0.00092376
-0.00038772,0.00063527,-0.0015283
-0.00013743,0.00039193,-0.0022664
9.0645e-05,0.00024537,-0.0031552
0.00029423,0.00019457,-0.004223
0.00061834,0.00053431,-0.0054042
0.0010526,0.0010368,-0.0068991
0.0015959,0.0016985,-0.0087597
0.0022474,0.0025156,-0.011029
0.0030063,0.0034844,-0.013743
0.0038717,0.0046011,-0.016928
0.0048429,0.0058621,-0.020601
0.005919,0.0072637,-0.024769
0.0070994,0.0088027,-0.02943
0.0083834,0.010476,-0.034574
0.0092246,0.0093885,-0.040169
0.0099516,0.0084511,-0.046263
0.010561,0.0076644,-0.052858
0.011049,0.0070317,-0.05996
0.011409,0.0065587,-0.067572
0.011634,0.0062531,-0.075701
0.011759,0.0060616,-0.084349
0.011981,0.0056762,-0.09352
0.012332,0.0050427,-0.10321
0.01282,0.0041469,-0.11344
0.019037,0.0028252,-0.12865
0.027258,-0.0004117,-0.14474
0.037537,-0.00566,-0.16164
0.049922,-0.013015,-0.17926
0.064459,-0.022569,-0.1975
0.081192,-0.034408,-0.21628
0.10016,-0.048611,-0.23551
0.12138,-0.065249,-0.25514
0.1449,-0.084387,-0.27508
0.17072,-0.10608,-0.29531
0.13985,-0.091846,-0.27717
0.11222,-0.078779,-0.25608
0.087804,-0.066806,-0.23321
0.066579,-0.055843,-0.20946
0.048528,-0.045817,-0.18546
0.033631,-0.036652,-0.1617
0.021877,-0.028277,-0.13857
0.013252,-0.020613,-0.1164
0.0077464,-0.013586,-0.095468
0.0032164,-0.0084326,-0.076002
0.0047835,-0.0098007,-0.09286
0.0062159,-0.011554,-0.11124
0.0075394,-0.013692,-0.13107
0.0090085,-0.016072,-0.15231
0.01083,-0.018582,-0.17489
0.012992,-0.02124,-0.19876
0.015486,-0.024064,-0.22389
0.018302,-0.027066,-0.25024
0.021432,-0.030262,-0.27778
0.024867,-0.033661,-0.30648
0.023428,-0.026503,-0.3056
0.022807,-0.019801,-0.30775
0.022983,-0.013519,-0.31227
0.02394,-0.0076286,-0.31872
0.025666,-0.0021118,-0.32674
0.028149,0.003043,-0.3361
0.031383,0.007842,-0.34659
0.035361,0.012287,-0.35808
0.040077,0.016378,-0.37043
0.045528,0.020111,-0.38357
0.039777,0.017247,-0.35817
0.034347,0.01459,-0.33153
0.029254,0.012134,-0.30435
0.024514,0.0098777,-0.27718
0.020143,0.0078224,-0.25044
0.016158,0.0059719,-0.22443
0.012574,0.0043312,-0.19938
0.0094101,0.0029071,-0.17547
0.0066814,0.0017078,-0.15283
0.0044062,0.00074187,-0.13155
0.0054838,0.00126,-0.1598
0.0065495,0.002183,-0.19038
0.0075864,0.0035634,-0.22324
0.0085785,0.0054511,-0.25831
0.0095113,0.0078922,-0.29554
0.010371,0.01093,-0.3349
0.011147,0.014603,-0.37636
0.011829,0.018947,-0.41989
0.012407,0.023993,-0.46547
0.012875,0.029769,-0.51309
0.013081,0.022414,-0.46983
0.013076,0.016294,-0.43075
0.01282,0.011382,-0.39506
0.012279,0.0076516,-0.36222
0.01142,0.0050807,-0.33183
0.010218,0.0036497,-0.30358
0.0089266,0.0028359,-0.27722
0.0083349,0.001151,-0.25257
0.0084662,-0.0015095,-0.22945
0.0092947,-0.0051541,-0.20775
0.0061489,-0.0033717,-0.19225
0.0036766,-0.0019585,-0.17766
0.0018825,-0.00094267,-0.16392
0.00077032,-0.0003498,-0.15095
0.0003343,-0.00018665,-0.1387
-2.7798e-05,0.00025651,-0.12711
-0.0010418,0.0011795,-0.11614
-0.0027402,0.0025793,-0.10573
-0.0051232,0.0044652,-0.095851
-0.00819,0.0068417,-0.086461
-0.0057473,0.0083604,-0.097242
-0.0046739,0.0091509,-0.10875
-0.004312,0.0095623,-0.12094
-0.0026426,0.010663,-0.13373
0.00052727,0.012547,-0.14708
0.0052701,0.015243,-0.16092
0.011666,0.018784,-0.17522
0.0198,0.023207,-0.18994
0.029758,0.02855,-0.20505
0.041627,0.03485,-0.22054
0.044995,0.036989,-0.21036
0.048495,0.039179,-0.20029
0.052129,0.04142,-0.19037
0.055897,0.043711,-0.18062
0.059799,0.046054,-0.17107
0.063835,0.048447,-0.16173
0.068004,0.050892,-0.15262
0.072308,0.053388,-0.14376
0.076746,0.055936,-0.13514
0.081319,0.058536,-0.12677
0.080519,0.05335,-0.11776
0.079546,0.048898,-0.10941
0.078398,0.045153,-0.10164
0.077073,0.04209,-0.094368
0.075569,0.039688,-0.087558
0.073883,0.037926,-0.081154
0.072055,0.036697,-0.075124
0.070494,0.035161,-0.069436
0.069284,0.033119,-0.064071
0.068409,0.030572,-0.058999
0.059009,0.027568,-0.030484
0.050564,0.024481,-0.012191
0.043059,0.02124,-0.0024037
0.036337,0.018069,0.00019838
0.029932,0.015762,0.0041023
0.023783,0.01434,0.013976
0.01787,0.013792,0.029624
0.01219,0.014098,0.051095
0.0067525,0.015231,0.07855
0.0015808,0.017165,0.11219
0.0061663,0.011001,0.095171
0.0096335,0.0072163,0.080061
0.012066,0.0056554,0.066569
0.013687,0.0058747,0.054528
0.01597,0.0048308,0.043785
0.019261,0.0018171,0.034267
0.023577,-0.0031821,0.025924
0.028957,-0.010229,0.018733
0.035456,-0.01942,0.012675
0.043136,-0.030873,0.0077427
0.035778,-0.025159,0.0043311
0.029135,-0.019993,0.001984
0.0232,-0.015386,0.00055245
0.017966,-0.011348,-7.2678e-05
0.013426,-0.0078899,-0.00021541
0.0095695,-0.0050162,-0.00091099
0.006389,-0.0027401,-0.002226
0.0038776,-0.001076,-0.0041195
0.0020279,-3.8791e-05,-0.006561
0.00083285,0.00035767,-0.0095366
0.003231,0.0012086,-0.0095557
0.0072823,0.0026956,-0.0096293
0.013136,0.0049166,-0.0097647
0.020945,0.0079667,-0.0099579
0.030859,0.011933,-0.010199
0.043022,0.016893,-0.010477
0.057571,0.022917,-0.01078
0.074638,0.030069,-0.011097
0.094349,0.038404,-0.011414
0.11682,0.047974,-0.011724
0.10344,0.043033,-0.0091212
0.09103,0.038412,-0.0070751
0.079567,0.034071,-0.0054555
0.069033,0.029975,-0.0041693
0.059409,0.026085,-0.0031471
0.050678,0.022366,-0.0023372
0.042767,0.018904,-0.0016988
0.035503,0.016019,-0.0011985
0.028843,0.013739,-0.00081107
0.022755,0.01207,-0.00051663
0.026088,0.011637,-0.00011289
0.029032,0.01244,0.00020161
0.032505,0.012281,0.0012759
0.03668,0.010663,0.0031108
0.04153,0.0075545,0.0057026
0.047034,0.0029267,0.0090503
0.053178,-0.0032482,0.01316
0.059949,-0.010996,0.018044
0.067338,-0.02034,0.023724
0.075339,-0.031301,0.030228
0.062914,-0.038626,0.016248
0.052304,-0.045173,0.0068043
0.043549,-0.050929,0.0013967
0.036687,-0.055887,-0.00033509
0.031728,-0.06004,-0.0019554
0.028676,-0.063387,-0.0068361
0.027547,-0.065939,-0.01486
0.027659,-0.067998,-0.025946
0.026139,-0.070769,-0.040021
0.022684,-0.074378,-0.057034
0.023223,-0.068289,-0.038678
0.023142,-0.062537,-0.025556
0.022447,-0.05715,-0.016203
0.021136,-0.052152,-0.0096349
0.019404,-0.047486,-0.0051637
0.018268,-0.042758,-0.0023088
0.017888,-0.037927,-0.00072025
0.018278,-0.033007,-0.0001461
0.019451,-0.028016,0.00012395
0.021421,-0.022968,0.001072
0.019463,-0.030633,0.00037111
0.018848,-0.038443,-5.472e-06
0.019589,-0.046434,-0.00012726
0.02172,-0.054632,-0.00024201
0.02467,-0.063309,-0.00057193
0.026748,-0.07317,-0.0010897
0.027808,-0.084304,-0.0017775
0.02779,-0.096762,-0.0026108
0.026633,-0.11059,-0.0035578
0.024274,-0.12584,-0.0045797
0.02888,-0.12883,-0.0064002
0.033252,-0.13199,-0.0085087
0.03739,-0.1353,-0.0109
0.041297,-0.13878,-0.013566
0.044971,-0.14242,-0.016502
0.048416,-0.14622,-0.019699
0.05163,-0.15019,-0.023151
0.054614,-0.15432,-0.02685
0.057369,-0.15862,-0.030788
0.059894,-0.16308,-0.034957
0.066342,-0.18331,-0.033992
0.073008,-0.20497,-0.03286
0.079884,-0.22808,-0.031574
0.086962,-0.25266,-0.030153
0.094233,-0.27871,-0.028614
0.10169,-0.30625,-0.026982
0.10931,-0.33527,-0.025274
0.1171,-0.36579,-0.023507
0.12504,-0.39781,-0.021698
0.13311,-0.43132,-0.019866
0.1249,-0.39228,-0.024983
0.11687,-0.35626,-0.03015
0.10893,-0.32304,-0.035356
0.101,-0.29244,-0.040595
0.093005,-0.26426,-0.045863
0.084882,-0.23836,-0.051156
0.07657,-0.21459,-0.056468
0.068883,-0.19252,-0.061803
0.062707,-0.17169,-0.067161
0.058003,-0.15201,-0.072537
0.048198,-0.13298,-0.050688
0.040866,-0.11619,-0.035007
0.035155,-0.10143,-0.023601
0.028809,-0.089066,-0.01527
0.021565,-0.078818,-0.0092353
0.01333,-0.070393,-0.0049761
0.0040191,-0.063544,-0.002139
-0.0064401,-0.058062,-0.00048495
-0.018107,-0.053787,0.00014306
-0.031024,-0.050598,0.00060669
-0.042013,-0.04644,0.0013507
-0.053508,-0.043302,0.0023857
-0.065566,-0.041194,0.0036831
-0.078248,-0.04013,0.0052246
-0.091621,-0.040134,0.0069975
-0.10575,-0.041232,0.0089933
-0.12071,-0.043457,0.011204
-0.13657,-0.046842,0.013624
-0.1534,-0.05142,0.016245
-0.17134,-0.057002,0.019062
-0.1499,-0.0498,0.018265
-0.12963,-0.042951,0.017843
-0.11056,-0.036584,0.017683
-0.092746,-0.030725,0.017711
-0.076255,-0.025373,0.017876
-0.061156,-0.02053,0.01814
-0.047518,-0.016199,0.018476
-0.035415,-0.012385,0.018864
-0.024921,-0.0090986,0.019287
-0.016118,-0.0063507,0.019733
-0.02008,-0.0085185,0.032315
-0.02429,-0.011068,0.0484
-0.028709,-0.014013,0.068074
-0.033303,-0.017365,0.091352
-0.038041,-0.021137,0.11818
-0.042898,-0.025339,0.14847
-0.047854,-0.029984,0.18209
-0.052889,-0.03508,0.21891
-0.057989,-0.040636,0.25878
-0.063143,-0.04666,0.30157
-0.056793,-0.040057,0.24593
-0.050943,-0.034211,0.19764
-0.045564,-0.029053,0.15564
-0.040626,-0.02452,0.11927
-0.036102,-0.020559,0.088107
-0.031965,-0.017117,0.061876
-0.028193,-0.014149,0.040394
-0.02476,-0.011611,0.02354
-0.021644,-0.0094609,0.011239
-0.018818,-0.0076572,0.0034433
-0.019123,-0.0084737,0.0035846
-0.01938,-0.0093889,0.0037488
-0.01959,-0.010401,0.0039387
-0.019752,-0.011508,0.0041542
-0.019866,-0.012708,0.0043988
-0.019931,-0.013999,0.0046729
-0.019947,-0.01538,0.0049808
-0.019915,-0.016849,0.0053231
-0.019835,-0.018406,0.0057049
-0.019707,-0.020048,0.0061267
-0.017484,-0.018528,0.00068031
-0.015376,-0.017021,-0.00054139
-0.013391,-0.01552,-0.0048158
-0.01153,-0.014048,-0.013406
-0.0097936,-0.012631,-0.02619
-0.0081804,-0.011289,-0.043174
-0.0066877,-0.010034,-0.064424
-0.0053109,-0.0088707,-0.090026
-0.0040442,-0.0077982,-0.12003
-0.0028811,-0.0068123,-0.15446
-0.0074645,-0.0053955,-0.09836
-0.012618,-0.0049797,-0.05757
-0.018298,-0.0054408,-0.029012
-0.024511,-0.0066927,-0.010718
-0.031406,-0.0084072,-0.0015322
-0.039342,-0.0097513,0.00061637
-0.048534,-0.010741,0.0087167
-0.059154,-0.011358,0.025818
-0.071354,-0.011554,0.052196
-0.085264,-0.011275,0.087982
-0.08417,-0.010032,0.066416
-0.083165,-0.0088736,0.048892
-0.082237,-0.007789,0.034719
-0.081375,-0.0067697,0.023404
-0.08057,-0.0058082,0.014578
-0.079815,-0.0048973,0.0079631
-0.079103,-0.0040303,0.0033459
-0.078427,-0.0032007,0.00055945
-0.077782,-0.0024027,-0.00052847
-0.077156,-0.0016238,-0.0011003
-0.073025,-0.0022469,-0.00067485
-0.069035,-0.0028586,-0.00054845
-0.065187,-0.0034532,-0.00044879
-0.061481,-0.0040242,-0.00020288
-0.057914,-0.0045643,0.00014231
-0.054486,-0.0050661,0.00055247
-0.051193,-0.0055227,0.0010026
-0.048036,-0.0059268,0.0014741
-0.045011,-0.0062717,0.0019537
-0.042118,-0.0065505,0.0024311
-0.042856,-0.0048133,-0.00043834
-0.043687,-0.0027332,-0.0023659
-0.044574,-0.00029952,-0.0087875
-0.045528,0.0024641,-0.019647
-0.046555,0.0055322,-0.034894
-0.047658,0.0088803,-0.05448
-0.048834,0.012485,-0.078339
-0.050082,0.016324,-0.10637
-0.051398,0.020379,-0.13845
-0.052777,0.024633,-0.17443
-0.049612,0.026101,-0.16941
-0.046562,0.02756,-0.16347
-0.043631,0.029013,-0.15677
-0.040817,0.030459,-0.14947
-0.038123,0.0319,-0.14169
-0.03555,0.033337,-0.13354
-0.033099,0.034769,-0.12513
-0.030773,0.036197,-0.11656
-0.028573,0.037621,-0.10789
-0.026501,0.039042,-0.099217
-0.03198,0.035226,-0.089301
-0.03828,0.031281,-0.081035
-0.045415,0.027223,-0.074048
-0.053398,0.023067,-0.068078
-0.062244,0.018822,-0.062927
-0.071966,0.014496,-0.058447
-0.082577,0.010092,-0.054528
-0.094093,0.0056145,-0.051078
-0.10653,0.0010626,-0.048032
-0.11989,-0.0035639,-0.045333
-0.11856,-0.0001601,-0.065691
-0.11725,0.0034126,-0.08893
-0.11597,0.0071488,-0.11473
-0.11473,0.011044,-0.14282
-0.11351,0.015094,-0.17298
-0.11233,0.019296,-0.20501
-0.11119,0.023646,-0.23875
-0.11008,0.028142,-0.27408
-0.10901,0.032782,-0.31088
-0.10797,0.037564,-0.34909
-0.10164,0.035702,-0.27271
-0.095479,0.034237,-0.21471
-0.089519,0.033083,-0.16935
-0.083779,0.032181,-0.13317
-0.078265,0.031485,-0.10394
-0.072978,0.030959,-0.080166
-0.067918,0.030578,-0.060784
-0.063079,0.030317,-0.04502
-0.058458,0.030158,-0.032302
-0.054051,0.030084,-0.022181
-0.0574,0.023548,-0.015508
-0.061082,0.017554,-0.010189
-0.065083,0.012046,-0.0061456
-0.06939,0.00698,-0.0033018
-0.073992,0.0023211,-0.0016015
-0.078877,-0.001955,-0.00099368
-0.084046,-0.0058643,-0.00064455
-0.089505,-0.009414,0.00070319
-0.095247,-0.012605,0.0030341
-0.10126,-0.015431,0.0063224
-0.097241,-0.014156,0.0045232
-0.093362,-0.012875,0.0032523
-0.089619,-0.011587,0.0023529
-0.086007,-0.010289,0.001719
-0.082519,-0.0089784,0.0012746
-0.079151,-0.0076534,0.00096817
-0.075899,-0.006312,0.000762
-0.072759,-0.0049522,0.00063124
-0.069726,-0.0035721,0.00055686
-0.066798,-0.0021701,0.00052746
-0.068801,-0.0028457,-0.00072034
-0.070847,-0.0035213,-0.0014021
-0.07291,-0.0041963,-0.0038427
-0.074991,-0.004865,-0.0080473
-0.077092,-0.0055237,-0.013983
-0.079213,-0.0061692,-0.021619
-0.081355,-0.0068004,-0.030935
-0.083519,-0.0074165,-0.041906
-0.085705,-0.0080181,-0.054515
-0.087914,-0.0086058,-0.068746
-0.08935,-0.0086096,-0.063828
-0.090826,-0.0086056,-0.058742
-0.092339,-0.0085941,-0.053566
-0.093891,-0.0085753,-0.04838
-0.095479,-0.0085495,-0.043248
-0.097105,-0.0085169,-0.038228
-0.098765,-0.0084781,-0.033373
-0.10046,-0.0084331,-0.028727
-0.10219,-0.0083825,-0.024333
-0.10395,-0.0083264,-0.020226
-0.10077,-0.011107,-0.015188
-0.097767,-0.012905,-0.011072
-0.094939,-0.013774,-0.0077493
-0.092277,-0.013757,-0.0051281
-0.089661,-0.013653,-0.0031338
-0.086953,-0.0144,-0.0017072
-0.08416,-0.015982,-0.00081025
-0.081286,-0.018387,-0.00041391
-0.078338,-0.021607,-0.00018937
-0.075322,-0.025638,0.0004912
