0.18014,0.11496,0.02056
0.16968,0.086944,0.011223
0.15968,0.062931,0.0052683
0.15014,0.042681,0.0018095
0.14105,0.025982,0.00025442
0.13242,0.012646,-7.2252E-05
0.12422,0.0025058,-0.0012703
0.11648,-0.0045867,-0.0035367
0.10917,-0.0087576,-0.0067394
0.10232,-0.010111,-0.010764
0.095773,-0.010317,-0.01555
0.1014,-0.010095,-0.019041
0.10727,-0.01038,-0.022843
0.11353,-0.0098376,-0.026919
0.12022,-0.0083687,-0.031275
0.12739,-0.005961,-0.035872
0.13506,-0.0026003,-0.040718
0.14324,0.0017283,-0.045769
0.15198,0.0070403,-0.051034
0.16129,0.013351,-0.056466
0.17119,0.020676,-0.062075
0.17464,0.018215,-0.061704
0.17817,0.015795,-0.062231
0.1818,0.013419,-0.063466
0.18551,0.011092,-0.065325
0.18932,0.0088172,-0.06769
0.1932,0.0065974,-0.070526
0.19717,0.0044358,-0.07375
0.20122,0.0023352,-0.077354
0.20536,0.00029796,-0.081274
0.20958,-0.0016733,-0.085517
0.21511,-0.0024059,-0.086857
0.22071,-0.003112,-0.088218
0.22639,-0.0037919,-0.08957
0.23212,-0.0044454,-0.090946
0.23793,-0.0050728,-0.092314
0.2438,-0.0056737,-0.093707
0.24973,-0.0062483,-0.095096
0.25573,-0.0067963,-0.09651
0.26179,-0.0073176,-0.097922
0.2679,-0.0078118,-0.09936
0.29218,-0.010244,-0.075446
0.31758,-0.012739,-0.055488
0.34411,-0.015295,-0.038895
0.37177,-0.017907,-0.025262
0.40055,-0.020574,-0.014254
0.43045,-0.023293,-0.0056377
0.46149,-0.026063,0.00078706
0.49366,-0.028882,0.0051654
0.52696,-0.031748,0.0076242
0.56139,-0.03467,0.0088316
0.50675,-0.021316,0.0081444
0.45541,-0.0066893,0.0076775
0.40729,0.0091552,0.0072971
0.36233,0.02617,0.0069578
0.32047,0.044316,0.006675
0.28163,0.063561,0.0064545
0.24577,0.083882,0.0062991
0.21284,0.10526,0.0062098
0.1828,0.1277,0.0061883
0.1556,0.15119,0.0062372
0.15477,0.13534,0.0058091
0.15424,0.12078,0.0049589
0.15397,0.1074,0.0037981
0.15395,0.095092,0.0023988
0.15416,0.083777,0.00081374
0.15458,0.07337,-0.00092336
0.15521,0.063803,-0.0027834
0.15602,0.055012,-0.0047489
0.157,0.046943,-0.0068009
0.15815,0.039546,-0.0089295
0.14562,0.036537,-0.0069166
0.13361,0.033598,-0.0061283
0.12213,0.030736,-0.0061948
0.11116,0.027959,-0.006931
0.10071,0.025277,-0.0082482
0.090794,0.022701,-0.010122
0.081403,0.020243,-0.012555
0.072544,0.017916,-0.015578
0.064223,0.015731,-0.019223
0.056444,0.013702,-0.023534
0.075477,0.013805,-0.017737
0.097502,0.013791,-0.012377
0.12256,0.013663,-0.0074405
0.1507,0.013424,-0.0029261
0.18194,0.013078,0.0011637
0.21634,0.012629,0.0048147
0.25392,0.012083,0.0080071
0.29472,0.011445,0.010715
0.33876,0.010722,0.01291
0.38605,0.0098964,0.01515
0.37592,0.012194,0.018478
0.36579,0.014403,0.025055
0.35566,0.016536,0.034388
0.34554,0.018601,0.046138
0.33545,0.020602,0.060064
0.32538,0.022544,0.075985
0.31535,0.024428,0.093761
0.30535,0.026255,0.11328
0.29539,0.028028,0.13443
0.28546,0.029746,0.15715
0.29823,0.01878,0.17537
0.31143,0.0086938,0.19288
0.32507,-0.00052716,0.2097
0.33915,-0.0088972,0.22589
0.35365,-0.01643,0.24148
0.36859,-0.023137,0.2565
0.38396,-0.029032,0.27095
0.39976,-0.034126,0.28485
0.41599,-0.03843,0.2982
0.43265,-0.041955,0.31098
0.41874,-0.035367,0.22844
0.40398,-0.029669,0.17012
0.38877,-0.024502,0.12722
0.37335,-0.019686,0.094919
0.35788,-0.015121,0.070322
0.34243,-0.010753,0.051619
0.32707,-0.0065505,0.0376
0.31185,-0.0024955,0.027429
0.2968,0.001422,0.020497
0.28196,0.0052077,0.01635
0.28792,0.0014429,0.017958
0.29399,-0.0020418,0.019722
0.30016,-0.0052339,0.021509
0.30645,-0.0081251,0.023248
0.31285,-0.010709,0.024913
0.31936,-0.012983,0.026494
0.32599,-0.014941,0.027997
0.33273,-0.016581,0.029426
0.33957,-0.017901,0.030793
0.34653,-0.018899,0.032098
0.37232,-0.017577,0.027772
0.39911,-0.01484,0.025249
0.42693,-0.010661,0.024321
0.45581,-0.0050192,0.024826
0.48578,0.0021126,0.026548
0.51692,0.010851,0.027896
0.54927,0.02124,0.028398
0.58282,0.033285,0.028106
0.61758,0.046991,0.027062
0.65354,0.062359,0.025296
0.61258,0.059087,0.032586
0.57366,0.05611,0.034019
0.53653,0.053224,0.032941
0.50079,0.050023,0.035544
0.46639,0.046522,0.041845
0.43328,0.042757,0.051609
0.40145,0.038758,0.06469
0.37084,0.03455,0.080985
0.34143,0.030156,0.10042
0.31319,0.025598,0.12293
0.29996,0.036111,0.11539
0.28737,0.047441,0.10782
0.27538,0.059582,0.10032
0.26394,0.072532,0.092971
0.25298,0.086287,0.085842
0.24248,0.10085,0.078983
0.23239,0.11621,0.072433
0.22268,0.13238,0.06623
0.21331,0.14936,0.060402
0.20425,0.16714,0.054977
0.17372,0.15578,0.030649
0.14581,0.14538,0.017963
0.12052,0.13587,0.013427
0.098022,0.12759,0.0084941
0.078333,0.1206,-0.00093558
0.061282,0.11468,-0.014079
0.04673,0.10962,-0.03041
0.034561,0.10526,-0.049581
0.024679,0.10146,-0.071349
0.017009,0.098092,-0.095559
0.02344,0.10612,-0.084351
0.031505,0.11471,-0.073972
0.041246,0.1239,-0.064335
0.052711,0.13372,-0.05539
0.065952,0.14421,-0.047078
0.081022,0.1554,-0.03937
0.097976,0.16732,-0.032226
0.11687,0.17998,-0.025628
0.13775,0.1934,-0.019552
0.16066,0.2076,-0.013991
0.15922,0.22562,-0.01385
0.15777,0.24443,-0.014549
0.15629,0.264,-0.015955
0.1548,0.28434,-0.017994
0.15327,0.30545,-0.020607
0.15171,0.32732,-0.023763
0.15012,0.34995,-0.02743
0.14848,0.37334,-0.031602
0.14681,0.39748,-0.03626
0.1451,0.42239,-0.04141
0.13192,0.35888,-0.050025
0.11967,0.30167,-0.055677
0.10832,0.2504,-0.059099
0.097802,0.20474,-0.060842
0.088079,0.16441,-0.061275
0.079105,0.12911,-0.060691
0.070838,0.098603,-0.059289
0.063237,0.072631,-0.057246
0.056265,0.050973,-0.054682
0.049884,0.033413,-0.051719
0.043495,0.034785,-0.035359
0.037586,0.036353,-0.023441
0.03214,0.038077,-0.014825
0.027141,0.039927,-0.0087392
0.022576,0.041882,-0.0046324
0.018434,0.043924,-0.0021162
0.014705,0.046037,-0.0009035
0.011386,0.048208,-0.00066243
0.0085259,0.050436,7.5736E-05
0.0061393,0.052723,0.0015998
0.008721,0.046478,0.000881
0.011826,0.040665,0.00035437
0.015453,0.035267,-5.2199E-05
0.019597,0.030265,-0.00038726
0.024255,0.025648,-0.00068011
0.029421,0.021406,-0.00095199
0.035085,0.017531,-0.0012152
0.041241,0.014021,-0.0014798
0.047877,0.010876,-0.001751
0.054985,0.0080999,-0.0020339
0.053225,0.0071281,-0.0029774
0.051506,0.0061904,-0.0036601
0.049838,0.0053006,-0.0039639
0.048207,0.0044582,-0.0041049
0.046557,0.0036351,-0.0047913
0.044874,0.0028273,-0.0061355
0.043145,0.0020315,-0.0082158
0.041359,0.0012432,-0.011101
0.039504,0.00045753,-0.014851
0.037567,-0.00033137,-0.019515
0.038298,0.0016743,-0.015473
0.038983,0.0045397,-0.012129
0.039608,0.0082609,-0.0095286
0.040165,0.012845,-0.0077048
0.040641,0.018309,-0.0066858
0.041029,0.024677,-0.0064937
0.041328,0.031984,-0.0070808
0.041647,0.040353,-0.0074118
0.042028,0.049861,-0.0071353
0.042475,0.060556,-0.0062557
0.043217,0.055497,-0.0068973
0.043975,0.05067,-0.007348
0.044745,0.046069,-0.0076576
0.045523,0.04169,-0.0078597
0.046309,0.037531,-0.0079829
0.047099,0.03359,-0.008045
0.047893,0.029864,-0.0080632
0.04869,0.026352,-0.0080473
0.04949,0.023053,-0.0080084
0.050292,0.019966,-0.0079516
0.045403,0.018273,-0.0078431
0.040661,0.016683,-0.00744
0.036081,0.015192,-0.0068111
0.031619,0.013738,-0.006465
0.027284,0.012305,-0.0065069
0.023097,0.01089,-0.006958
0.019083,0.0094871,-0.0078449
0.015267,0.008092,-0.0091852
0.011675,0.0067003,-0.011002
0.008335,0.0053083,-0.013308
0.011313,0.0075567,-0.00999
0.014447,0.0099274,-0.0076014
0.017739,0.012439,-0.0061439
0.021195,0.015113,-0.0056175
0.02482,0.017968,-0.0060287
0.028721,0.021134,-0.0066455
0.033034,0.024775,-0.0065038
0.037763,0.028915,-0.005605
0.042908,0.033575,-0.0039651
0.04847,0.038774,-0.0015958
0.051194,0.03625,-0.0030177
0.054035,0.033856,-0.004169
0.056987,0.031579,-0.0051116
0.060048,0.029409,-0.0058855
0.063216,0.027339,-0.0065282
0.06649,0.025361,-0.0070627
0.069872,0.02347,-0.0075125
0.073361,0.021662,-0.0078907
0.076959,0.019933,-0.0082123
0.080668,0.018279,-0.0084844
0.089969,0.031895,-0.011482
0.099986,0.049468,-0.015082
0.11075,0.071169,-0.019316
0.1223,0.097162,-0.024196
0.13465,0.1276,-0.029729
0.14783,0.16263,-0.035898
0.16188,0.20239,-0.04267
0.17681,0.24698,-0.049991
0.19266,0.29651,-0.057798
0.20943,0.35108,-0.066009
0.20944,0.30069,-0.04971
0.21032,0.25591,-0.024378
0.21187,0.21634,0.0084866
0.21395,0.1817,0.047943
0.21647,0.15175,0.093351
0.21932,0.12629,0.14425
0.22246,0.10516,0.20029
0.2258,0.088234,0.26117
0.2293,0.075381,0.32661
0.23288,0.066497,0.3964
0.20519,0.059876,0.344
0.18049,0.055078,0.3073
0.1582,0.05143,0.28061
0.13797,0.048542,0.26066
0.11956,0.046181,0.24543
0.10281,0.044191,0.23365
0.087602,0.042474,0.22444
0.073856,0.040957,0.21721
0.0615,0.039592,0.21155
0.050476,0.03834,0.20715
0.042516,0.032809,0.17893
0.035384,0.027906,0.15322
0.029038,0.023583,0.12991
0.023435,0.019792,0.10889
0.018536,0.016489,0.090039
0.014301,0.01363,0.073261
0.010693,0.011176,0.058461
0.0076749,0.0090883,0.045538
0.0052123,0.0073313,0.03441
0.0032704,0.0058701,0.024986
0.0041756,0.0064453,0.017635
0.0053409,0.0072336,0.01147
0.006757,0.0082287,0.0065537
0.0084126,0.0094224,0.0029195
0.010295,0.010806,0.00059535
0.012391,0.012369,-0.00040563
0.014688,0.014079,-0.00077696
0.017186,0.015882,-0.0023515
0.019895,0.017789,-0.0052309
0.022828,0.019818,-0.0094311
0.02673,0.022958,-0.0032056
0.030927,0.026223,-0.00014673
0.0354,0.029656,0.00087412
0.040041,0.033308,0.0044468
0.044792,0.037156,0.011042
0.049612,0.041166,0.020566
0.054463,0.045311,0.032919
0.059312,0.049564,0.047979
0.064134,0.053901,0.065623
0.068905,0.058302,0.08572
0.072768,0.043878,0.081707
0.07645,0.031407,0.080079
0.079988,0.02084,0.080259
0.083418,0.012139,0.081876
0.086779,0.0052705,0.084688
0.09011,0.00020791,0.088532
0.093453,-0.0030697,0.093299
0.09685,-0.0045784,0.098916
0.10033,-0.0059867,0.10526
0.10392,-0.0092656,0.11221
0.10922,-0.010823,0.090834
0.11451,-0.012881,0.071383
0.11976,-0.015472,0.054176
0.12496,-0.018628,0.039463
0.13008,-0.022381,0.02743
0.13511,-0.02676,0.018215
0.14003,-0.031796,0.011937
0.14485,-0.037516,0.0086823
0.14961,-0.043895,0.0077838
0.15468,-0.050618,0.0044192
0.14596,-0.043701,0.0071434
0.13779,-0.037065,0.0076306
0.1299,-0.030977,0.009147
0.12219,-0.025565,0.012828
0.11464,-0.020865,0.0186
0.10724,-0.016909,0.026407
0.099977,-0.013724,0.036206
0.092845,-0.01133,0.047968
0.085832,-0.0097439,0.061664
0.078931,-0.0089731,0.077277
0.077814,-0.0046733,0.045009
0.076176,-0.0023666,0.023363
0.074124,-0.00072718,0.010454
0.071717,0.0012858,0.0050695
0.069186,0.0039834,0.003138
0.067057,0.0080932,-0.0043052
0.06528,0.013645,-0.017488
0.063788,0.020648,-0.036243
0.062526,0.029125,-0.060457
0.061448,0.039101,-0.090019
0.067515,0.027081,-0.10449
0.073859,0.018408,-0.11962
0.080467,0.013068,-0.13539
0.087325,0.011054,-0.15179
0.094413,0.011216,-0.16888
0.1017,0.0086145,-0.187
0.10916,0.0026672,-0.20614
0.11679,-0.0066566,-0.22625
0.12457,-0.019383,-0.24727
0.1325,-0.035541,-0.26916
0.13732,-0.023753,-0.20429
0.1429,-0.013943,-0.15456
0.14904,-0.0063756,-0.11553
0.15562,-0.0012099,-0.084521
0.16258,0.0014583,-0.059795
0.16986,0.0015716,-0.040211
0.17747,0.0022834,-0.024816
0.18539,0.0061345,-0.012956
0.19364,0.013085,-0.0042765
0.2022,0.023108,0.0014664
0.19761,0.022331,0.0018083
0.19308,0.021606,0.0019601
0.18862,0.020929,0.0019487
0.18421,0.020295,0.0017954
0.17987,0.0197,0.0015226
0.17557,0.019141,0.0011472
0.17134,0.018613,0.00068946
0.16715,0.018111,0.00027372
0.16302,0.01763,-3.7678E-05
0.15894,0.017171,-0.0002579
0.14783,0.018985,0.00096645
0.13727,0.020736,0.0033874
0.12723,0.022426,0.0070234
0.1177,0.024062,0.01188
0.10867,0.025651,0.017957
0.10013,0.027203,0.025247
0.09207,0.02873,0.033743
0.084478,0.030245,0.043433
0.077348,0.031762,0.054303
0.070671,0.033294,0.066341
0.072694,0.022673,0.060507
0.07481,0.014164,0.054847
0.077011,0.0077179,0.049364
0.079289,0.0032958,0.044063
0.081631,0.00086794,0.038947
0.084026,0.0002761,0.034022
0.086454,-0.0012484,0.029337
0.088899,-0.0047786,0.024937
0.091349,-0.010321,0.020845
0.09379,-0.01789,0.01709
0.084815,-0.016938,0.013682
0.076265,-0.015886,0.010664
0.068149,-0.014745,0.0080142
0.060474,-0.013528,0.0057231
0.053246,-0.012247,0.0037791
0.046471,-0.010918,0.0021781
0.040152,-0.0095568,0.00091476
0.034294,-0.0081829,-9.8934E-06
0.028899,-0.0068165,-0.00059448
0.023971,-0.0054807,-0.0008348
0.026458,-0.0032567,0.00024021
0.02914,-0.0015285,0.0028198
0.032042,-0.00029333,0.0068788
0.035186,0.00043252,0.012402
0.038595,0.00089053,0.019361
0.04229,0.0019755,0.027698
0.04629,0.003802,0.037378
0.050609,0.0064195,0.048362
0.05526,0.0098807,0.060602
0.060256,0.014238,0.074047
0.054273,0.017238,0.055515
0.04871,0.020805,0.040525
0.043534,0.024893,0.02842
0.038719,0.029471,0.018733
0.034246,0.034521,0.011125
0.030101,0.040038,0.0053502
0.026272,0.046026,0.0012282
0.022748,0.052496,-0.0013718
0.019521,0.059466,-0.0025461
0.016564,0.066936,-0.0030133
0.021876,0.075175,-0.0016811
0.028135,0.084374,0.004865
0.035377,0.094635,0.017141
0.043618,0.10603,0.034995
0.052871,0.1186,0.058249
0.063148,0.1324,0.086713
0.074459,0.14744,0.12018
0.086809,0.16376,0.15847
0.10021,0.18135,0.20138
0.11466,0.20022,0.24877
0.10756,0.20884,0.2115
0.10089,0.21775,0.1799
0.094588,0.22692,0.15268
0.08862,0.23633,0.12896
0.082957,0.24595,0.10814
0.077574,0.25578,0.089791
0.072453,0.26581,0.073606
0.067576,0.27602,0.059355
0.062929,0.28642,0.046863
0.0585,0.297,0.035992
0.053892,0.3037,0.033597
0.049481,0.31052,0.031175
0.045266,0.31747,0.028773
0.041247,0.32454,0.026417
0.037422,0.33174,0.024128
0.033791,0.33906,0.021895
0.030352,0.3465,0.019734
0.027104,0.35405,0.017645
0.024046,0.36172,0.015637
0.021177,0.3695,0.013712
0.027023,0.33567,0.010329
0.033572,0.30368,0.0078985
0.040821,0.27346,0.0061304
0.048767,0.24497,0.0048336
0.057409,0.21818,0.0038862
0.066745,0.19304,0.003197
0.076774,0.16953,0.0027063
0.087493,0.14761,0.0023663
0.098904,0.12726,0.0021444
0.111,0.10846,0.0020135
0.099931,0.11761,0.0034327
0.089497,0.12723,0.004864
0.079682,0.13733,0.0061616
0.070471,0.1479,0.0072502
0.06185,0.15893,0.0081018
0.053809,0.17043,0.0087119
0.046338,0.18239,0.0090909
0.03943,0.19481,0.0092562
0.033081,0.20769,0.0092284
0.027287,0.22103,0.0090288
0.027414,0.18384,0.0072976
0.027818,0.15051,0.0060123
0.0285,0.12087,0.0050185
0.029465,0.094788,0.0042201
0.030721,0.072131,0.0035565
0.032274,0.052772,0.0029887
0.034131,0.036594,0.0024891
0.036293,0.023488,0.0020408
0.038748,0.013352,0.0016324
0.041472,0.0061005,0.0012568
0.036087,0.010165,0.00015946
0.031056,0.015267,-0.00021926
0.026396,0.021398,-0.0008135
0.022118,0.028559,-0.0022187
0.018229,0.036762,-0.0044545
0.014732,0.046024,-0.0075368
0.011624,0.056364,-0.011481
0.0088984,0.0678,-0.016305
0.0065479,0.080351,-0.022029
0.0045619,0.094034,-0.028678
0.0045831,0.091831,-0.019835
0.0046021,0.089726,-0.012181
0.0046151,0.087706,-0.0062049
0.0046185,0.085757,-0.0023181
0.0046094,0.083865,-0.00086249
0.0045987,0.082042,0.00049016
0.0046011,0.080301,0.0047723
0.0046173,0.078627,0.012167
0.0046473,0.077002,0.022819
0.0046902,0.075413,0.036842
0.0048905,0.080653,0.036207
0.0051061,0.086077,0.035042
0.0053374,0.091685,0.033398
0.0055851,0.09748,0.031342
0.0058498,0.10346,0.028944
0.0061323,0.10963,0.026283
0.0064334,0.11599,0.023434
0.006754,0.12254,0.020477
0.0070946,0.12928,0.017485
0.0074561,0.13621,0.014529
0.0058443,0.1133,0.010195
0.0044254,0.092809,0.0073843
0.0032005,0.074639,0.0055509
0.0021711,0.058689,0.0043595
0.001339,0.04487,0.0036024
0.00070601,0.03309,0.0031505
0.00027378,0.023261,0.0029263
4.3915E-05,0.015296,0.0028875
-1.1566E-05,0.0091039,0.003017
-0.00019232,0.0045904,0.0033161
-0.00026205,0.0056661,0.002245
-0.00034284,0.0068373,0.0013778
-0.0004354,0.0080947,0.00071594
-0.00054041,0.0094292,0.00026101
-0.00065858,0.010832,1.4888E-05
-0.00079053,0.012297,-4.5997E-05
-0.00093669,0.013815,-0.00022872
-0.0010974,0.01538,-0.000625
-0.0012732,0.016988,-0.0012362
-0.0014644,0.018633,-0.0020637
-0.00056639,0.022513,-0.001167
-8.6084E-05,0.026773,-0.00053564
2.76E-05,0.031419,-0.000169
0.00036844,0.036458,-6.4633E-05
0.0011102,0.041898,9.0254E-05
0.0022459,0.047747,0.00051228
0.0037692,0.054011,0.0011995
0.0056739,0.060696,0.0021477
0.0079543,0.067808,0.0033507
0.010605,0.075352,0.0048003
0.014703,0.067353,0.0029369
0.019441,0.059837,0.0015428
0.024814,0.052793,0.00060178
0.030823,0.046209,9.9346E-05
0.037471,0.040074,-1.1132E-05
0.044766,0.03438,-0.00033366
0.052716,0.029121,-0.001072
0.061334,0.024293,-0.0022216
0.070633,0.019895,-0.0037782
0.080629,0.015925,-0.0057395
0.075847,0.01901,-0.0071471
0.071193,0.022342,-0.0087137
0.066671,0.025919,-0.010439
0.062285,0.029742,-0.012323
0.058039,0.033808,-0.014366
0.053936,0.03812,-0.016568
0.049978,0.042679,-0.018927
0.046169,0.047486,-0.021444
0.042509,0.052544,-0.024116
0.039001,0.057857,-0.026946
0.044254,0.061082,-0.026428
0.049883,0.064485,-0.025662
0.055896,0.068067,-0.024667
0.062299,0.07183,-0.023471
0.069097,0.075776,-0.022102
0.076298,0.079907,-0.020591
0.083907,0.084223,-0.01897
0.091929,0.088724,-0.017271
0.10037,0.093411,-0.015527
0.10924,0.098282,-0.013768
0.10993,0.097313,-0.012306
0.11054,0.096322,-0.010981
0.11108,0.095309,-0.0097685
0.11154,0.094275,-0.0086532
0.11192,0.093221,-0.0076221
0.11222,0.092147,-0.0066677
0.11244,0.091054,-0.0057844
0.11259,0.089943,-0.00497
0.11265,0.088815,-0.0042228
0.11264,0.08767,-0.0035437
0.12155,0.08926,-0.016255
0.1308,0.090745,-0.038449
0.14039,0.092093,-0.069593
0.15034,0.093281,-0.10922
0.16064,0.094297,-0.1569
0.17131,0.095137,-0.21227
0.18234,0.095804,-0.27497
0.19373,0.096305,-0.34472
0.20549,0.09665,-0.42122
0.21761,0.096853,-0.50426
0.19429,0.12749,-0.33888
0.17291,0.16005,-0.21987
0.15318,0.19452,-0.13338
0.1349,0.23097,-0.071964
0.1179,0.26957,-0.031273
0.10203,0.31052,-0.0086379
0.087217,0.35406,-0.0022297
0.073519,0.40052,0.00625
0.060999,0.45021,0.029028
0.049664,0.50331,0.065503
0.047911,0.5267,0.080543
0.046212,0.5506,0.0971
0.044562,0.57502,0.11503
0.042963,0.59994,0.1342
0.041412,0.62536,0.15444
0.039906,0.65129,0.1756
0.038444,0.67771,0.19754
0.037022,0.70461,0.22011
0.035638,0.732,0.24316
0.034285,0.75987,0.26656
0.047489,0.68984,0.19189
0.063007,0.62551,0.13936
0.080684,0.56616,0.1002
0.10041,0.51125,0.070105
0.12212,0.46033,0.046706
0.14575,0.41307,0.028624
0.17127,0.36917,0.014989
0.19865,0.32838,0.0052141
0.22788,0.29049,-0.0011156
0.25896,0.25533,-0.0043115
0.23586,0.25025,0.00093056
0.21413,0.2456,0.0095757
0.19369,0.24135,0.020238
0.1745,0.23743,0.032199
0.1565,0.23384,0.045086
0.13965,0.23052,0.058688
0.12391,0.22747,0.072883
0.10925,0.22466,0.087594
0.095631,0.22206,0.10277
0.083035,0.21967,0.11836
0.064933,0.21986,0.064918
0.049122,0.22072,0.02974
0.035563,0.22211,0.0082013
0.024232,0.22395,-0.0024623
0.015107,0.22614,-0.0049064
0.0080893,0.2284,-0.01158
0.0031541,0.2306,-0.025501
0.00030647,0.23271,-0.046125
-0.00057621,0.23469,-0.073051
-0.0024166,0.23649,-0.10595
-0.00054806,0.22183,-0.078567
0.0015892,0.20727,-0.057162
0.007421,0.19291,-0.04037
0.017038,0.17884,-0.027329
0.030502,0.16512,-0.01748
0.04784,0.1518,-0.010455
0.069054,0.13895,-0.0060105
0.094117,0.12659,-0.0039793
0.12298,0.11478,-0.003308
0.15562,0.10361,-0.00074356
0.13991,0.10852,-0.00018256
0.12497,0.11369,0.00029364
0.11083,0.11912,0.00068519
0.097486,0.12481,0.00099652
0.08496,0.13076,0.0012326
0.073261,0.13696,0.0014006
0.062401,0.14341,0.0015058
0.05239,0.15012,0.0015588
0.043235,0.15706,0.001563
0.034946,0.16425,0.0015238
0.036348,0.15322,0.0054927
0.037804,0.14277,0.010251
0.039312,0.13288,0.015781
0.040871,0.12351,0.022068
0.04248,0.11464,0.029098
0.044139,0.10624,0.03686
0.045847,0.098291,0.045343
0.047601,0.090765,0.054537
0.049401,0.083646,0.064433
0.051245,0.076916,0.075025
0.042096,0.084417,0.064472
0.033911,0.092307,0.055366
0.026655,0.10058,0.047419
0.020301,0.10924,0.040424
0.01483,0.11828,0.034225
0.010226,0.1277,0.028704
0.0064812,0.13751,0.023771
0.0035909,0.1477,0.019357
0.0015551,0.15829,0.015406
0.00037791,0.16928,0.011875
0.00095891,0.18399,0.010804
0.0018505,0.19946,0.0094882
0.0030601,0.2157,0.0079726
0.0045954,0.23271,0.0063084
0.0064632,0.2505,0.0045462
0.0086711,0.26908,0.0027367
0.011225,0.28844,0.00092797
0.014132,0.30859,-0.00083483
0.017398,0.32953,-0.0025108
0.021028,0.35125,-0.0040624
0.02637,0.35452,-0.0028958
0.032304,0.35773,-0.0014791
0.038824,0.36087,0.00019513
0.04593,0.36394,0.0021306
0.053618,0.36694,0.004328
0.061887,0.36988,0.0067859
0.070734,0.37276,0.0095012
0.080158,0.37557,0.012469
0.090155,0.37831,0.015686
0.10072,0.38098,0.019146
0.106,0.3195,0.032333
0.11128,0.26459,0.045744
0.11658,0.21582,0.059248
0.1219,0.17281,0.072811
0.12723,0.13522,0.086426
0.13259,0.10275,0.10011
0.13798,0.075168,0.11386
0.14341,0.052243,0.1277
0.14889,0.033803,0.14162
0.15443,0.019707,0.15564
0.14939,0.017777,0.13314
0.1445,0.015963,0.11326
0.13974,0.014262,0.095591
0.13512,0.012666,0.079828
0.13062,0.011174,0.065767
0.12624,0.009783,0.053263
0.12197,0.0084909,0.042208
0.11782,0.0072963,0.032528
0.11377,0.0061981,0.024165
0.10982,0.0051949,0.017077
0.12016,0.0070308,0.014376
0.13123,0.0091957,0.012225
0.1431,0.011699,0.010525
0.15578,0.01455,0.009196
0.16934,0.017757,0.0081729
0.1838,0.021328,0.007404
0.1992,0.025272,0.0068496
0.21557,0.029595,0.006478
0.23293,0.034304,0.0062666
0.25133,0.039404,0.0061987
0.2499,0.043748,0.0058369
0.24851,0.048369,0.0050663
0.24718,0.053275,0.0040396
0.24589,0.058472,0.0028958
0.24465,0.063969,0.001755
0.24345,0.06977,0.00071537
0.24229,0.075881,-0.0001434
0.24117,0.082307,-0.00075927
0.24008,0.089052,-0.0010835
0.23902,0.096119,-0.0011975
0.25612,0.089459,-0.0011543
0.27383,0.083023,-0.0011523
0.29213,0.076815,-0.0011597
0.31104,0.070834,-0.0011503
0.33056,0.065085,-0.0011251
0.35068,0.059567,-0.0010857
0.3714,0.054284,-0.0010326
0.39274,0.049236,-0.00096704
0.41469,0.044424,-0.0008891
0.43724,0.039851,-0.0008
0.43732,0.040833,0.00087771
0.43737,0.041774,0.0033611
0.43738,0.042673,0.0065782
0.43737,0.04353,0.01048
0.43732,0.044346,0.015035
0.43724,0.045119,0.020217
0.43713,0.04585,0.026012
0.43699,0.046538,0.032403
0.43683,0.047184,0.039379
0.43664,0.047788,0.04693
0.46986,0.054271,0.041657
0.50434,0.061173,0.036915
0.54007,0.068493,0.032596
0.57705,0.076228,0.02862
0.61528,0.084377,0.024926
0.65476,0.092935,0.021469
0.69549,0.1019,0.018216
0.73746,0.11127,0.015144
0.78068,0.12104,0.012236
0.82513,0.1312,0.0094784
0.84914,0.12663,0.0067074
0.87362,0.12224,0.0048709
0.89855,0.11802,0.0035866
0.92395,0.11396,0.0026441
0.94982,0.11005,0.0019302
0.97615,0.1063,0.001376
1.003,0.10268,0.000947
1.0303,0.099202,0.00061862
1.058,0.095852,0.00038309
1.0863,0.092625,0.00023188
0.95745,0.087908,-0.0040403
0.83865,0.083128,-0.006856
0.72941,0.078315,-0.0078038
0.62927,0.073496,-0.0075226
0.53781,0.068708,-0.0091057
0.45465,0.063972,-0.012898
0.37943,0.05931,-0.018918
0.31183,0.054739,-0.027177
0.25154,0.050275,-0.037684
0.19828,0.045934,-0.050448
0.20185,0.055302,-0.05114
0.20546,0.065544,-0.051755
0.20912,0.07666,-0.052298
0.21283,0.088651,-0.052778
0.21658,0.10152,-0.053198
0.22037,0.11526,-0.053566
0.22421,0.12987,-0.053883
0.22809,0.14536,-0.054155
0.23201,0.16171,-0.054383
0.23597,0.17894,-0.054572
0.23499,0.16643,-0.046775
0.23399,0.15444,-0.040454
0.23296,0.14297,-0.035218
0.23192,0.132,-0.030806
0.23087,0.12152,-0.027043
0.2298,0.11153,-0.023807
0.22872,0.102,-0.021007
0.22762,0.092945,-0.018579
0.22652,0.084342,-0.016475
0.22541,0.076187,-0.014655
0.21252,0.085189,-0.015825
0.20013,0.094581,-0.016807
0.18821,0.10436,-0.017619
0.17675,0.11451,-0.018283
0.16573,0.12503,-0.018818
0.15514,0.13591,-0.019244
0.14495,0.14715,-0.019577
0.13516,0.15876,-0.019831
0.12575,0.17071,-0.020017
0.11671,0.18301,-0.020144
0.14237,0.18741,-0.013992
0.17074,0.19175,-0.010285
0.20193,0.196,-0.0086266
0.23602,0.20017,-0.008714
0.27312,0.20426,-0.0099922
0.31338,0.20826,-0.010581
0.35685,0.21218,-0.010331
0.40361,0.21605,-0.0093636
0.45369,0.21986,-0.0077761
0.50714,0.22364,-0.0056501
0.53567,0.20001,-0.012431
0.56487,0.17782,-0.017724
0.59471,0.15705,-0.022006
0.6252,0.13766,-0.025543
0.65632,0.11963,-0.028488
0.68809,0.10294,-0.030929
0.72049,0.087557,-0.032967
0.75349,0.073468,-0.035328
0.78709,0.060655,-0.03822
0.82128,0.049102,-0.041637
0.80943,0.04915,-0.038932
0.79785,0.049157,-0.036623
0.78679,0.049138,-0.029484
0.77621,0.049097,-0.01751
0.76612,0.049042,-0.00069665
0.75651,0.048977,0.02096
0.74736,0.048909,0.047466
0.73867,0.048842,0.078829
0.73044,0.048782,0.11506
0.72265,0.048734,0.15616
0.66516,0.05263,0.13606
0.61097,0.056938,0.11675
0.55992,0.061674,0.098503
0.51187,0.066851,0.081483
0.46667,0.072484,0.065788
0.4242,0.078587,0.051487
0.38433,0.085173,0.038622
0.34694,0.092255,0.027229
0.31193,0.099845,0.01733
0.27921,0.10795,0.008946
0.30459,0.11552,0.019066
0.33097,0.12346,0.030749
0.35835,0.13176,0.043848
0.38671,0.14041,0.05826
0.41604,0.14941,0.073907
0.44634,0.15872,0.09074
0.4776,0.16835,0.10871
0.50984,0.17826,0.12779
0.54304,0.18844,0.14794
0.5772,0.19887,0.16916
0.56088,0.18423,0.18034
0.54454,0.17036,0.18519
0.52831,0.15723,0.18554
0.51225,0.14482,0.18269
0.49642,0.1331,0.1775
0.48085,0.12203,0.17056
0.46556,0.11159,0.1623
0.45056,0.10175,0.15306
0.43586,0.092487,0.14306
0.42147,0.083773,0.13254
0.39458,0.080048,0.15519
0.36865,0.076492,0.17725
0.34367,0.073099,0.19882
0.31965,0.06986,0.21995
0.29659,0.066768,0.24067
0.27449,0.063816,0.26103
0.25335,0.060997,0.28102
0.23317,0.058305,0.30066
0.21395,0.055733,0.31995
0.19568,0.053276,0.33889
0.19215,0.055247,0.29775
0.1893,0.057145,0.26514
0.18693,0.058958,0.23847
0.18494,0.060677,0.21612
0.18326,0.062298,0.19697
0.18181,0.06382,0.18029
0.18057,0.065241,0.16554
0.17951,0.066562,0.15234
0.17861,0.067782,0.14042
0.17784,0.068904,0.12957
0.16955,0.062773,0.14841
0.16162,0.057116,0.16813
0.15402,0.051901,0.18877
0.14674,0.047099,0.21036
0.13978,0.042686,0.23293
0.13311,0.038637,0.25652
0.12673,0.034932,0.28112
0.12061,0.031552,0.30675
0.11476,0.028481,0.33342
0.10915,0.025698,0.36112
0.10622,0.029036,0.29917
0.10396,0.032976,0.24876
0.10221,0.037476,0.2069
0.10086,0.042507,0.17164
0.099827,0.048049,0.14162
0.099053,0.054089,0.11589
0.098495,0.060616,0.09375
0.09812,0.067623,0.074672
0.0979,0.075105,0.058263
0.097813,0.083056,0.044211
0.089345,0.074408,0.037613
0.081364,0.066343,0.030866
0.073868,0.058846,0.02434
0.066849,0.051898,0.018293
0.060296,0.045482,0.012908
0.054195,0.039579,0.0083084
0.04853,0.03417,0.0045798
0.043285,0.029236,0.0017751
0.038442,0.02476,-7.023E-05
0.033982,0.020723,-0.00093692
0.036461,0.01759,-0.0010567
0.039015,0.014722,-0.0010819
0.041644,0.012112,-0.0013099
0.044353,0.0097557,-0.0017841
0.047151,0.0076505,-0.0025259
0.050047,0.0057945,-0.0035558
0.05305,0.0041865,-0.0048908
0.05617,0.0028262,-0.0065489
0.059418,0.0017139,-0.0085449
0.062805,0.00085037,-0.010896
0.064943,0.004539,-0.015249
0.067071,0.011056,-0.020267
0.069169,0.020469,-0.025944
0.071224,0.032862,-0.032266
0.073226,0.048322,-0.039196
0.075173,0.06694,-0.046682
0.07706,0.088804,-0.054652
0.078889,0.114,-0.063035
0.08066,0.1426,-0.071746
0.082377,0.17469,-0.080718
0.083414,0.14963,-0.074082
0.084312,0.12654,-0.067844
0.085075,0.1054,-0.061879
0.085706,0.086216,-0.056128
0.086211,0.068974,-0.050557
0.086595,0.053669,-0.045161
0.086863,0.040293,-0.039945
0.087023,0.02884,-0.034925
0.087084,0.019303,-0.030121
0.087055,0.011674,-0.025558
0.098841,0.011312,-0.01776
0.11156,0.010945,-0.011261
0.12528,0.010572,-0.005938
0.14004,0.010198,-0.0016881
0.15589,0.009822,0.0015803
0.17288,0.0094464,0.0039464
0.19106,0.0090724,0.005482
0.21045,0.0087025,0.0065019
0.23107,0.0083436,0.0082216
0.25294,0.0079958,0.010753
0.24059,0.0088312,0.0093662
0.22871,0.0096974,0.0085061
0.21728,0.010592,0.0079455
0.20628,0.011513,0.0075456
0.19572,0.01246,0.0072279
0.18556,0.013431,0.0069406
0.17579,0.014425,0.006661
0.16641,0.015441,0.0063636
0.15739,0.01648,0.006053
0.14872,0.017539,0.0057331
0.15404,0.014502,0.0050178
0.15951,0.011743,0.0025917
0.16514,0.0092681,-0.001488
0.17092,0.0070838,-0.0071727
0.17685,0.0051939,-0.014413
0.18294,0.003602,-0.023166
0.18918,0.0023095,-0.033385
0.19557,0.0013179,-0.045029
0.20211,0.00062704,-0.058055
0.20879,0.00023733,-0.072421
0.2073,0.0022988,-0.065427
0.20591,0.0067988,-0.059652
0.20458,0.013734,-0.054769
0.20328,0.023104,-0.050557
0.202,0.03491,-0.046849
0.20071,0.049156,-0.043528
0.19941,0.065847,-0.040502
0.19807,0.084988,-0.037707
0.1967,0.10659,-0.035088
0.19529,0.13065,-0.032607
0.18496,0.14605,-0.018838
0.17504,0.1622,-0.0095203
0.16547,0.17909,-0.0033129
0.15622,0.19673,0.0006643
0.14727,0.21512,0.0030112
0.1386,0.23427,0.0041427
0.13019,0.25417,0.0043581
0.12204,0.27482,0.0045935
0.11412,0.29622,0.0054298
0.10645,0.31836,0.0067392
0.11226,0.30961,0.0071265
0.11831,0.30106,0.0076252
0.1246,0.2927,0.0082133
0.13114,0.28454,0.0088599
0.13793,0.27656,0.0095481
0.14497,0.26876,0.010256
0.15226,0.26112,0.010971
0.15981,0.25365,0.011675
0.16761,0.24634,0.012354
0.17567,0.23918,0.012991
0.18471,0.1981,0.0075316
0.19344,0.16162,0.0038669
0.20188,0.12943,0.0015992
0.21005,0.10126,0.00049323
0.218,0.076898,-0.00036022
0.22574,0.05615,-0.0021113
0.23331,0.038851,-0.0047194
0.24074,0.024864,-0.0081559
0.24808,0.014076,-0.012405
0.25538,0.006403,-0.017463
0.22023,0.0094423,-0.010703
0.18765,0.012912,-0.0056474
0.15763,0.016739,-0.002555
0.13018,0.020861,-0.0015484
0.10534,0.025213,0.00026813
0.08315,0.02975,0.0045363
0.063628,0.034451,0.011324
0.046791,0.03931,0.020677
0.032657,0.044341,0.032622
0.02124,0.049579,0.047164
0.027589,0.055285,0.029023
0.034935,0.061244,0.015294
0.043281,0.067414,0.0057654
0.052628,0.073754,0.00029918
0.062976,0.080232,-0.0013476
0.074202,0.086828,-0.0043615
0.086238,0.093523,-0.011256
0.099075,0.10029,-0.02196
0.1127,0.10713,-0.036401
0.12713,0.11401,-0.054505
0.13697,0.11393,-0.069487
0.14716,0.11388,-0.086365
0.15769,0.11386,-0.10513
0.16857,0.11386,-0.12579
0.1798,0.11387,-0.1483
0.19138,0.1139,-0.17266
0.20332,0.11393,-0.19884
0.21562,0.11396,-0.2268
0.22829,0.11397,-0.25651
0.24131,0.11395,-0.28792
0.24394,0.12965,-0.23397
0.24645,0.14635,-0.18547
0.24882,0.16406,-0.14253
0.25105,0.18276,-0.10528
0.25315,0.20247,-0.073842
0.2551,0.22317,-0.048332
0.25691,0.24486,-0.028856
0.25857,0.26753,-0.015518
0.26009,0.29119,-0.0084187
0.26147,0.31583,-0.0068335
0.22445,0.29049,-0.0020359
0.19066,0.26621,0.0044442
0.15998,0.24297,0.011205
0.13229,0.22078,0.017658
0.1075,0.19963,0.023553
0.085515,0.17952,0.028796
0.066252,0.16045,0.033355
0.049631,0.14243,0.037236
0.035576,0.12546,0.040454
0.02401,0.10954,0.043038
0.035562,0.12594,0.040201
0.049477,0.1436,0.037671
0.065756,0.16253,0.035458
0.084401,0.18276,0.033567
0.10542,0.20427,0.031988
0.1288,0.22709,0.030708
0.15456,0.2512,0.0297
0.18271,0.27662,0.028936
0.21323,0.30334,0.028381
0.24615,0.33134,0.028005
0.23874,0.30828,0.018533
0.23115,0.28625,0.010762
0.22343,0.26523,0.0046165
0.21558,0.24519,4.4075E-05
0.20763,0.22608,-0.0029979
0.1996,0.20789,-0.0045435
0.19151,0.1906,-0.0046916
0.18336,0.17415,-0.0054083
0.17517,0.15852,-0.0075649
0.16696,0.14368,-0.011143
0.17008,0.14918,-0.012554
0.17324,0.15479,-0.013685
0.17642,0.16049,-0.014543
0.17962,0.16629,-0.015148
0.18284,0.17218,-0.015526
0.18607,0.17817,-0.015707
0.1893,0.18424,-0.015717
0.19253,0.19042,-0.015584
0.19575,0.19668,-0.015331
0.19896,0.20303,-0.014977
0.20862,0.19824,-0.0089485
0.2185,0.19352,-0.0058177
0.22861,0.18886,-0.0047551
0.23897,0.1843,-0.0042338
0.24958,0.17984,-0.0025526
0.26044,0.17549,8.6426E-05
0.27155,0.17124,0.0035243
0.28291,0.16708,0.0076473
0.29452,0.16302,0.012374
0.30638,0.15904,0.017633
0.27469,0.17993,0.026983
0.2451,0.20209,0.038671
0.21746,0.22552,0.052771
0.19168,0.25022,0.069315
0.16767,0.27621,0.088318
0.14538,0.30347,0.10978
0.12474,0.33202,0.13369
0.10574,0.36185,0.16004
0.088351,0.39297,0.1888
0.072568,0.42538,0.21996
0.095568,0.38638,0.17149
0.12163,0.35033,0.132
0.15071,0.31688,0.09936
0.18278,0.28577,0.072287
0.21782,0.25677,0.049952
0.25585,0.22971,0.031812
0.29689,0.20444,0.017483
0.34097,0.18086,0.0066896
0.38813,0.15887,-0.00077732
0.43841,0.13843,-0.0050884
0.38286,0.12801,-0.0056784
0.33118,0.11819,-0.0057555
0.28333,0.10888,-0.007604
0.23928,0.10007,-0.011262
0.19901,0.091716,-0.016692
0.16248,0.083814,-0.023855
0.12967,0.076337,-0.032711
0.10056,0.069266,-0.043223
0.075132,0.062581,-0.055355
0.053359,0.05626,-0.06908
0.06568,0.069377,-0.072567
0.07949,0.084174,-0.07598
0.094835,0.10072,-0.079277
0.11176,0.11907,-0.082432
0.1303,0.13927,-0.08542
0.1505,0.16137,-0.088235
0.17238,0.1854,-0.09087
0.19597,0.21139,-0.093327
0.2213,0.23934,-0.095606
0.24839,0.26927,-0.097713
0.27055,0.27121,-0.098174
0.29365,0.27294,-0.10008
0.31769,0.27447,-0.10309
0.34268,0.27582,-0.10691
0.3686,0.27696,-0.11137
0.39546,0.27791,-0.11635
0.42326,0.27865,-0.12175
0.452,0.27918,-0.12752
0.48167,0.27949,-0.13361
0.51226,0.27958,-0.14
0.5121,0.27715,-0.067085
0.5118,0.27407,-0.027466
0.5114,0.27056,-0.011762
0.51101,0.26688,-0.0066905
0.5109,0.26344,0.012463
0.51104,0.26023,0.04538
0.51141,0.25719,0.090681
0.51196,0.25429,0.14732
0.5127,0.25149,0.21443
0.51359,0.24875,0.2913
0.45986,0.26357,0.25665
0.40964,0.27952,0.23037
0.36274,0.29651,0.20881
0.31903,0.3145,0.1901
0.27841,0.33347,0.17322
0.24077,0.35341,0.15763
0.20604,0.37431,0.143
0.17416,0.39615,0.12917
0.14505,0.41893,0.11604
0.11867,0.44264,0.10356
0.15306,0.44162,0.091111
0.19199,0.44063,0.082977
0.23545,0.43966,0.077702
0.28347,0.43869,0.074389
0.33607,0.43773,0.072459
0.39326,0.43677,0.07154
0.45508,0.4358,0.07139
0.52153,0.43484,0.071854
0.59263,0.43388,0.072838
0.66839,0.43293,0.074293
0.59789,0.48754,0.056816
0.53159,0.54392,0.040914
0.46938,0.60199,0.027364
0.41118,0.6617,0.016488
0.3569,0.723,0.0083889
0.30646,0.78587,0.0030613
0.2598,0.85028,0.00045478
0.21687,0.91622,0.00049381
0.17758,0.98368,0.0011553
0.14185,1.0527,-0.00056141
0.13884,0.97948,0.00079838
0.13611,0.91161,0.0016763
0.13363,0.84852,0.0022841
0.13139,0.78975,0.0027122
0.12936,0.7349,0.0030124
0.12754,0.68363,0.0032078
0.12592,0.63563,0.0033183
0.12447,0.59063,0.0033521
0.12319,0.54841,0.0033207
0.12208,0.50877,0.0032281
0.13393,0.52073,0.0031766
0.1463,0.53296,0.0029975
0.15919,0.54548,0.0026634
0.17258,0.55829,0.0021415
0.18648,0.5714,0.0014122
0.20088,0.58482,0.00042717
0.21576,0.59855,-0.00082287
0.23112,0.6126,-0.0023651
0.24696,0.62697,-0.0041938
0.26327,0.64168,-0.0063194
0.28012,0.63688,-0.0066652
0.29747,0.63215,-0.0068028
0.31533,0.62748,-0.0068301
0.33368,0.62288,-0.0068164
0.35252,0.61835,-0.0067977
0.37186,0.61389,-0.0068011
0.3917,0.60951,-0.0068376
0.41203,0.60519,-0.0069196
0.43284,0.60095,-0.0070487
0.45415,0.59678,-0.0072331
0.41999,0.57863,-0.0031185
0.38784,0.56039,-0.0016737
0.35771,0.54203,0.0032306
0.32947,0.52363,0.011629
0.30301,0.50521,0.02331
0.27822,0.48683,0.038135
0.25501,0.46853,0.056006
0.23329,0.45035,0.076847
0.21298,0.43231,0.10059
0.19401,0.41446,0.12719
0.18495,0.4464,0.10636
0.17598,0.47932,0.090058
0.16707,0.51321,0.076841
0.15819,0.54807,0.065798
0.14933,0.5839,0.056339
0.14047,0.62069,0.048079
0.13162,0.65842,0.04076
0.12275,0.69709,0.034201
0.11387,0.73667,0.028277
0.10497,0.77717,0.022891
0.1096,0.79703,0.030968
0.11424,0.81723,0.036709
0.11891,0.83778,0.040473
0.12361,0.85868,0.042681
0.12836,0.87993,0.043685
0.13315,0.90154,0.043737
0.13799,0.92351,0.043016
0.14288,0.94584,0.041636
0.14782,0.96853,0.039682
0.1528,0.99159,0.037207
0.13957,0.94054,0.035208
0.12692,0.89185,0.036578
0.11485,0.84535,0.039952
0.10335,0.80088,0.044694
0.092398,0.75834,0.050501
0.082008,0.71761,0.057213
0.072174,0.6786,0.064755
0.062894,0.64123,0.073087
0.054169,0.60543,0.082194
0.045996,0.57112,0.092072
0.058996,0.60653,0.051056
0.073574,0.64328,0.02125
0.089684,0.68132,-0.00015326
0.10729,0.72064,-0.014932
0.12639,0.7612,-0.024256
0.14694,0.803,-0.028944
0.16888,0.84587,-0.034152
0.19215,0.88968,-0.043337
0.21677,0.93442,-0.056131
0.24272,0.98008,-0.072215
0.20621,0.94028,-0.055315
0.17264,0.90092,-0.047545
0.14192,0.86222,-0.043406
0.11396,0.82427,-0.040878
0.088635,0.78712,-0.039125
0.065845,0.75079,-0.037774
0.045485,0.71531,-0.03664
0.027461,0.68068,-0.035634
0.011681,0.64692,-0.034712
-0.0019383,0.61404,-0.03386
-0.013945,0.61277,-0.035349
-0.024718,0.61147,-0.036617
-0.034262,0.61014,-0.037644
-0.04258,0.60881,-0.038478
-0.049677,0.60746,-0.039176
-0.055558,0.60612,-0.039787
-0.060225,0.60477,-0.040348
-0.063682,0.60345,-0.040884
-0.065934,0.60213,-0.041415
-0.067011,0.60085,-0.041951
-0.062931,0.5569,-0.04394
-0.059051,0.51535,-0.047801
-0.055349,0.47605,-0.052772
-0.051807,0.4389,-0.058458
-0.048413,0.40377,-0.064634
-0.045154,0.37057,-0.071167
-0.042021,0.33919,-0.077967
-0.039008,0.30955,-0.084972
-0.036107,0.28156,-0.092134
-0.033313,0.25516,-0.099419
-0.031912,0.24546,-0.08724
-0.030729,0.23638,-0.077325
-0.029743,0.2279,-0.069049
-0.02891,0.21996,-0.061998
-0.028059,0.21255,-0.055892
-0.027163,0.20564,-0.050529
-0.026223,0.19918,-0.045772
-0.025242,0.19315,-0.041502
-0.02422,0.18751,-0.037652
-0.023159,0.18224,-0.034161
-0.02159,0.17621,-0.030403
-0.019892,0.17045,-0.027018
-0.018072,0.16495,-0.023992
-0.016133,0.15969,-0.021304
-0.014082,0.15466,-0.018943
-0.01192,0.14983,-0.016893
-0.0096527,0.14521,-0.015145
-0.0072812,0.14078,-0.01369
-0.0048081,0.13652,-0.01252
-0.0022348,0.13244,-0.011628
9.2059E-05,0.15072,-0.012972
0.0028242,0.17048,-0.014458
0.0059498,0.19176,-0.016064
0.0094569,0.21459,-0.017705
0.013336,0.23899,-0.019371
0.017578,0.26498,-0.021055
0.022175,0.29257,-0.022755
0.02712,0.32176,-0.024465
0.032409,0.35256,-0.02618
0.038036,0.38496,-0.027892
0.037045,0.32836,-0.024267
0.035679,0.27711,-0.020298
0.034014,0.23086,-0.017578
0.032094,0.18939,-0.016135
0.029959,0.1525,-0.015851
0.027646,0.12001,-0.016639
0.025191,0.091741,-0.018431
0.022631,0.067518,-0.021167
0.020002,0.047174,-0.024797
0.017341,0.03054,-0.029272
0.02229,0.034529,-0.026648
0.027872,0.038798,-0.024107
0.034099,0.043357,-0.021651
0.040982,0.048215,-0.019285
0.048534,0.05338,-0.017013
0.056765,0.058863,-0.014841
0.065687,0.064671,-0.012774
0.07531,0.070812,-0.01082
0.085644,0.077295,-0.0089888
0.096697,0.084126,-0.0072912
0.098121,0.086458,-0.011348
0.099584,0.088797,-0.016536
0.10109,0.091152,-0.022866
0.10263,0.093529,-0.030345
0.10421,0.095937,-0.038978
0.10584,0.098383,-0.048766
0.1075,0.10088,-0.059709
0.10919,0.10343,-0.071802
0.11093,0.10604,-0.085038
0.1127,0.10873,-0.099414
0.11324,0.09736,-0.085105
0.11352,0.087113,-0.072091
0.11356,0.077891,-0.060272
0.11338,0.069613,-0.049584
0.113,0.062205,-0.039973
0.11243,0.055598,-0.031406
0.11168,0.049731,-0.023852
0.11077,0.044551,-0.017291
0.10972,0.040007,-0.011704
0.10853,0.036055,-0.0070797
0.11455,0.034759,-0.017369
0.12069,0.033846,-0.031426
0.12692,0.03334,-0.049154
0.13324,0.033266,-0.070468
0.13961,0.033652,-0.095285
0.14604,0.034527,-0.12353
0.15249,0.035918,-0.15514
0.15896,0.037853,-0.19004
0.16545,0.040244,-0.22818
0.17209,0.042575,-0.2695
0.16649,0.041375,-0.19795
0.16119,0.040087,-0.14187
0.15614,0.038738,-0.097788
0.15128,0.037359,-0.063458
0.14657,0.036071,-0.037362
0.14197,0.034934,-0.018435
0.13747,0.033974,-0.005904
0.13306,0.033214,0.00080283
0.12873,0.032669,0.0023801
0.1244,0.032134,0.005908
0.13731,0.034753,0.013287
0.15061,0.037472,0.024283
0.16427,0.040274,0.038749
0.1783,0.043144,0.056546
0.19266,0.046072,0.077528
0.20737,0.049032,0.10157
0.22244,0.051894,0.12852
0.23789,0.054657,0.15827
0.25371,0.057334,0.19069
0.2699,0.059951,0.22569
0.23915,0.050854,0.22182
0.21035,0.041483,0.21905
0.18354,0.031869,0.21691
0.15877,0.022036,0.21512
0.13607,0.012009,0.21349
0.11547,0.0018139,0.21192
0.09701,-0.0085282,0.21029
0.080715,-0.018995,0.20859
0.066613,-0.029568,0.20674
0.05473,-0.040228,0.20475
0.062899,-0.020267,0.20376
0.073716,-0.0037963,0.20471
0.087202,0.0093095,0.20697
0.1034,0.019125,0.21011
0.12233,0.025899,0.21383
0.14258,0.034858,0.21817
0.16354,0.048286,0.22304
0.18525,0.06629,0.22838
0.2077,0.088981,0.23408
0.23091,0.11647,0.2401
0.22273,0.10471,0.22808
0.21461,0.093842,0.21402
0.20654,0.083898,0.19881
0.1985,0.074908,0.18306
0.19047,0.066904,0.1672
0.18243,0.059924,0.15153
0.17437,0.054007,0.13625
0.16627,0.049191,0.12152
0.15809,0.045516,0.10744
0.14983,0.043017,0.094079
0.15121,0.044532,0.078688
0.15249,0.046511,0.066132
0.15365,0.048964,0.055741
0.15469,0.051899,0.04703
0.1556,0.05532,0.039655
0.15636,0.059231,0.033351
0.15698,0.063634,0.027927
0.15745,0.068529,0.023224
0.15776,0.07392,0.019128
0.15791,0.079805,0.015542
0.15316,0.09209,0.014363
0.1477,0.10672,0.012906
0.14154,0.12373,0.011244
0.13465,0.14316,0.0093997
0.12705,0.16507,0.0074218
0.11872,0.18948,0.0053466
0.10963,0.21643,0.0032069
0.099781,0.24598,0.0010255
0.089145,0.27813,-0.001178
0.077706,0.31293,-0.0033903
0.10453,0.29492,-0.0064445
0.13199,0.27901,-0.0088699
0.16011,0.26506,-0.010855
0.18891,0.25298,-0.012523
0.21841,0.24268,-0.013969
0.24861,0.23407,-0.015484
0.27953,0.22709,-0.01716
0.31118,0.22169,-0.018979
0.34355,0.21784,-0.020928
0.37665,0.21549,-0.023
0.37395,0.19523,-0.020638
0.37059,0.17742,-0.018021
0.36665,0.16216,-0.012485
0.36211,0.1494,-0.0046414
0.35695,0.13912,0.0051358
0.35116,0.13129,0.016603
0.34472,0.12589,0.02959
0.33762,0.1229,0.043974
0.33045,0.12067,0.05974
0.32418,0.1164,0.076965
0.3411,0.12319,0.081102
0.35846,0.13016,0.084946
0.37625,0.13731,0.088505
0.39447,0.14462,0.091816
0.41312,0.1521,0.094881
0.4322,0.15974,0.097715
0.45171,0.16754,0.10031
0.47165,0.17551,0.10269
0.49201,0.18364,0.10482
0.5128,0.19194,0.10672
0.4881,0.18439,0.10418
0.46442,0.17679,0.099822
0.44174,0.1692,0.094216
0.42,0.16167,0.087776
0.39918,0.15425,0.08079
0.37923,0.14695,0.073481
0.36013,0.1398,0.066014
0.34183,0.13283,0.058524
0.3243,0.12605,0.051119
0.30747,0.11954,0.043897
0.29174,0.11276,0.020635
0.27654,0.10687,0.0065091
0.2618,0.10163,-0.0019787
0.24745,0.0969,-0.0068714
0.23347,0.092586,-0.0094309
0.21983,0.088634,-0.010454
0.20653,0.08501,-0.010468
0.19356,0.081683,-0.0099328
0.1809,0.078605,-0.0096983
0.16854,0.075778,-0.0097597
0.17171,0.076568,-0.0096963
0.17489,0.077385,-0.0096728
0.17808,0.078231,-0.0096789
0.18127,0.079104,-0.0097041
0.18447,0.080006,-0.0097439
0.18767,0.080936,-0.0097923
0.19088,0.081893,-0.0098462
0.19409,0.082877,-0.0099009
0.19731,0.083886,-0.0099537
0.20054,0.084921,-0.01
0.20939,0.087692,-0.010305
0.2184,0.090614,-0.010778
0.22757,0.093688,-0.01143
0.23689,0.096914,-0.012281
0.24636,0.10029,-0.013354
0.25599,0.10383,-0.01467
0.26578,0.10751,-0.016252
0.27573,0.11135,-0.018117
0.28583,0.11535,-0.020281
0.29608,0.1195,-0.022757
0.30784,0.12476,-0.027294
0.31977,0.13029,-0.032151
0.33188,0.1361,-0.037286
0.34416,0.14218,-0.04267
0.35661,0.14855,-0.048284
0.36923,0.15521,-0.054118
0.38203,0.16215,-0.060164
0.39499,0.1694,-0.066418
0.40812,0.17694,-0.072875
0.42143,0.18479,-0.07953
0.376,0.16696,-0.07526
0.33393,0.15042,-0.070374
0.29506,0.13512,-0.065133
0.25921,0.12098,-0.059724
0.22624,0.10797,-0.054271
0.19601,0.09602,-0.048869
0.16838,0.085091,-0.043583
0.14323,0.075136,-0.038468
0.12044,0.066112,-0.033563
0.099901,0.05798,-0.028903
0.10073,0.056845,-0.021419
0.10159,0.055799,-0.015444
0.10246,0.054842,-0.010734
0.10336,0.053973,-0.007108
0.10426,0.05319,-0.0044234
0.10518,0.052491,-0.0025707
0.1061,0.051876,-0.0014621
0.10702,0.051341,-0.0010291
0.10795,0.050877,-0.00082991
0.1089,0.050468,-8.6315E-05
0.087281,0.040037,-0.00068623
0.068486,0.031052,-0.00066611
0.052336,0.023431,-0.00083679
0.038671,0.017081,-0.0013013
0.027336,0.01191,-0.0019423
0.018179,0.0078254,-0.0026737
0.01105,0.0047385,-0.0034292
0.0058113,0.0025149,-0.0041559
0.0023571,0.00094992,-0.004813
0.00051925,-1.6045E-05,-0.0053753
0.0010405,0.00028982,-0.0016371
0.0017648,0.00066935,-9.0704E-05
0.0026924,0.0011116,0.00051064
0.0038288,0.0015672,0.0030787
0.0051232,0.0020764,0.0080108
0.0065335,0.0026766,0.015579
0.0080337,0.0033792,0.026032
0.0096,0.0041976,0.039582
0.01121,0.0051467,0.056395
0.01284,0.0062425,0.076589
0.01733,0.0070481,0.055725
0.022103,0.0089156,0.038633
0.027608,0.010794,0.024894
0.034133,0.012031,0.01424
0.041693,0.012639,0.006521
0.050306,0.012625,0.001665
0.059992,0.011997,-0.00035869
0.070756,0.010773,-0.0013706
0.082593,0.0089751,-0.0050423
0.095528,0.0066072,-0.011423
0.094196,0.01562,-0.024474
0.093453,0.023326,-0.041818
0.093295,0.029762,-0.063027
0.093727,0.034944,-0.087775
0.094759,0.03887,-0.11579
0.096409,0.041521,-0.14682
0.098626,0.043034,-0.18062
0.10059,0.045357,-0.21698
0.10204,0.049101,-0.25564
0.10297,0.054303,-0.29642
0.10219,0.053582,-0.2317
0.10151,0.05303,-0.18293
0.10091,0.052609,-0.14503
0.10039,0.05229,-0.11495
0.09995,0.052058,-0.090692
0.099576,0.051896,-0.070929
0.099265,0.051794,-0.054732
0.09901,0.051744,-0.041437
0.098807,0.051739,-0.030551
0.09865,0.051773,-0.021704
0.10337,0.05555,-0.020781
0.10829,0.059555,-0.019673
0.11341,0.063791,-0.018413
0.11874,0.06826,-0.01703
0.12429,0.072965,-0.015554
0.13006,0.077907,-0.014013
0.13606,0.083089,-0.012435
0.14229,0.088513,-0.010844
0.14877,0.094181,-0.0092616
0.15549,0.1001,-0.0077091
0.15048,0.099502,-0.00074763
0.14561,0.098977,0.0018046
0.14086,0.098509,0.0028013
0.13617,0.09809,0.0063593
0.13151,0.097718,0.012131
0.1269,0.097394,0.019745
0.12233,0.097118,0.028919
0.1178,0.096889,0.039434
0.1133,0.096707,0.051116
0.10884,0.096574,0.063824
0.1005,0.090512,0.064596
0.092486,0.084635,0.065411
0.084785,0.078945,0.066203
0.077403,0.073445,0.066931
0.070339,0.068135,0.067559
0.063596,0.063019,0.068068
0.057174,0.058097,0.068437
0.051076,0.053372,0.068661
0.045303,0.048845,0.06873
0.039857,0.044518,0.068644
0.034206,0.04576,0.05507
0.028648,0.047298,0.043374
0.023187,0.049134,0.03333
0.017827,0.051268,0.02478
0.012569,0.053702,0.017601
0.0074171,0.056436,0.011707
0.0023722,0.059472,0.0070315
-0.0025635,0.062809,0.0035281
-0.0073883,0.066449,0.001162
-0.012101,0.070391,-9.1164E-05
-0.00047799,0.067898,0.00024196
0.013139,0.066601,0.00071333
0.028766,0.066478,0.0013475
0.046419,0.067517,0.0021637
0.066109,0.069716,0.0031792
0.087844,0.073084,0.0044098
0.11163,0.077634,0.0058727
0.13747,0.083385,0.0075856
0.16538,0.090359,0.0095686
0.19534,0.098578,0.011841
0.19648,0.10275,0.014924
0.19751,0.10724,0.017455
0.19844,0.11205,0.019347
0.19927,0.11716,0.020588
0.2,0.12259,0.021216
0.20062,0.12832,0.021292
0.20113,0.13436,0.020889
0.20153,0.1407,0.020082
0.20182,0.14733,0.018946
0.202,0.15427,0.017547
0.18373,0.14034,0.028608
0.16677,0.1273,0.042348
0.15102,0.11511,0.058672
0.1364,0.10372,0.077494
0.12281,0.09308,0.098729
0.11018,0.083161,0.12231
0.098437,0.073927,0.14815
0.087528,0.065348,0.17619
0.077399,0.057398,0.20635
0.068005,0.050053,0.23859
0.061902,0.050307,0.2224
0.056027,0.05079,0.20851
0.050366,0.05149,0.19636
0.044903,0.052394,0.1856
0.039626,0.053493,0.1759
0.034523,0.054778,0.16709
0.029584,0.056242,0.15898
0.024799,0.057876,0.15146
0.020161,0.059676,0.14445
0.015661,0.061638,0.13785
0.0051496,0.064286,0.12483
-0.004351,0.067697,0.1138
-0.012878,0.071859,0.10429
-0.020461,0.076764,0.095964
-0.027122,0.082413,0.088577
-0.032879,0.088809,0.081938
-0.037742,0.095961,0.075906
-0.041714,0.10388,0.070369
-0.045631,0.11224,0.065257
-0.050728,0.12055,0.060513
-0.049049,0.12093,0.075699
-0.048222,0.12096,0.09225
-0.047481,0.12096,0.11011
-0.045841,0.12133,0.12922
-0.043293,0.12208,0.14953
-0.039832,0.12322,0.17102
-0.035451,0.12476,0.19364
-0.030142,0.1267,0.21738
-0.023897,0.12905,0.24222
-0.016707,0.1318,0.26813
-0.016041,0.12973,0.25706
-0.015482,0.12786,0.24633
-0.015022,0.12618,0.23592
-0.014661,0.12468,0.22585
-0.014389,0.12335,0.21609
-0.014197,0.12217,0.20666
-0.014077,0.12114,0.19753
-0.014024,0.12025,0.18869
-0.014032,0.11949,0.18015
-0.0141,0.11885,0.17189
-0.010025,0.097773,0.17129
-0.0065873,0.079057,0.17189
-0.0037316,0.062588,0.17346
-0.0014091,0.048265,0.17582
0.00042582,0.035996,0.17886
0.0018134,0.025695,0.18248
0.0027903,0.017292,0.1866
0.0033869,0.010721,0.19115
0.0036295,0.0059304,0.19607
0.0035371,0.0028756,0.2013
0.0022721,0.0044973,0.17507
0.00068841,0.0069932,0.15
-0.0011921,0.010328,0.12636
-0.0033531,0.014471,0.10437
-0.0057822,0.019403,0.08421
-0.0084728,0.025114,0.066006
-0.011424,0.031608,0.049878
-0.01464,0.038898,0.0359
-0.018131,0.04701,0.024142
-0.021911,0.055978,0.014649
-0.019904,0.052585,0.012252
-0.017602,0.049462,0.009931
-0.015013,0.046604,0.0077494
-0.012147,0.044006,0.0057551
-0.009009,0.041661,0.0039937
-0.0056027,0.039567,0.0025014
-0.0019298,0.03772,0.0013117
0.0020105,0.036118,0.00045174
0.0062212,0.034761,-5.3683E-05
0.010708,0.033648,-0.00020137
0.012663,0.033662,0.0012909
0.014705,0.033711,0.0062739
0.016833,0.033775,0.014825
0.019046,0.033836,0.026972
0.021342,0.033881,0.042731
0.023718,0.0339,0.062104
0.026169,0.033888,0.085102
0.02869,0.033842,0.11173
0.031277,0.033762,0.14202
0.033923,0.033647,0.17598
0.03234,0.030087,0.17951
0.030814,0.026751,0.18197
0.029341,0.023642,0.18349
0.027915,0.020764,0.18421
0.026531,0.018122,0.18421
0.025184,0.015717,0.18362
0.023867,0.013554,0.18249
0.022575,0.011634,0.18091
0.021301,0.0099594,0.17893
0.020041,0.0085333,0.17661
0.017063,0.0095343,0.15815
0.013905,0.011525,0.14203
0.010558,0.014487,0.12775
0.0070159,0.01841,0.11497
0.0032707,0.023284,0.1034
-0.00068398,0.029109,0.092864
-0.0048538,0.035885,0.083195
-0.0092435,0.043617,0.074282
-0.013857,0.052315,0.066042
-0.018697,0.061989,0.058411
-0.01798,0.049724,0.039204
-0.014953,0.039218,0.024548
-0.013306,0.029235,0.013754
-0.014665,0.019334,0.0062956
-0.019034,0.0096875,0.0017904
-0.026458,0.0004288,3.6622E-07
-0.037014,-0.0083772,-0.0010389
-0.050783,-0.016742,-0.0047193
-0.067836,-0.02475,-0.011222
-0.088197,-0.032594,-0.020671
-0.079398,-0.029116,-0.02257
-0.071108,-0.025417,-0.024024
-0.06338,-0.021411,-0.02505
-0.056236,-0.017094,-0.025681
-0.049695,-0.012463,-0.025948
-0.043778,-0.0075191,-0.025893
-0.038507,-0.00226,-0.025554
-0.033899,0.0033135,-0.024976
-0.029974,0.0091999,-0.024196
-0.026745,0.015397,-0.023256
-0.041217,0.022731,-0.024814
-0.058732,0.031663,-0.026142
-0.079248,0.042264,-0.027346
-0.10273,0.054597,-0.02855
-0.12913,0.068721,-0.029868
-0.15841,0.084687,-0.031407
-0.19055,0.10254,-0.033251
-0.2255,0.12233,-0.035472
-0.26323,0.14408,-0.038115
-0.30372,0.16784,-0.041213
-0.30216,0.17211,-0.039431
-0.30049,0.17631,-0.037395
-0.2987,0.18044,-0.035193
-0.29681,0.1845,-0.032896
-0.2948,0.18848,-0.030552
-0.29269,0.19239,-0.028201
-0.29047,0.19623,-0.025869
-0.28815,0.19999,-0.02358
-0.28574,0.20368,-0.02135
-0.28324,0.2073,-0.019196
-0.26645,0.1851,-0.019865
-0.25049,0.16429,-0.020895
-0.23533,0.14481,-0.022204
-0.22091,0.1266,-0.023745
-0.20722,0.10962,-0.025485
-0.19422,0.093829,-0.027406
-0.18189,0.079192,-0.029495
-0.1702,0.065674,-0.031744
-0.15913,0.053242,-0.034149
-0.14864,0.041869,-0.036706
-0.12894,0.035818,-0.026081
-0.11114,0.030304,-0.018075
-0.095121,0.025305,-0.012055
-0.08075,0.020799,-0.0075937
-0.067914,0.016768,-0.0043865
-0.056511,0.013194,-0.0022114
-0.04644,0.010061,-0.00089949
-0.03761,0.0073535,-0.00031795
-0.029936,0.0050574,-0.00010578
-0.023341,0.0031589,0.00056409
-0.025944,0.0044159,0.0017015
-0.028757,0.0058311,0.003367
-0.031792,0.0074111,0.0055657
-0.035055,0.0091622,0.0083119
-0.038558,0.011091,0.011628
-0.042306,0.013204,0.015545
-0.046309,0.015506,0.020102
-0.050573,0.018004,0.025343
-0.055107,0.020703,0.031316
-0.059917,0.023608,0.038075
-0.060619,0.023154,0.037653
-0.061328,0.022697,0.037298
-0.062043,0.022237,0.037002
-0.062764,0.021774,0.036763
-0.063491,0.021309,0.036576
-0.064224,0.02084,0.036439
-0.064964,0.020369,0.03635
-0.065709,0.019895,0.036306
-0.066461,0.019419,0.036304
-0.067219,0.01894,0.036345
-0.064897,0.023276,0.021514
-0.062732,0.027799,0.010395
-0.060735,0.032505,0.0030364
-0.058915,0.037386,-0.00052962
-0.057268,0.042428,-0.0015254
-0.055734,0.047586,-0.0056395
-0.054308,0.052843,-0.01358
-0.052991,0.058187,-0.025346
-0.051782,0.063608,-0.04093
-0.05068,0.069096,-0.060327
-0.058383,0.074557,-0.07787
-0.066764,0.080183,-0.096992
-0.075837,0.085976,-0.1174
-0.085612,0.091936,-0.13885
-0.096097,0.098066,-0.16109
-0.1073,0.10437,-0.18392
-0.11922,0.11084,-0.2072
-0.13186,0.11749,-0.23079
-0.14523,0.12431,-0.25459
-0.15933,0.13131,-0.27854
-0.14415,0.13945,-0.21457
-0.13033,0.14619,-0.16568
-0.1178,0.15171,-0.12723
-0.10648,0.15612,-0.096464
-0.096306,0.15953,-0.071663
-0.087214,0.16203,-0.051689
-0.079149,0.16368,-0.035767
-0.072063,0.16457,-0.023346
-0.065913,0.16476,-0.014026
-0.060662,0.1643,-0.0075083
-0.058536,0.14748,-0.016596
-0.057111,0.13167,-0.028637
-0.056356,0.11675,-0.042827
-0.056247,0.10263,-0.058635
-0.056765,0.089228,-0.075703
-0.057895,0.07649,-0.093777
-0.059624,0.064368,-0.11267
-0.061945,0.052827,-0.13224
-0.064851,0.041841,-0.15236
-0.06834,0.031394,-0.17295
-0.077285,0.030543,-0.16331
-0.086782,0.029508,-0.1573
-0.096854,0.028299,-0.15414
-0.10752,0.026921,-0.15332
-0.11879,0.025378,-0.15447
-0.13068,0.023671,-0.15735
-0.1432,0.021803,-0.16176
-0.15635,0.019772,-0.16756
-0.17015,0.01758,-0.17465
-0.18459,0.015226,-0.18296
-0.1962,0.021051,-0.17229
-0.20821,0.027314,-0.16078
-0.2206,0.034012,-0.1488
-0.23338,0.041143,-0.13664
-0.24655,0.048706,-0.12453
-0.26009,0.056701,-0.11267
-0.274,0.065125,-0.1012
-0.28829,0.073981,-0.090226
-0.30295,0.083267,-0.079829
-0.31798,0.092985,-0.070071
-0.28999,0.080171,-0.090055
-0.26333,0.068383,-0.10972
-0.23798,0.057578,-0.12912
-0.21392,0.047716,-0.14835
-0.19115,0.038758,-0.16753
-0.16966,0.03067,-0.18673
-0.14944,0.02342,-0.20603
-0.13049,0.01698,-0.22548
-0.11279,0.01132,-0.24512
-0.096351,0.006418,-0.26496
-0.10278,0.00018893,-0.27323
-0.10961,-0.00586,-0.27926
-0.11686,-0.011732,-0.28328
-0.12452,-0.017431,-0.28553
-0.13258,-0.022963,-0.2862
-0.14106,-0.028334,-0.2855
-0.14994,-0.03355,-0.28356
-0.15923,-0.03862,-0.28055
-0.16892,-0.043548,-0.27657
-0.179,-0.048344,-0.27173
-0.17527,-0.047902,-0.23417
-0.17145,-0.047475,-0.20347
-0.16758,-0.04703,-0.17771
-0.16369,-0.046544,-0.15566
-0.15979,-0.045999,-0.1365
-0.1559,-0.045378,-0.11965
-0.15202,-0.044669,-0.10469
-0.14816,-0.043859,-0.091318
-0.14434,-0.04294,-0.079323
-0.14056,-0.041901,-0.068527
-0.13626,-0.039495,-0.076694
-0.13249,-0.035731,-0.085766
-0.1292,-0.030607,-0.095724
-0.12638,-0.024118,-0.10653
-0.124,-0.016256,-0.11818
-0.12204,-0.0070088,-0.13062
-0.12049,0.0036341,-0.14385
-0.11935,0.015686,-0.15783
-0.11861,0.02916,-0.17254
-0.11828,0.044069,-0.18796
-0.12058,0.037632,-0.15769
-0.12295,0.031214,-0.13132
-0.12541,0.024851,-0.1083
-0.12795,0.018575,-0.088204
-0.1306,0.012415,-0.070705
-0.13337,0.0063969,-0.055553
-0.13625,0.00054473,-0.042555
-0.13926,-0.0051198,-0.031548
-0.1424,-0.010578,-0.022406
-0.14568,-0.015811,-0.01502
-0.13458,-0.01376,-0.024513
-0.12401,-0.011702,-0.035961
-0.11392,-0.0096545,-0.049185
-0.10431,-0.0076328,-0.064054
-0.09516,-0.0056506,-0.080482
-0.086455,-0.0037195,-0.098398
-0.078181,-0.0018504,-0.11775
-0.070329,-5.2552E-05,-0.13851
-0.06289,0.0016654,-0.16062
-0.055858,0.0032961,-0.18406
-0.065572,-0.0023251,-0.19866
-0.076395,-0.0080315,-0.21276
-0.088338,-0.013833,-0.22628
-0.10141,-0.019739,-0.2392
-0.11562,-0.025758,-0.25148
-0.13098,-0.031897,-0.26312
-0.14749,-0.038165,-0.27411
-0.16516,-0.044567,-0.28448
-0.184,-0.051109,-0.29422
-0.204,-0.057795,-0.30337
-0.1923,-0.043787,-0.25587
-0.18325,-0.022484,-0.21549
-0.17679,0.0059791,-0.18047
-0.17293,0.041551,-0.1497
-0.17167,0.084247,-0.12249
-0.17304,0.13414,-0.098388
-0.17705,0.19134,-0.077128
-0.18376,0.25599,-0.058538
-0.1932,0.32823,-0.042542
-0.2054,0.4082,-0.029105
-0.18577,0.36252,-0.021548
-0.16745,0.31985,-0.016662
-0.15039,0.28012,-0.01341
-0.13455,0.24324,-0.011211
-0.11987,0.20914,-0.0097303
-0.10631,0.17775,-0.0087619
-0.093838,0.14903,-0.0081825
-0.082413,0.12291,-0.0079116
-0.072001,0.099352,-0.0079039
-0.06257,0.078302,-0.00813
-0.059328,0.0685,-0.0084677
-0.056249,0.059382,-0.0086039
-0.05333,0.050926,-0.0085783
-0.050565,0.043115,-0.0084226
-0.047949,0.035931,-0.0081679
-0.045477,0.029357,-0.0078365
-0.043147,0.023377,-0.0074507
-0.040955,0.017975,-0.0070247
-0.038897,0.013135,-0.0065741
-0.03697,0.0088447,-0.0061072
-0.042606,0.005995,-0.0041067
-0.048765,0.0030009,-0.0025608
-0.055453,-0.00013959,-0.0014567
-0.062677,-0.0034265,-0.00078277
-0.070443,-0.0068581,-0.00053016
-0.078759,-0.010432,-0.00047695
-0.087635,-0.014147,-5.7049E-05
-0.097077,-0.017997,0.0007529
-0.10709,-0.021977,0.0019453
-0.11768,-0.026081,0.0035134
-0.11611,-0.021842,-0.0008103
-0.11478,-0.016913,-0.0033785
-0.11364,-0.011249,-0.012115
-0.11267,-0.0048375,-0.026668
-0.11188,0.0023315,-0.046692
-0.11127,0.010271,-0.071895
-0.11083,0.018992,-0.10201
-0.11056,0.028506,-0.13681
-0.11048,0.038824,-0.17604
-0.11057,0.049956,-0.21952
-0.10705,0.038037,-0.20545
-0.1039,0.027245,-0.1913
-0.10113,0.017547,-0.17717
-0.098719,0.0089076,-0.16319
-0.096649,0.0012981,-0.14942
-0.094911,-0.0053112,-0.13596
-0.093494,-0.010945,-0.12286
-0.092386,-0.015629,-0.11018
-0.091577,-0.019384,-0.097993
-0.091058,-0.022232,-0.086335
-0.10822,-0.028005,-0.075273
-0.127,-0.034082,-0.066086
-0.14743,-0.04048,-0.058429
-0.16954,-0.047213,-0.052057
-0.19336,-0.054303,-0.046772
-0.21889,-0.061769,-0.042413
-0.24616,-0.069629,-0.038845
-0.27517,-0.077957,-0.035954
-0.30588,-0.086886,-0.033643
-0.33831,-0.096424,-0.031829
-0.32163,-0.091424,-0.025274
-0.30567,-0.086202,-0.018758
-0.2906,-0.080048,-0.012854
-0.27639,-0.072943,-0.0079605
-0.26303,-0.064871,-0.0043399
-0.25048,-0.055815,-0.0021697
-0.23873,-0.045763,-0.0014981
-0.22776,-0.034722,-0.00018608
-0.21758,-0.022695,0.0028507
-0.20815,-0.009674,0.0076498
-0.1894,-0.011561,0.008164
-0.17195,-0.013197,0.008633
-0.15574,-0.014583,0.009058
-0.14069,-0.015715,0.0094426
-0.12676,-0.016593,0.0097877
-0.11388,-0.017217,0.010097
-0.10199,-0.017587,0.010371
-0.09105,-0.017702,0.010613
-0.081003,-0.017563,0.010824
-0.071805,-0.017169,0.011007
-0.073815,-0.019592,0.014057
-0.075951,-0.021663,0.017425
-0.078203,-0.023381,0.021101
-0.080563,-0.024742,0.025078
-0.08301,-0.025783,0.02935
-0.085373,-0.027035,0.033902
-0.087592,-0.02867,0.038725
-0.089657,-0.030687,0.043815
-0.091561,-0.033087,0.049166
-0.093296,-0.035868,0.054773
-0.095222,-0.033439,0.051722
-0.096738,-0.032077,0.048563
-0.097852,-0.031791,0.045331
-0.098848,-0.03172,0.04208
-0.10016,-0.030559,0.038865
-0.1018,-0.028299,0.035713
-0.1038,-0.024944,0.032645
-0.10618,-0.020499,0.029683
-0.10895,-0.01497,0.026841
-0.11213,-0.0083597,0.024134
-0.10914,-0.017001,0.028492
-0.10683,-0.023986,0.033136
-0.10517,-0.029369,0.038058
-0.10412,-0.033187,0.043254
-0.10363,-0.03547,0.04872
-0.10365,-0.036347,0.05445
-0.10341,-0.037958,0.06038
-0.10264,-0.041098,0.06648
-0.10128,-0.045757,0.072741
-0.099322,-0.051937,0.079154
-0.081673,-0.05067,0.061267
-0.065425,-0.050605,0.046373
-0.050468,-0.051691,0.033964
-0.036705,-0.053886,0.023689
-0.024046,-0.057156,0.015296
-0.012416,-0.061477,0.0086043
-0.0017501,-0.066831,0.0034833
0.0080015,-0.073211,-0.00016181
0.016874,-0.080616,-0.0023984
0.024887,-0.089054,-0.0032885
0.021536,-0.075453,-0.0032015
0.018351,-0.06287,-0.0037197
0.01535,-0.051324,-0.0048532
0.012554,-0.040837,-0.0066099
0.0099829,-0.031431,-0.0089943
0.0076591,-0.023132,-0.012011
0.005605,-0.015966,-0.015661
0.0038441,-0.0099633,-0.01995
0.0023999,-0.0051534,-0.024879
0.0012943,-0.0015646,-0.030452
0.0012273,-0.0013254,-0.031706
0.0011486,-0.0010967,-0.032873
0.0010586,-0.00087963,-0.033944
0.00095716,-0.00067557,-0.034915
0.00084458,-0.00048556,-0.035779
0.00072101,-0.00031074,-0.036536
0.00058664,-0.00015191,-0.03718
0.00044166,-9.9962E-06,-0.037711
0.0002863,0.00011452,-0.038127
0.00012079,0.00022086,-0.03843
0.0012661,-0.0021673,-0.032036
0.0027517,-0.0056309,-0.026307
0.0045823,-0.01016,-0.021228
0.0067589,-0.015733,-0.016792
0.0094027,-0.022277,-0.01299
0.012577,-0.029732,-0.0098183
0.016284,-0.038066,-0.0072773
0.020523,-0.047246,-0.0053694
0.025297,-0.057242,-0.0040984
0.030608,-0.068023,-0.0034674
0.025499,-0.054244,-0.0024249
0.021119,-0.042221,-0.0018078
0.017423,-0.031851,-0.0012704
0.014372,-0.023023,-0.00077802
0.01193,-0.015631,-0.00038359
0.010063,-0.0095775,-0.00010369
0.0087375,-0.0047684,6.8786E-05
0.0079229,-0.0011181,0.00015673
0.0075919,0.0014507,0.00019182
0.0077243,0.0030011,0.00020699
0.0049831,0.0021025,0.0003143
0.0029302,0.0012663,0.0006375
0.0013998,0.00074669,0.0011888
0.00031411,0.00059609,0.0019694
-0.00036174,0.00079585,0.0029773
-0.00076484,0.0013046,0.0042091
-0.0016317,0.0018256,0.0056446
-0.0031294,0.0023133,0.007276
-0.005311,0.002771,0.0090968
-0.0082289,0.0032009,0.0111
-0.0063727,0.002661,0.017472
-0.0048027,0.0020564,0.025228
-0.003528,0.0014031,0.034384
-0.0025522,0.00070946,0.044968
-0.0018736,-2.2736E-05,0.05701
-0.0014866,-0.00079632,0.070532
-0.0013722,-0.001612,0.085543
-0.001222,-0.0023357,0.10205
-0.00089797,-0.0029115,0.12004
-0.00040039,-0.0033461,0.13949
-0.00087776,-0.0022298,0.13477
-0.0015591,-0.00072904,0.13085
-0.0024451,0.0011593,0.1276
-0.0035373,0.0034384,0.12489
-0.0048374,0.0061105,0.12262
-0.0063477,0.0091781,0.12075
-0.0080705,0.012643,0.11919
-0.010009,0.016508,0.11793
-0.012165,0.020775,0.11691
-0.014542,0.025445,0.11613
-0.014815,0.026341,0.09191
-0.01497,0.027085,0.070963
-0.015003,0.027697,0.053044
-0.015069,0.028116,0.037961
-0.015252,0.028319,0.02556
-0.015562,0.02832,0.015719
-0.016007,0.028134,0.0083396
-0.016595,0.027781,0.003342
-0.017334,0.027279,0.00066745
-0.018227,0.026655,-1.3481E-06
-0.017854,0.026827,-0.00048651
-0.017501,0.026983,-0.0013
-0.01717,0.027123,-0.0024454
-0.01686,0.027246,-0.0039269
-0.016571,0.02735,-0.0057464
-0.016301,0.027436,-0.0079077
-0.016052,0.027501,-0.010412
-0.015823,0.027544,-0.013262
-0.015613,0.027565,-0.016459
-0.015422,0.027562,-0.020007
-0.013796,0.02483,-0.022148
-0.012259,0.022227,-0.024273
-0.010812,0.019752,-0.026375
-0.0094603,0.017404,-0.028454
-0.0082048,0.015183,-0.030507
-0.0070484,0.013087,-0.032536
-0.0059714,0.01113,-0.03454
-0.0049367,0.0093309,-0.036521
-0.003944,0.0076927,-0.038479
-0.0029935,0.006216,-0.040419
-0.0062893,0.011488,-0.02225
-0.010334,0.018178,-0.0097303
-0.015148,0.026296,-0.0026338
-0.020774,0.035858,-0.00084639
-0.027386,0.046984,0.0023196
-0.035078,0.0598,0.011016
-0.043878,0.074369,0.025351
-0.053811,0.090742,0.045376
-0.064903,0.10897,0.071083
-0.077176,0.12908,0.10241
-0.071039,0.11851,0.10764
-0.065164,0.10842,0.10901
-0.059553,0.098827,0.10707
-0.054207,0.089708,0.10239
-0.049128,0.081066,0.095553
-0.044316,0.072898,0.087083
-0.039771,0.065201,0.077463
-0.035493,0.057973,0.067137
-0.031479,0.051213,0.056502
-0.027729,0.044917,0.045925
-0.023122,0.037398,0.045671
-0.019051,0.030844,0.047102
-0.015472,0.02517,0.049917
-0.012346,0.020304,0.05393
-0.0096414,0.016186,0.059013
-0.0073317,0.012766,0.065073
-0.0053971,0.010002,0.07203
-0.0038241,0.0078647,0.079819
-0.0026056,0.0063339,0.088374
-0.0017407,0.0053942,0.097647
-0.001329,0.0048886,0.094108
-0.00098442,0.0044848,0.090559
-0.00070438,0.0041801,0.087008
-0.00048623,0.0039716,0.083469
-0.00032504,0.0038522,0.079948
-0.00014091,0.0037013,0.076462
0.00010089,0.0034686,0.073019
0.00039816,0.0031586,0.069625
0.0007485,0.0027763,0.066286
0.001151,0.0023254,0.063004
0.00023145,0.0032601,0.069068
-0.00024487,0.0035783,0.075342
-0.00083035,0.0040885,0.081785
-0.0018581,0.0052679,0.088366
-0.0033446,0.0071305,0.095073
-0.0053088,0.0096921,0.10189
-0.0077716,0.012972,0.10879
-0.010755,0.016989,0.11576
-0.014282,0.021763,0.12275
-0.018375,0.027314,0.12976
-0.016081,0.025831,0.10207
-0.01269,0.025152,0.07856
-0.0082257,0.025305,0.058688
-0.0027175,0.026323,0.042058
0.003804,0.028245,0.028378
0.011308,0.031108,0.017448
0.019767,0.034948,0.0091382
0.02916,0.039794,0.0033794
0.03947,0.045663,0.00014957
0.050691,0.052563,-0.00066444
0.032368,0.037552,-0.00015096
0.018089,0.025576,0.0013256
0.0075967,0.016475,0.0036154
0.00063859,0.010083,0.0065167
-0.0030296,0.0062425,0.0098895
-0.0036888,0.0047674,0.013683
-0.0052525,0.0026804,0.017989
-0.0099349,-0.0017357,0.022966
-0.017897,-0.0086375,0.028715
-0.029333,-0.018212,0.035236
-0.023665,-0.0094943,0.051535
-0.020095,-0.00086449,0.071217
-0.018632,0.007713,0.094176
-0.019335,0.016274,0.12026
-0.022293,0.024848,0.14934
-0.027616,0.033459,0.18128
-0.034729,0.042676,0.21602
-0.041638,0.05422,0.25355
-0.048219,0.068314,0.29386
-0.054486,0.085062,0.33699
-0.059075,0.088382,0.24368
-0.063896,0.092211,0.1685
-0.068938,0.096464,0.10889
-0.074197,0.10108,0.063172
-0.079681,0.10601,0.03017
-0.085402,0.11121,0.0090653
-0.091377,0.11667,-0.00070228
-0.097572,0.12235,-0.0035001
-0.10381,0.12823,-0.015321
-0.11009,0.13434,-0.037685
-0.10011,0.12161,-0.017237
-0.090646,0.1097,-0.0051747
-0.081666,0.098586,-0.00079038
-0.073217,0.088208,0.0024072
-0.065361,0.078498,0.01244
-0.058064,0.0694,0.029152
-0.051296,0.060869,0.052416
-0.045033,0.052863,0.082137
-0.039257,0.045352,0.11825
-0.033955,0.038315,0.16068
-0.034864,0.039985,0.12036
-0.035735,0.041465,0.087135
-0.036563,0.042759,0.060122
-0.03735,0.04388,0.038662
-0.038098,0.044843,0.022264
-0.038819,0.045665,0.010556
-0.039524,0.046371,0.0032573
-0.040229,0.046989,0.00015664
-0.040935,0.047565,-0.0010587
-0.041618,0.048168,-0.0059329
-0.043092,0.04868,-0.0061941
-0.044516,0.049246,-0.006482
-0.04589,0.049867,-0.0067939
-0.047216,0.050544,-0.00713
-0.048494,0.051278,-0.0074877
-0.049725,0.052069,-0.0078674
-0.05091,0.052918,-0.0082667
-0.052055,0.053821,-0.0086861
-0.053238,0.054702,-0.0091242
-0.054491,0.055531,-0.0095816
-0.055188,0.055988,-0.0074071
-0.055907,0.056466,-0.0056473
-0.056645,0.056962,-0.0042291
-0.057403,0.057475,-0.0030955
-0.05818,0.058003,-0.0021991
-0.058977,0.058544,-0.0015027
-0.059792,0.059096,-0.00097463
-0.060626,0.05966,-0.00058953
-0.061479,0.060233,-0.00032571
-0.062349,0.060815,-0.00016575
-0.076031,0.073631,-0.0012522
-0.091179,0.087551,-0.0035063
-0.10781,0.10256,-0.0068966
-0.12593,0.11862,-0.011398
-0.14556,0.13572,-0.016947
-0.1667,0.15383,-0.023477
-0.18938,0.17293,-0.030918
-0.21361,0.19299,-0.039209
-0.23939,0.21398,-0.048291
-0.26674,0.23588,-0.058121
-0.26668,0.23562,-0.039249
-0.26656,0.23528,-0.025234
-0.26639,0.23487,-0.01522
-0.2662,0.23436,-0.0086417
-0.26598,0.23374,-0.0051108
-0.26575,0.23301,-0.0043513
-0.26551,0.2322,-0.0034009
-0.26525,0.23137,-2.5749E-05
-0.26499,0.23054,0.0056734
-0.26472,0.22971,0.013619
-0.2379,0.20516,0.0087919
-0.21278,0.1823,0.0049068
-0.18928,0.16107,0.001835
-0.16736,0.14141,-0.00050871
-0.14697,0.12325,-0.0021758
-0.12808,0.10653,-0.0032027
-0.11064,0.091199,-0.0036146
-0.094621,0.077202,-0.0034362
-0.08,0.064458,-0.0033562
-0.066749,0.052892,-0.003848
-0.067967,0.054275,-0.0039253
-0.069291,0.055574,-0.0039745
-0.070721,0.056786,-0.0040042
-0.072253,0.057912,-0.0040226
-0.073882,0.058953,-0.0040384
-0.075504,0.060038,-0.0040672
-0.077071,0.061225,-0.0041214
-0.078583,0.062513,-0.0042086
-0.080042,0.0639,-0.0043369
-0.081448,0.065387,-0.0045122
-0.077161,0.060767,-0.0042926
-0.073024,0.056604,-0.0040861
-0.069018,0.052875,-0.0038855
-0.06513,0.049549,-0.0036868
-0.061523,0.046371,-0.0034699
-0.058264,0.043212,-0.0032216
-0.055331,0.040057,-0.002939
-0.052706,0.036893,-0.0026174
-0.050371,0.033708,-0.0022546
-0.04831,0.030491,-0.0018447
-0.045616,0.024749,-0.0019465
-0.043541,0.01866,-0.0015827
-0.042079,0.012158,-0.0015318
-0.041229,0.0052244,-0.0019454
-0.040997,-0.0021554,-0.0028158
-0.041393,-0.010003,-0.0041349
-0.042434,-0.018345,-0.0058945
-0.044136,-0.027213,-0.0080863
-0.04652,-0.036642,-0.010701
-0.049608,-0.046668,-0.01373
-0.055181,-0.049353,-0.010957
-0.061154,-0.052152,-0.008522
-0.067533,-0.055067,-0.0063854
-0.074323,-0.058102,-0.0045137
-0.081531,-0.061259,-0.0028748
-0.089161,-0.064541,-0.0014411
-0.097218,-0.067948,-0.00018685
-0.10571,-0.071483,0.00091029
-0.11463,-0.075147,0.0018715
-0.12398,-0.078941,0.002714
-0.12477,-0.087877,0.0039084
-0.12577,-0.096908,0.0051294
-0.12697,-0.10604,0.006294
-0.12837,-0.11527,0.0073244
-0.12998,-0.12462,0.0081526
-0.1318,-0.13407,0.0087164
-0.13382,-0.14362,0.0092703
-0.13604,-0.15324,0.010129
-0.13847,-0.16293,0.011331
-0.1411,-0.1727,0.012909
-0.12427,-0.15966,0.011561
-0.10932,-0.14716,0.0098873
-0.096103,-0.13515,0.0081633
-0.084496,-0.12362,0.0066533
-0.074373,-0.11252,0.0055968
-0.065622,-0.10187,0.0045507
-0.05814,-0.09166,0.0027804
-0.051567,-0.082046,0.00013492
-0.04499,-0.073515,-0.0035
-0.038335,-0.06603,-0.0082421
-0.038306,-0.065107,-0.011761
-0.038196,-0.064222,-0.015391
-0.038005,-0.063371,-0.01907
-0.037734,-0.062549,-0.022754
-0.037384,-0.061754,-0.026409
-0.036954,-0.060986,-0.030013
-0.036446,-0.060242,-0.033547
-0.035919,-0.059485,-0.037001
-0.03547,-0.058657,-0.040368
-0.0351,-0.057758,-0.043643
-0.033981,-0.055935,-0.038933
-0.032885,-0.054139,-0.034509
-0.031813,-0.052368,-0.030362
-0.030766,-0.050621,-0.026491
-0.029746,-0.048896,-0.022891
-0.028755,-0.047191,-0.019563
-0.027795,-0.045504,-0.016502
-0.026869,-0.043833,-0.01371
-0.025979,-0.042175,-0.011186
-0.025129,-0.040527,-0.0089292
-0.022855,-0.037964,-0.013386
-0.020899,-0.035327,-0.018813
-0.01925,-0.032615,-0.025235
-0.017575,-0.03001,-0.032678
-0.015722,-0.027589,-0.041158
-0.013689,-0.025344,-0.050688
-0.011476,-0.023265,-0.061279
-0.0090838,-0.021346,-0.072939
-0.0065124,-0.01958,-0.085676
-0.0037634,-0.017963,-0.099502
-0.0032018,-0.019467,-0.073295
-0.0026493,-0.020953,-0.051277
-0.0021078,-0.022396,-0.033347
-0.0015777,-0.023773,-0.019424
-0.0010574,-0.025061,-0.0094409
-0.00054281,-0.026245,-0.0033461
-2.7952E-05,-0.027307,-0.0011012
0.00050815,-0.02836,0.00036013
0.0010938,-0.029595,0.0055839
0.0017377,-0.031031,0.01461
0.0023315,-0.028114,0.010961
0.0028648,-0.025364,0.0077901
0.0033388,-0.022783,0.005106
0.0037546,-0.020369,0.0029237
0.0041135,-0.018125,0.0012519
0.0044169,-0.016049,0.00010143
0.0046662,-0.014141,-0.00051961
0.0048626,-0.012398,-0.0006239
0.0050043,-0.010783,-0.0009334
0.0050914,-0.0092782,-0.0018077
0.0034846,-0.0092798,-0.0026837
0.001968,-0.0093902,-0.0037436
0.00052836,-0.0095999,-0.0049753
-0.00084198,-0.0099023,-0.0063705
-0.0021459,-0.010293,-0.0079251
-0.0033821,-0.01077,-0.0096358
-0.0045453,-0.011332,-0.011501
-0.0056273,-0.01198,-0.013519
-0.0066169,-0.012718,-0.015688
-0.0075002,-0.01355,-0.018006
-0.0062877,-0.010744,-0.024373
-0.0051671,-0.0081778,-0.031615
-0.004137,-0.0058531,-0.039723
-0.0032417,-0.0037479,-0.048699
-0.0025232,-0.0018415,-0.05855
-0.0019811,-0.00013776,-0.069282
-0.0016154,0.0013598,-0.080894
-0.0014265,0.0026459,-0.093379
-0.0014146,0.0037156,-0.10671
-0.0015805,0.0045624,-0.12088
-0.0038851,0.0044479,-0.089746
-0.0074381,0.0050293,-0.063829
-0.012167,0.0062264,-0.042622
-0.01805,0.0079983,-0.025798
-0.025118,0.010346,-0.013152
-0.033451,0.013308,-0.004585
-0.043159,0.016944,-8.0981E-05
-0.05436,0.021305,0.0010981
-0.067154,0.026313,0.0051257
-0.081652,0.032022,0.013405
-0.089271,0.035838,0.004288
-0.09724,0.039691,0.0011162
-0.10562,0.043724,-0.0014455
-0.11446,0.048073,-0.0097091
-0.12379,0.052735,-0.023583
-0.13365,0.0577,-0.042963
-0.14405,0.062961,-0.067742
-0.15502,0.068504,-0.097816
-0.16656,0.074316,-0.13307
-0.17868,0.080381,-0.17342
-0.16286,0.073921,-0.1933
-0.14791,0.06775,-0.21196
-0.1338,0.061856,-0.22951
-0.12052,0.056227,-0.24609
-0.10803,0.050854,-0.26178
-0.096318,0.045728,-0.27668
-0.085368,0.040839,-0.29084
-0.07516,0.036179,-0.30435
-0.065678,0.031741,-0.31723
-0.056907,0.027519,-0.32953
-0.062737,0.030461,-0.34328
-0.068908,0.033511,-0.35772
-0.075424,0.036669,-0.37272
-0.082286,0.039934,-0.38827
-0.089495,0.043306,-0.40423
-0.09705,0.046785,-0.42059
-0.10495,0.050385,-0.43723
-0.11314,0.054183,-0.45414
-0.12162,0.058197,-0.4712
-0.13039,0.062432,-0.4884
-0.11404,0.054463,-0.43018
-0.099169,0.047235,-0.38247
-0.085664,0.040691,-0.34224
-0.073421,0.034794,-0.30761
-0.062354,0.029491,-0.27731
-0.052388,0.024743,-0.2505
-0.043457,0.020507,-0.22654
-0.0355,0.016753,-0.20499
-0.028464,0.013444,-0.1855
-0.022299,0.010558,-0.16778
-0.022684,0.0099908,-0.18198
-0.022924,0.0096991,-0.19587
-0.023065,0.009593,-0.20943
-0.023312,0.0092718,-0.2226
-0.02369,0.0086849,-0.23539
-0.024201,0.0078316,-0.24777
-0.024846,0.0067082,-0.25975
-0.025627,0.0053141,-0.27132
-0.026545,0.0036457,-0.28251
-0.027601,0.001703,-0.29331
-0.022547,-0.0013137,-0.27478
-0.018275,-0.0039425,-0.25793
-0.014719,-0.0062154,-0.24244
-0.01182,-0.0081572,-0.22808
-0.0095278,-0.009794,-0.21468
-0.0077971,-0.011144,-0.2021
-0.0065879,-0.01223,-0.19025
-0.0058653,-0.013066,-0.17902
-0.0055985,-0.013672,-0.16835
-0.0057235,-0.014078,-0.15819
-0.005017,-0.012939,-0.17953
-0.0044019,-0.011735,-0.20214
-0.0039196,-0.010458,-0.22602
-0.0035744,-0.0091124,-0.25115
-0.0033713,-0.0077101,-0.27752
-0.0033155,-0.0062593,-0.30511
-0.0034123,-0.0047711,-0.33392
-0.0036673,-0.0032551,-0.36393
-0.0040863,-0.001723,-0.39513
-0.0046748,-0.0001846,-0.42751
-0.0038976,0.00069223,-0.40192
-0.0032085,0.0013387,-0.37775
-0.0026106,0.0017615,-0.35485
-0.0021068,0.0019687,-0.33313
-0.0016996,0.0019665,-0.31248
-0.0013204,0.0019059,-0.29284
-0.00085994,0.0020177,-0.27414
-0.000322,0.002306,-0.25632
0.00028875,0.0027711,-0.23934
0.0009675,0.0034142,-0.22315
-0.0012698,0.0033895,-0.23598
-0.0039406,0.0039644,-0.24936
-0.0070435,0.0051538,-0.26328
-0.010597,0.006935,-0.2777
-0.014855,0.0088085,-0.29261
-0.019907,0.010607,-0.30797
-0.025771,0.012312,-0.32378
-0.032463,0.0139,-0.34001
-0.040003,0.015351,-0.35666
-0.048406,0.016637,-0.37372
-0.036496,0.013184,-0.32953
-0.026288,0.010147,-0.28828
-0.017749,0.0075174,-0.25002
-0.010851,0.0052777,-0.21474
-0.0055624,0.0034128,-0.1824
-0.0018565,0.0019047,-0.15295
0.00031336,0.00077277,-0.12631
0.0012279,0.00051643,-0.10238
0.0017338,0.00093149,-0.081113
0.0036812,0.0011134,-0.062384
0.0018189,0.00056654,-0.055664
0.00076362,0.00020253,-0.049454
0.00045094,7.5741E-05,-0.043718
-0.00021327,-5.0714E-05,-0.038408
-0.0016657,-0.00044254,-0.033502
-0.0039067,-0.0011022,-0.028949
-0.0069377,-0.0020162,-0.024733
-0.010761,-0.0031585,-0.02083
-0.015381,-0.0044955,-0.01724
-0.0208,-0.0059899,-0.013962
-0.019001,-0.0061816,-0.0098294
-0.017268,-0.0063725,-0.0067053
-0.015609,-0.0065576,-0.0043832
-0.014031,-0.0067319,-0.0026966
-0.01254,-0.006891,-0.0015192
-0.011142,-0.0070308,-0.00074694
-0.0098412,-0.0071473,-0.00029906
-0.0086434,-0.007237,-0.00010882
-0.0075533,-0.0072964,-4.7747E-05
-0.006577,-0.0073225,0.00014934
-0.0079688,-0.0056658,-0.00010915
-0.0098902,-0.0038063,-0.00069858
-0.012381,-0.0017278,-0.0020649
-0.015493,0.00059259,-0.0042051
-0.019286,0.0031829,-0.0071179
-0.023817,0.0060732,-0.010797
-0.029147,0.009295,-0.015237
-0.035332,0.012879,-0.020424
-0.042428,0.016855,-0.026342
-0.050489,0.021253,-0.032968
-0.051456,0.021831,-0.027823
-0.052427,0.022408,-0.02292
-0.053401,0.022986,-0.018345
-0.054379,0.023566,-0.014171
-0.055358,0.024147,-0.010463
-0.05634,0.024731,-0.007275
-0.057324,0.025319,-0.0046562
-0.058309,0.025909,-0.0026468
-0.059297,0.026503,-0.0012826
-0.060288,0.027102,-0.0005941
-0.046165,0.018549,-0.0013156
-0.034497,0.010819,-0.0029244
-0.025134,0.0039002,-0.0053842
-0.017946,-0.002227,-0.008669
-0.012826,-0.0075992,-0.012762
-0.0097071,-0.012269,-0.017656
-0.0085694,-0.016302,-0.023347
-0.0093929,-0.019785,-0.029836
-0.0098192,-0.02396,-0.037099
-0.0085236,-0.029566,-0.045117
-0.010572,-0.026216,-0.037999
-0.011194,-0.023736,-0.031847
-0.010793,-0.021905,-0.026491
-0.011485,-0.019659,-0.021814
-0.013583,-0.016814,-0.017715
-0.017073,-0.013352,-0.014119
-0.02196,-0.0092459,-0.010974
-0.028265,-0.0044667,-0.0082508
-0.03602,0.001015,-0.0059352
-0.045267,0.0072274,-0.0040245
-0.046243,0.0030313,-0.0036199
-0.047488,-0.0016422,-0.0032033
-0.048998,-0.0067823,-0.0027844
-0.050771,-0.012378,-0.0023721
-0.052803,-0.018417,-0.0019749
-0.05509,-0.02489,-0.0016012
-0.057627,-0.031783,-0.001259
-0.06041,-0.039087,-0.00095669
-0.063435,-0.046791,-0.00070233
-0.066696,-0.054886,-0.00050425
-0.070227,-0.03371,-0.0048665
-0.076408,-0.013504,-0.014563
-0.085273,0.0057188,-0.029357
-0.096849,0.023962,-0.049089
-0.11116,0.041243,-0.073629
-0.12822,0.05759,-0.10285
-0.14806,0.073035,-0.13658
-0.17067,0.087612,-0.17468
-0.19596,0.10154,-0.21695
-0.22262,0.11746,-0.26324
-0.22001,0.11578,-0.18268
-0.21715,0.11404,-0.12418
-0.21409,0.11224,-0.081168
-0.21087,0.11042,-0.04972
-0.20753,0.10859,-0.027324
-0.20409,0.10675,-0.012305
-0.20056,0.10492,-0.0034891
-0.19697,0.1031,-2.8966E-05
-0.19334,0.10129,0.0014896
-0.18966,0.099503,0.0070328
-0.18685,0.0982,0.0015957
-0.18394,0.096863,0.00015509
-0.18094,0.095501,-0.0010567
-0.17787,0.094121,-0.0040888
-0.17474,0.092725,-0.0083643
-0.17157,0.091313,-0.01349
-0.16836,0.089887,-0.019197
-0.16511,0.088447,-0.025296
-0.16182,0.086995,-0.031655
-0.15851,0.08553,-0.038181
-0.16147,0.086797,-0.035308
-0.16438,0.088136,-0.032703
-0.16723,0.089547,-0.030312
-0.17004,0.091028,-0.028096
-0.17279,0.092579,-0.026022
-0.17554,0.094128,-0.024068
-0.17831,0.095603,-0.022214
-0.18111,0.097003,-0.02045
-0.18394,0.09833,-0.018765
-0.18679,0.099583,-0.017151
-0.20149,0.10802,-0.022803
-0.21689,0.11678,-0.029075
-0.233,0.12585,-0.035919
-0.24982,0.13523,-0.043294
-0.26735,0.14492,-0.051163
-0.28555,0.15498,-0.059495
-0.30437,0.1655,-0.068259
-0.32379,0.17646,-0.077429
-0.34382,0.18789,-0.086977
-0.36443,0.19976,-0.096879
-0.34924,0.19095,-0.10891
-0.33485,0.18278,-0.12057
-0.32116,0.17523,-0.13192
-0.30818,0.16815,-0.14303
-0.29599,0.16126,-0.15393
-0.28453,0.15453,-0.16466
-0.27376,0.14792,-0.17521
-0.26364,0.14141,-0.18562
-0.25413,0.13499,-0.19589
-0.24518,0.12862,-0.20601
-0.21262,0.11339,-0.16589
-0.18445,0.099794,-0.13652
-0.16006,0.087526,-0.11416
-0.13896,0.076339,-0.096626
-0.12044,0.066593,-0.082552
-0.10387,0.058577,-0.071049
-0.088985,0.052132,-0.061509
-0.075522,0.047118,-0.053498
-0.063266,0.043415,-0.046701
-0.052027,0.040914,-0.040877
-0.039566,0.043531,-0.020981
-0.026821,0.048372,-0.0079531
-0.013728,0.05541,-0.0014017
-0.00019557,0.064709,0.00010625
0.013867,0.076464,0.0058112
0.028563,0.090869,0.017621
0.043996,0.10813,0.035566
0.060257,0.12846,0.059694
0.07743,0.15206,0.090037
0.095587,0.17914,0.12663
0.084747,0.16654,0.10708
0.073159,0.15488,0.090248
0.060905,0.14415,0.075534
0.048059,0.13439,0.062567
0.034682,0.12559,0.051085
0.02083,0.11778,0.040925
0.0065465,0.11098,0.031971
-0.0081331,0.10521,0.024148
-0.023182,0.10049,0.017405
-0.038582,0.09685,0.011707
-0.038304,0.090952,0.013227
-0.037863,0.085278,0.01435
-0.037271,0.079824,0.015095
-0.036539,0.074583,0.015494
-0.035676,0.069552,0.015582
-0.034695,0.064726,0.015397
-0.033605,0.060102,0.014975
-0.032417,0.055675,0.014352
-0.031141,0.051442,0.013562
-0.029787,0.047398,0.012638
-0.030518,0.052125,0.018232
-0.03117,0.057011,0.024867
-0.031747,0.062046,0.032567
-0.032252,0.067222,0.041356
-0.032689,0.072531,0.051259
-0.033065,0.077968,0.062298
-0.033383,0.083527,0.074491
-0.033647,0.089203,0.087858
-0.033863,0.094992,0.10241
-0.034035,0.10089,0.11815
-0.029035,0.082302,0.076662
-0.02442,0.066054,0.04582
-0.020197,0.051983,0.023784
-0.016376,0.039935,0.0093165
-0.012967,0.029767,0.0015336
-0.0099769,0.021343,-0.00039437
-0.0073406,0.01446,-0.0039857
-0.0050269,0.0089587,-0.012791
-0.0030364,0.004728,-0.026623
-0.0013637,0.0016932,-0.045488
-0.00081481,0.0026245,-0.035321
-5.2518E-05,0.0038613,-0.025935
0.00091869,0.0053979,-0.017636
0.0020936,0.0072317,-0.010713
0.0034672,0.0093653,-0.0054054
0.0050358,0.011807,-0.0018803
0.0067982,0.014568,-0.00021351
0.0087494,0.017669,0.00025288
0.010866,0.021149,0.0022079
0.013152,0.025019,0.0058705
0.01276,0.026638,0.0028121
0.01198,0.028534,0.00077108
0.010831,0.030722,-0.00013345
0.0093492,0.033205,-0.00057939
0.0075804,0.035976,-0.0022459
0.0055561,0.039036,-0.0052352
0.003306,0.042387,-0.009589
0.00085775,0.04603,-0.015358
-0.0017629,0.049962,-0.022607
-0.0045326,0.054183,-0.031416
0.00073366,0.055151,-0.023555
0.005794,0.05643,-0.016433
0.010665,0.058006,-0.010341
0.015361,0.059867,-0.0055236
0.019894,0.062001,-0.0021798
0.02427,0.064393,-0.00047331
0.02849,0.067036,8.9889E-06
0.032528,0.06994,0.0019839
0.036377,0.073098,0.0059107
0.040032,0.0765,0.01186
0.038427,0.069067,0.0078338
0.035991,0.062554,0.0043945
0.033016,0.056775,0.0018007
0.030952,0.050878,0.00027594
0.029983,0.044736,-9.492E-05
0.030105,0.03833,-0.0010533
0.031312,0.031646,-0.0034321
0.033603,0.024672,-0.0072956
0.036981,0.017393,-0.012689
0.041459,0.0097953,-0.019645
0.042318,0.01397,-0.021096
0.043328,0.018382,-0.022277
0.044494,0.023032,-0.023179
0.045818,0.027922,-0.023803
0.047302,0.033055,-0.024153
0.04895,0.038432,-0.02424
0.050765,0.044057,-0.024076
0.052749,0.049929,-0.023681
0.054906,0.056053,-0.023073
0.057238,0.062428,-0.022274
0.054969,0.069076,-0.036579
0.053636,0.07535,-0.054037
0.053245,0.081263,-0.074529
0.053801,0.086827,-0.09795
0.055314,0.092049,-0.1242
0.057789,0.096935,-0.15318
0.060434,0.10196,-0.18479
0.062317,0.10766,-0.21896
0.063432,0.11406,-0.25556
0.063769,0.12117,-0.29453
0.070313,0.12388,-0.23439
0.075025,0.12759,-0.18577
0.078095,0.13222,-0.14574
0.082034,0.13635,-0.11245
0.087766,0.13946,-0.084679
0.095273,0.14159,-0.061625
0.10455,0.14277,-0.042721
0.1156,0.14302,-0.027569
0.12843,0.14237,-0.015887
0.14307,0.14082,-0.007463
0.14312,0.14616,-0.017652
0.14328,0.1515,-0.030996
0.14352,0.15687,-0.046943
0.14386,0.16225,-0.065089
0.14428,0.16765,-0.085142
0.14479,0.17308,-0.10688
0.14538,0.17854,-0.13015
0.14606,0.18403,-0.15482
0.14681,0.18954,-0.18079
0.14764,0.19508,-0.20799
0.13586,0.18957,-0.14797
0.12538,0.18375,-0.10472
0.11606,0.17767,-0.072837
0.10781,0.17136,-0.049109
0.10054,0.16484,-0.031514
0.094184,0.15813,-0.018704
0.088688,0.15123,-0.0097534
0.084004,0.14417,-0.0039965
0.079644,0.13722,-0.00094647
0.074797,0.13082,-0.00017435
0.063792,0.11341,0.0034256
0.053549,0.097429,0.012869
0.044077,0.082839,0.027962
0.035372,0.069594,0.048551
0.027423,0.057669,0.07451
0.02021,0.047046,0.10576
0.013709,0.037722,0.14225
0.0078943,0.029704,0.18394
0.0027428,0.023009,0.23079
-0.0017661,0.01766,0.28279
0.0022566,0.022425,0.21527
0.0069285,0.028333,0.15987
0.012247,0.035412,0.11443
0.018207,0.043679,0.077599
0.024799,0.05314,0.048443
0.032011,0.063785,0.026366
0.039825,0.075594,0.010986
0.048225,0.088537,0.0020735
0.057196,0.10258,-0.0005753
0.066656,0.11769,-0.0044852
0.06253,0.10902,-0.0022961
0.058347,0.1008,-0.00097513
0.054135,0.093008,-0.00058717
0.049934,0.085623,0.00014201
0.04593,0.078542,0.0019781
0.042247,0.071692,0.0049722
0.03887,0.065082,0.0091691
0.035786,0.058719,0.014605
0.032986,0.052608,0.021311
0.030463,0.046753,0.029312
0.031518,0.051863,0.017207
0.033382,0.056812,0.0083174
0.035912,0.061657,0.0025037
0.038136,0.066936,-0.00031881
0.039829,0.072746,-0.0010971
0.040904,0.079068,-0.0041623
0.04133,0.085887,-0.010056
0.041081,0.093195,-0.018745
0.040133,0.10099,-0.030193
0.038465,0.10925,-0.04437
0.032941,0.097249,-0.039281
0.027922,0.085873,-0.034943
0.023396,0.075134,-0.031183
0.019344,0.065047,-0.027882
0.015752,0.055622,-0.024951
0.012601,0.046874,-0.022325
0.0098717,0.038816,-0.019957
0.0075422,0.031462,-0.01781
0.0055901,0.024828,-0.015856
0.0039902,0.018929,-0.014074
0,0,0
0,0,0
0,0,0
0,0,0
0,0,0
0,0,0
0,0,0
0,0,0
0,0,0
