0.4735,0.10433,0.058508
0.46435,0.087239,0.041402
0.45523,0.071968,0.030254
0.44617,0.05832,0.022739
0.43716,0.046122,0.017503
0.42821,0.035237,0.013804
0.41932,0.025542,0.011144
0.41049,0.016932,0.0092387
0.40173,0.0093114,0.0078633
0.39302,0.0025974,0.0068926
0.38437,-0.0032859,0.0062114
0.41524,0.0081244,0.0032238
0.44821,0.021922,0.0030317
0.48342,0.038163,0.0010493
0.52097,0.056894,-0.0038872
0.56095,0.078149,-0.011665
0.60343,0.10196,-0.022177
0.64844,0.12834,-0.035248
0.69604,0.1573,-0.050744
0.74622,0.18885,-0.068444
0.79897,0.22297,-0.088198
0.76632,0.24465,-0.063161
0.73542,0.26625,-0.046027
0.70608,0.28778,-0.033326
0.67819,0.30923,-0.023393
0.65163,0.33063,-0.015297
0.62633,0.35198,-0.0085542
0.6022,0.37328,-0.0028328
0.57918,0.39454,0.0020469
0.55721,0.41577,0.0062429
0.53624,0.43698,0.0098432
0.57296,0.37681,0.015846
0.61147,0.32092,0.019939
0.65176,0.26901,0.022078
0.69377,0.22076,0.024273
0.73745,0.17593,0.028663
0.78278,0.13429,0.035219
0.82977,0.09569,0.043929
0.87842,0.059973,0.054759
0.92873,0.027011,0.06771
0.98071,-0.0033088,0.082752
0.98037,0.01449,0.11745
0.98005,0.033427,0.1553
0.97974,0.053447,0.19574
0.97943,0.074489,0.23857
0.97912,0.096492,0.28371
0.9788,0.1194,0.33105
0.97845,0.14315,0.38049
0.97808,0.1677,0.43183
0.97769,0.19299,0.4849
0.97727,0.21899,0.53949
0.94646,0.25882,0.44787
0.9164,0.29866,0.3787
0.88733,0.33876,0.32241
0.85932,0.37923,0.27476
0.83236,0.42011,0.23371
0.80642,0.46142,0.19821
0.78145,0.50315,0.16769
0.75739,0.54531,0.14177
0.7342,0.58789,0.12019
0.71184,0.63089,0.10275
0.68404,0.50276,0.083571
0.65965,0.39216,0.069716
0.63833,0.29705,0.059289
0.61977,0.21577,0.051367
0.60369,0.14693,0.045439
0.58984,0.089359,0.041176
0.57799,0.042084,0.038353
0.56797,0.0043063,0.036474
0.55966,-0.024601,0.03439
0.55291,-0.045193,0.032088
0.57579,-0.042332,0.03985
0.59832,-0.039378,0.061092
0.6205,-0.036342,0.095479
0.64253,-0.0331,0.13985
0.66451,-0.029577,0.19227
0.68651,-0.025733,0.25149
0.70859,-0.021548,0.31667
0.73076,-0.017011,0.3872
0.75306,-0.01212,0.46254
0.77549,-0.0068731,0.54222
0.76696,-0.014704,0.52776
0.75712,-0.022927,0.52671
0.74643,-0.031222,0.53295
0.73518,-0.039421,0.54336
0.72351,-0.047429,0.55619
0.71151,-0.055193,0.57053
0.69924,-0.062678,0.5858
0.68674,-0.069867,0.60173
0.67404,-0.076748,0.61808
0.66116,-0.083313,0.63482
0.66249,-0.086689,0.71216
0.6646,-0.089398,0.7798
0.66729,-0.091584,0.84042
0.67038,-0.093357,0.89606
0.67379,-0.094784,0.94795
0.67743,-0.095906,0.99699
0.68129,-0.09674,1.0436
0.68535,-0.097295,1.088
0.6896,-0.097562,1.1303
0.69404,-0.097539,1.1707
0.66229,-0.11418,1.2488
0.63196,-0.12864,1.3141
0.60267,-0.14134,1.3706
0.57419,-0.15256,1.4209
0.54643,-0.16248,1.4662
0.51932,-0.17125,1.5073
0.49283,-0.17897,1.5446
0.46695,-0.18576,1.5785
0.44169,-0.19167,1.6089
0.41703,-0.1968,1.6364
0.49296,-0.15978,1.2499
0.55786,-0.13085,0.98865
0.61744,-0.10555,0.79423
0.67416,-0.082052,0.64198
0.7292,-0.059487,0.51951
0.78324,-0.037392,0.41995
0.83666,-0.0155,0.33913
0.88972,0.0063507,0.27428
0.94263,0.028264,0.22344
0.99553,0.050313,0.18508
0.97283,0.077807,0.21975
0.95131,0.10727,0.24991
0.93079,0.13854,0.27711
0.91113,0.17147,0.30277
0.89222,0.20595,0.32794
0.87398,0.24191,0.35325
0.85638,0.27929,0.37911
0.8394,0.31806,0.40572
0.823,0.35821,0.43323
0.80719,0.39971,0.46169
0.87674,0.40426,0.41291
0.94713,0.40666,0.37638
1.0188,0.4074,0.34721
1.0921,0.40674,0.32294
1.167,0.40481,0.3023
1.2435,0.40169,0.28454
1.3218,0.3974,0.26922
1.4017,0.39199,0.25602
1.4832,0.38548,0.2447
1.5664,0.3779,0.23504
1.5419,0.35724,0.27031
1.5189,0.33664,0.30451
1.4972,0.31593,0.33929
1.4766,0.29506,0.3756
1.457,0.27399,0.41384
1.4385,0.25275,0.45406
1.4209,0.23136,0.49622
1.4043,0.20986,0.54019
1.3886,0.18828,0.58586
1.3738,0.16667,0.63307
1.2987,0.24632,0.59552
1.23,0.32969,0.55712
1.167,0.41671,0.51921
1.1093,0.50739,0.48244
1.0565,0.60177,0.44723
1.0082,0.69986,0.41382
0.96407,0.80171,0.38246
0.92389,0.90735,0.35329
0.88742,1.0168,0.32651
0.85449,1.1301,0.30224
0.78966,0.98183,0.20496
0.72937,0.84933,0.15017
0.67383,0.73185,0.11394
0.62274,0.6278,0.088075
0.57575,0.53567,0.068953
0.5325,0.45409,0.05455
0.49267,0.38191,0.043614
0.45597,0.31817,0.034589
0.42216,0.26212,0.025889
0.39098,0.21293,0.017682
0.41225,0.23438,0.019838
0.43436,0.25678,0.020545
0.45727,0.28003,0.020298
0.48096,0.30395,0.020087
0.50539,0.32849,0.020045
0.53052,0.35356,0.02009
0.55629,0.37909,0.020209
0.58267,0.40498,0.020378
0.60959,0.43115,0.02063
0.63699,0.45752,0.020958
0.62416,0.46523,0.021596
0.61159,0.47334,0.020284
0.59925,0.48178,0.017599
0.58715,0.49049,0.013974
0.57528,0.49945,0.0097697
0.56365,0.50862,0.0051845
0.55226,0.51799,0.00040751
0.54111,0.52752,-0.0044685
0.53018,0.53721,-0.0093228
0.5195,0.54704,-0.014097
0.50344,0.49773,-0.02418
0.48895,0.45224,-0.029485
0.47536,0.4104,-0.03582
0.46254,0.37181,-0.043374
0.45042,0.33614,-0.051686
0.43895,0.30309,-0.060543
0.42805,0.27241,-0.06979
0.41766,0.24389,-0.079363
0.40774,0.21734,-0.089166
0.39823,0.19259,-0.09918
0.38096,0.18015,-0.063122
0.36099,0.16869,-0.053182
0.34138,0.15777,-0.046532
0.32426,0.1473,-0.02956
0.30925,0.13735,-0.0052902
0.29611,0.12798,0.024409
0.28472,0.11923,0.058371
0.27496,0.11112,0.095738
0.26676,0.10366,0.13593
0.26007,0.096887,0.17845
0.24171,0.088454,0.12378
0.22674,0.080596,0.086809
0.21395,0.073251,0.060676
0.20266,0.06637,0.041555
0.19246,0.059915,0.027196
0.1831,0.053856,0.01619
0.17439,0.048166,0.0076272
0.16622,0.042825,0.00089423
0.15852,0.037813,-0.0044395
0.15122,0.033113,-0.008672
0.1533,0.037667,0.013869
0.15666,0.042609,0.039989
0.1611,0.047926,0.068642
0.16643,0.053603,0.099133
0.17256,0.059623,0.1309
0.17938,0.06597,0.16359
0.18682,0.072627,0.1969
0.19484,0.079579,0.23067
0.20338,0.086808,0.2647
0.21244,0.094305,0.29897
0.19686,0.11573,0.28802
0.18461,0.1381,0.2803
0.17535,0.16132,0.27449
0.16888,0.18535,0.26984
0.16502,0.21015,0.26569
0.16369,0.2357,0.26168
0.16478,0.262,0.25739
0.16825,0.28904,0.25267
0.17403,0.31682,0.24722
0.18179,0.34542,0.24109
0.16429,0.33173,0.19433
0.14951,0.31891,0.15487
0.13717,0.30666,0.12076
0.12694,0.29486,0.090964
0.11856,0.28342,0.064643
0.11188,0.27228,0.041348
0.10678,0.26139,0.02063
0.10318,0.25072,0.0022879
0.10102,0.24024,-0.013951
0.10027,0.22994,-0.028201
0.10598,0.21678,-0.016546
0.11211,0.20405,-0.0045687
0.11865,0.19176,0.0076563
0.12556,0.1799,0.020167
0.13285,0.16847,0.032935
0.1405,0.15748,0.046003
0.14853,0.14693,0.059333
0.15693,0.13683,0.072992
0.1657,0.12716,0.086934
0.17485,0.11795,0.10123
0.181,0.15208,0.099848
0.18799,0.1899,0.096037
0.19587,0.23149,0.089773
0.20471,0.27691,0.08116
0.21459,0.32624,0.070201
0.22557,0.37953,0.05701
0.23771,0.43683,0.041607
0.25106,0.49818,0.024108
0.26568,0.56361,0.0045205
0.2816,0.63312,-0.017022
0.25974,0.55796,-0.038294
0.24396,0.49009,-0.049643
0.23234,0.42814,-0.055585
0.22385,0.37125,-0.058395
0.21786,0.31885,-0.059377
0.21398,0.27049,-0.059257
0.21192,0.22584,-0.05852
0.2115,0.18461,-0.057451
0.21256,0.14658,-0.056266
0.21502,0.11155,-0.055084
0.25286,0.13293,-0.047478
0.29404,0.15664,-0.038697
0.33822,0.18248,-0.029866
0.38523,0.21031,-0.021681
0.43495,0.24002,-0.014567
0.48735,0.27157,-0.0086867
0.54244,0.3049,-0.0040387
0.60025,0.33998,-0.00055586
0.6608,0.37677,0.0018857
0.72409,0.41521,0.0033516
0.70522,0.39107,0.12547
0.68686,0.37018,0.24645
0.66904,0.35239,0.36703
0.65176,0.3375,0.48765
0.63494,0.32532,0.6086
0.61846,0.3156,0.72981
0.60221,0.30816,0.85122
0.58601,0.30276,0.97261
0.56977,0.29921,1.0938
0.55334,0.29732,1.2145
0.50152,0.27733,1.0942
0.46426,0.26898,1.039
0.43485,0.26666,1.0192
0.41014,0.2678,1.021
0.38847,0.27106,1.0373
0.36885,0.27569,1.0642
0.35068,0.28127,1.0994
0.33353,0.2875,1.1416
0.31709,0.29421,1.1901
0.30112,0.30128,1.2442
0.28682,0.2803,1.1942
0.27378,0.26007,1.1437
0.26216,0.2408,1.0944
0.25196,0.22252,1.0472
0.24318,0.20525,1.0025
0.23573,0.18891,0.96027
0.22955,0.17345,0.9207
0.22456,0.15878,0.88354
0.2207,0.14486,0.84878
0.2179,0.1316,0.81616
0.22334,0.12039,0.79321
0.22975,0.10819,0.76252
0.23733,0.095415,0.72718
0.24622,0.082336,0.68911
0.25648,0.069148,0.64986
0.26813,0.05595,0.61028
0.28116,0.042824,0.57116
0.29557,0.029798,0.53285
0.31132,0.016905,0.49579
0.32838,0.0041442,0.46011
0.27882,0.027045,0.50708
0.2326,0.048259,0.54878
0.18962,0.067988,0.58659
0.1498,0.086368,0.62138
0.11305,0.10352,0.65388
0.079307,0.11953,0.68453
0.0485,0.13446,0.71373
0.02058,0.14837,0.74168
-0.0045005,0.1613,0.7686
-0.026768,0.1733,0.79459
0.010418,0.14345,0.59866
0.045056,0.11707,0.45436
0.078665,0.092922,0.34423
0.11197,0.070265,0.25898
0.14533,0.048586,0.19321
0.17897,0.027492,0.14359
0.21303,0.0066494,0.10795
0.24765,-0.014237,0.084854
0.28291,-0.035436,0.073321
0.31892,-0.057201,0.072653
0.32005,-0.060922,0.077672
0.32098,-0.064609,0.083314
0.32176,-0.068266,0.089238
0.32245,-0.071898,0.095266
0.32306,-0.075502,0.10131
0.32361,-0.079082,0.10733
0.32409,-0.082634,0.11332
0.32452,-0.086162,0.11925
0.32489,-0.089662,0.12513
0.32522,-0.093137,0.13092
0.33946,-0.1164,0.13965
0.35554,-0.13735,0.14826
0.37342,-0.15603,0.15681
0.39308,-0.17245,0.16536
0.41447,-0.18664,0.17394
0.43743,-0.19899,0.18256
0.46049,-0.21323,0.1906
0.48325,-0.23029,0.19791
0.5057,-0.25013,0.20444
0.52781,-0.27273,0.2102
0.4989,-0.24204,0.15879
0.46622,-0.21627,0.12699
0.43204,-0.19449,0.10647
0.39749,-0.17611,0.093021
0.36367,-0.16055,0.082485
0.33263,-0.14534,0.069968
0.3046,-0.12916,0.056282
0.27929,-0.11215,0.041972
0.25642,-0.094409,0.027411
0.2358,-0.076032,0.012862
0.24257,-0.075685,0.0066917
0.24954,-0.07512,-0.0003839
0.25669,-0.074338,-0.0083296
0.26398,-0.073344,-0.017088
0.27139,-0.072145,-0.026608
0.27889,-0.070756,-0.036829
0.28644,-0.069186,-0.047687
0.29402,-0.067452,-0.059116
0.30159,-0.065566,-0.071052
0.30912,-0.063542,-0.08343
0.29609,-0.06808,-0.03334
0.28675,-0.070408,-0.0016401
0.2797,-0.071273,0.018006
0.27412,-0.071117,0.029281
0.26951,-0.070221,0.034489
0.26554,-0.068769,0.035115
0.26171,-0.06708,0.033875
0.25734,-0.065657,0.035236
0.25254,-0.064465,0.038946
0.24743,-0.063458,0.044622
0.26372,-0.068739,0.050073
0.28045,-0.074236,0.056033
0.29764,-0.079937,0.062483
0.3153,-0.085828,0.069355
0.33346,-0.091897,0.076622
0.35212,-0.098127,0.084196
0.37129,-0.10451,0.09204
0.391,-0.11102,0.10005
0.41125,-0.11765,0.10818
0.43205,-0.12438,0.11632
0.41139,-0.090044,0.11556
0.39315,-0.054188,0.11598
0.37724,-0.016851,0.11719
0.36358,0.021937,0.11887
0.35211,0.062144,0.12082
0.34277,0.10375,0.12283
0.3355,0.14673,0.12482
0.33028,0.19107,0.12662
0.32708,0.23674,0.12816
0.32586,0.28374,0.12933
0.28474,0.24622,0.1477
0.24778,0.21199,0.1682
0.21482,0.1808,0.1907
0.18572,0.15245,0.21501
0.16034,0.12675,0.24101
0.13858,0.10358,0.26855
0.12032,0.082774,0.29751
0.10547,0.064236,0.32776
0.093936,0.047858,0.3592
0.085639,0.033561,0.3917
0.092857,0.025137,0.42475
0.10117,0.017235,0.45886
0.11057,0.0098634,0.49394
0.12104,0.0030379,0.52997
0.13256,-0.0032316,0.56683
0.14511,-0.0089274,0.60454
0.15867,-0.014041,0.64296
0.1732,-0.018558,0.68212
0.18866,-0.022474,0.72187
0.205,-0.025778,0.76226
0.22286,-0.018652,0.78331
0.2416,-0.0085729,0.80022
0.26126,0.0043939,0.81333
0.28171,0.0202,0.82325
0.30302,0.038788,0.83013
0.32526,0.060118,0.8344
0.34846,0.084139,0.83607
0.37266,0.11081,0.8355
0.39792,0.14007,0.83258
0.42427,0.17188,0.82761
0.40778,0.18718,0.69303
0.39782,0.20245,0.58977
0.39202,0.21762,0.50609
0.38911,0.23269,0.43575
0.38833,0.24766,0.37492
0.38923,0.26253,0.32138
0.39152,0.27731,0.27359
0.395,0.29202,0.23061
0.39952,0.30666,0.19169
0.40499,0.32124,0.15636
0.45334,0.3841,0.18458
0.50407,0.45215,0.20732
0.55731,0.52535,0.22517
0.6132,0.60365,0.23899
0.67189,0.687,0.24966
0.73349,0.77534,0.25794
0.79804,0.86859,0.26441
0.86558,0.96666,0.26952
0.93608,1.0694,0.27354
1.0095,1.1768,0.27667
0.9904,1.1928,0.20041
0.9767,1.2104,0.14901
0.96613,1.2288,0.10976
0.95772,1.2475,0.077543
0.95102,1.2666,0.050086
0.94576,1.2859,0.026207
0.94176,1.3052,0.0052567
0.9389,1.3247,-0.013242
0.93705,1.3442,-0.029605
0.93612,1.3638,-0.044128
0.9109,1.3355,-0.066017
0.88713,1.3088,-0.086885
0.86483,1.2838,-0.1052
0.84394,1.2603,-0.12045
0.82434,1.2381,-0.13249
0.80591,1.2172,-0.1413
0.78855,1.1975,-0.14692
0.77215,1.1788,-0.14942
0.75661,1.161,-0.14884
0.74184,1.1442,-0.14535
0.746,1.1331,-0.14309
0.75087,1.1228,-0.14086
0.75643,1.1134,-0.13848
0.76264,1.1047,-0.13598
0.76945,1.0967,-0.13342
0.77686,1.0893,-0.13086
0.78482,1.0825,-0.12835
0.79331,1.0762,-0.12594
0.80232,1.0703,-0.12371
0.81182,1.0649,-0.12149
0.7565,1.0021,-0.10319
0.70552,0.94407,-0.079057
0.65827,0.88989,-0.053399
0.61434,0.83912,-0.027403
0.57338,0.79141,-0.0014816
0.53513,0.74647,0.024192
0.49934,0.70408,0.049449
0.46581,0.664,0.074176
0.43436,0.62607,0.098245
0.40485,0.59011,0.12157
0.37078,0.55348,0.095044
0.33984,0.51904,0.074868
0.31167,0.48645,0.058518
0.28599,0.4555,0.04474
0.26258,0.42605,0.032862
0.24122,0.398,0.022538
0.22173,0.37126,0.013563
0.20394,0.34579,0.0058377
0.18772,0.32151,-0.00070644
0.17293,0.29838,-0.0060952
0.18199,0.31723,0.0031097
0.19214,0.33624,0.013753
0.20291,0.35567,0.025588
0.21331,0.37606,0.038427
0.22333,0.3974,0.052155
0.23297,0.41967,0.066699
0.24226,0.44284,0.081993
0.25119,0.46688,0.097997
0.25977,0.49178,0.11466
0.26801,0.51751,0.13194
0.26351,0.48326,0.092367
0.25683,0.45326,0.066632
0.2479,0.42687,0.048961
0.23677,0.40368,0.036312
0.22702,0.38129,0.027093
0.22059,0.35835,0.020331
0.21741,0.33472,0.015348
0.21743,0.31029,0.011695
0.2206,0.28498,0.0090548
0.22687,0.25871,0.0072046
0.23156,0.25568,0.041234
0.23655,0.25285,0.084362
0.24186,0.25003,0.13407
0.2475,0.24709,0.18879
0.25349,0.24395,0.24753
0.25982,0.24053,0.30968
0.26651,0.23681,0.37487
0.27355,0.23273,0.44286
0.28095,0.22827,0.51347
0.2887,0.22341,0.58658
0.28101,0.22315,0.44002
0.27423,0.22573,0.33429
0.26825,0.23021,0.25385
0.26301,0.23605,0.19068
0.25846,0.24293,0.1402
0.25458,0.25063,0.099634
0.25134,0.259,0.067178
0.24871,0.26791,0.041607
0.24669,0.27727,0.022046
0.24527,0.287,0.0078431
0.21853,0.25214,0.012702
0.19376,0.22012,0.016761
0.17088,0.19078,0.020202
0.1498,0.164,0.023179
0.13043,0.13965,0.025812
0.11272,0.11763,0.028191
0.096595,0.097804,0.030386
0.08198,0.080081,0.03245
0.068817,0.064355,0.034421
0.057044,0.050528,0.036329
0.064434,0.066627,0.032538
0.073065,0.084335,0.028892
0.08297,0.10368,0.02542
0.094176,0.12467,0.022153
0.10671,0.14735,0.019119
0.12062,0.17172,0.016344
0.13591,0.19781,0.013857
0.15262,0.22563,0.011682
0.17077,0.25519,0.0098458
0.19039,0.28651,0.0083666
0.16792,0.24548,0.0046762
0.14858,0.20669,0.002578
0.13229,0.17012,0.0018651
0.11896,0.13577,0.0007707
0.1085,0.10365,-0.001702
0.10087,0.07371,-0.0054787
0.096003,0.045921,-0.010489
0.093884,0.020233,-0.016682
0.094497,-0.0034048,-0.024016
0.097853,-0.025048,-0.032457
0.097655,-0.014522,-0.020509
0.098145,-0.003248,-0.011282
0.099348,0.0087664,-0.0047577
0.10129,0.02152,-0.00092872
0.10401,0.03502,0.00025839
0.10753,0.049237,0.0021236
0.1119,0.064175,0.0066638
0.11714,0.079869,0.013887
0.12328,0.096357,0.023806
0.13035,0.11368,0.036436
0.15454,0.13805,0.019501
0.18139,0.16508,0.0083551
0.21107,0.19492,0.0023767
0.24373,0.22772,0.00084598
0.27948,0.26363,-0.0020175
0.31843,0.30272,-0.0086281
0.36067,0.34504,-0.018594
0.40625,0.39061,-0.031595
0.45521,0.43942,-0.047345
0.50758,0.49143,-0.065618
0.56072,0.49776,-0.050013
0.61868,0.50174,-0.037494
0.68152,0.50331,-0.027446
0.7493,0.50241,-0.019565
0.82205,0.49896,-0.013687
0.8998,0.49292,-0.0098108
0.98257,0.48424,-0.0079597
1.0703,0.47288,-0.0082587
1.1631,0.4588,-0.0087679
1.2609,0.44202,-0.0072745
1.1852,0.32664,-0.011036
1.1169,0.22205,-0.011409
1.0553,0.1272,-0.012683
0.99964,0.041207,-0.01489
0.94956,-0.036651,-0.017697
0.90461,-0.10699,-0.020935
0.86442,-0.17035,-0.02447
0.8287,-0.22717,-0.028228
0.79718,-0.27786,-0.032133
0.76962,-0.32274,-0.036156
0.76672,-0.23145,-0.013475
0.77135,-0.13469,-0.012245
0.78355,-0.03196,-0.0069463
0.8031,0.076805,0.0033489
0.82979,0.19153,0.016273
0.86346,0.31213,0.03061
0.90402,0.43845,0.045651
0.95134,0.57033,0.060869
1.0053,0.70755,0.075819
1.0658,0.84983,0.09005
1.1134,0.91161,0.13952
1.1629,0.97518,0.19863
1.2144,1.0405,0.26578
1.2678,1.1076,0.33939
1.3231,1.1765,0.4182
1.3803,1.2473,0.50103
1.4394,1.3198,0.58695
1.5004,1.3942,0.67511
1.5633,1.4704,0.76474
1.628,1.5484,0.85516
1.5093,1.3477,0.6105
1.4085,1.1679,0.47202
1.3204,1.0048,0.37293
1.2426,0.85564,0.29527
1.1735,0.71878,0.2322
1.1119,0.59275,0.18021
1.0569,0.47637,0.13708
1.0079,0.36871,0.1012
0.9643,0.26895,0.071367
0.92555,0.17644,0.046599
0.88857,0.19103,0.087901
0.85317,0.20489,0.11447
0.81947,0.21809,0.13077
0.78754,0.23069,0.14014
0.75735,0.24274,0.14469
0.72884,0.25425,0.1457
0.70195,0.26526,0.14395
0.67659,0.27579,0.13998
0.65268,0.28584,0.13417
0.63013,0.29544,0.12686
0.62456,0.26916,0.054192
0.62217,0.24431,0.011741
0.62177,0.22034,-0.014762
0.62278,0.19696,-0.031943
0.62489,0.17402,-0.043274
0.62793,0.1514,-0.05066
0.63179,0.12905,-0.055279
0.63637,0.10691,-0.057872
0.64163,0.084937,-0.059001
0.64752,0.0631,-0.059045
0.62821,0.13131,-0.056663
0.61337,0.19761,-0.051612
0.60268,0.26201,-0.045734
0.59598,0.3246,-0.039628
0.59313,0.38542,-0.033469
0.59406,0.44455,-0.027267
0.59869,0.50203,-0.021005
0.60697,0.55791,-0.014646
0.61884,0.61222,-0.0081729
0.63425,0.66497,-0.0015674
0.62143,0.62219,0.017036
0.61102,0.57987,0.035136
0.60291,0.53791,0.052884
0.59701,0.49622,0.070379
0.59323,0.4547,0.087675
0.59151,0.41329,0.10481
0.59176,0.37191,0.12179
0.59392,0.33049,0.13864
0.59795,0.28898,0.15535
0.60379,0.24732,0.17192
0.55402,0.20726,0.18929
0.50771,0.17076,0.20616
0.46464,0.13757,0.22247
0.42463,0.10748,0.23823
0.38751,0.080317,0.25343
0.35311,0.055897,0.26811
0.32132,0.034074,0.28228
0.292,0.014707,0.29599
0.26505,-0.0023227,0.30925
0.24035,-0.017133,0.32211
0.22753,0.0056323,0.28495
0.21694,0.027565,0.25495
0.20833,0.048683,0.22992
0.20154,0.069014,0.2085
0.19643,0.088593,0.18979
0.19292,0.10745,0.17321
0.19092,0.12562,0.15832
0.19037,0.14313,0.14483
0.19122,0.16001,0.1325
0.19344,0.17628,0.12119
0.20299,0.18253,0.14291
0.21275,0.18882,0.16354
0.22272,0.19512,0.18304
0.23287,0.20142,0.20149
0.24319,0.20769,0.21899
0.25367,0.21391,0.23567
0.2643,0.22007,0.25165
0.27506,0.22615,0.26705
0.28593,0.23214,0.28196
0.29691,0.23802,0.29646
0.33474,0.24761,0.27496
0.37644,0.25592,0.25548
0.42211,0.26286,0.23754
0.4718,0.26834,0.22083
0.52558,0.27225,0.20511
0.5835,0.27452,0.19023
0.6456,0.27506,0.17604
0.7119,0.2738,0.16247
0.78242,0.27065,0.14947
0.85716,0.26555,0.13698
0.86277,0.1765,0.19813
0.87401,0.087759,0.25704
0.89067,-0.00094322,0.31463
0.91264,-0.089855,0.37159
0.93974,-0.17919,0.4284
0.97188,-0.26914,0.48524
1.0089,-0.35988,0.5421
1.0508,-0.45155,0.59887
1.0974,-0.54429,0.65533
1.1487,-0.63823,0.71124
1.0598,-0.58139,0.59909
0.97494,-0.52793,0.51248
0.89398,-0.47769,0.4393
0.81681,-0.43053,0.37495
0.74336,-0.38629,0.31748
0.67358,-0.34483,0.26593
0.60744,-0.30605,0.21975
0.54489,-0.26985,0.17857
0.48591,-0.23612,0.14212
0.43046,-0.20481,0.11017
0.474,-0.22901,0.064204
0.52013,-0.25483,0.032853
0.56898,-0.28244,0.011197
0.62062,-0.31192,-0.0037993
0.67508,-0.34338,-0.014049
0.73236,-0.37685,-0.020823
0.79245,-0.4124,-0.025022
0.85523,-0.44999,-0.029977
0.92059,-0.48964,-0.037076
0.98848,-0.53132,-0.045949
0.98844,-0.57692,-0.039289
0.99097,-0.62173,-0.038857
0.99625,-0.66602,-0.031944
1.0041,-0.70988,-0.019941
1.0143,-0.7534,-0.0034667
1.0269,-0.79666,0.017198
1.0417,-0.83974,0.041962
1.0586,-0.88271,0.070718
1.0777,-0.92564,0.10343
1.0988,-0.9686,0.13999
1.1129,-0.96653,0.11346
1.1272,-0.96357,0.0886
1.1416,-0.95976,0.065143
1.1562,-0.95512,0.042958
1.171,-0.94968,0.022051
1.1859,-0.94345,0.0024094
1.201,-0.93647,-0.015904
1.2162,-0.92875,-0.032879
1.2316,-0.92031,-0.048449
1.2471,-0.91118,-0.062602
1.2558,-0.88601,-0.050014
1.2651,-0.86032,-0.036912
1.2748,-0.83414,-0.02303
1.2851,-0.80751,-0.0082739
1.2958,-0.78047,0.0074239
1.3069,-0.75304,0.024027
1.3185,-0.72524,0.041527
1.3305,-0.69709,0.059856
1.3429,-0.66861,0.07899
1.3558,-0.63982,0.098864
1.4466,-0.69824,0.096446
1.5404,-0.75931,0.096922
1.6372,-0.82293,0.098739
1.7368,-0.8891,0.10113
1.8393,-0.9578,0.10378
1.9446,-1.029,0.10652
2.0526,-1.1028,0.10931
2.1635,-1.1791,0.11208
2.2771,-1.2581,0.11487
2.3935,-1.3396,0.11759
2.2637,-1.3071,0.026633
2.1422,-1.2758,-0.036396
2.0277,-1.2449,-0.08534
1.9194,-1.2143,-0.12387
1.8166,-1.1841,-0.15346
1.7192,-1.154,-0.17512
1.6266,-1.1243,-0.18952
1.5386,-1.0948,-0.19728
1.455,-1.0656,-0.19883
1.3755,-1.0367,-0.19502
1.3127,-0.95256,-0.1862
1.2541,-0.87301,-0.17788
1.1993,-0.7977,-0.16993
1.1481,-0.72632,-0.1623
1.1003,-0.6586,-0.15495
1.0555,-0.59427,-0.14786
1.0137,-0.53313,-0.14101
0.97453,-0.47497,-0.13436
0.93791,-0.4196,-0.12793
0.90368,-0.36687,-0.12165
0.9067,-0.36468,-0.123
0.9092,-0.36244,-0.1242
0.91121,-0.36015,-0.12521
0.91277,-0.35782,-0.12582
0.91388,-0.35544,-0.12606
0.91457,-0.35303,-0.12593
0.91484,-0.35059,-0.12545
0.91472,-0.34811,-0.1246
0.91421,-0.3456,-0.12345
0.91332,-0.34305,-0.12201
0.92881,-0.3254,-0.11411
0.94529,-0.30734,-0.10338
0.9627,-0.2888,-0.090563
0.98101,-0.26975,-0.075933
1.0002,-0.25017,-0.059661
1.0203,-0.23003,-0.041845
1.0412,-0.20933,-0.022607
1.063,-0.18803,-0.0020398
1.0857,-0.16613,0.01973
1.1093,-0.14361,0.042615
1.0715,-0.074306,0.024448
1.0368,-0.010342,0.013273
1.0047,0.04887,0.0053977
0.97466,0.10372,-0.00072557
0.94668,0.1545,-0.005812
0.92056,0.20145,-0.010195
0.8962,0.24479,-0.014061
0.87349,0.28472,-0.017504
0.85235,0.3214,-0.020594
0.83269,0.355,-0.023367
0.83618,0.25132,-0.011508
0.84795,0.14333,-0.0022437
0.86777,0.030781,0.0046909
0.8955,-0.086578,0.0097692
0.93104,-0.20898,0.013373
0.97434,-0.33661,0.015799
1.0253,-0.46966,0.017219
1.084,-0.60827,0.017775
1.1503,-0.75255,0.017525
1.2242,-0.90259,0.016557
1.2625,-0.93133,-0.0080372
1.302,-0.96021,-0.024411
1.3425,-0.98907,-0.036825
1.3837,-1.0178,-0.047072
1.4256,-1.0464,-0.055933
1.4681,-1.0748,-0.063788
1.5112,-1.1029,-0.070816
1.5549,-1.1307,-0.077197
1.5992,-1.1582,-0.083
1.644,-1.1854,-0.088391
1.6453,-1.2101,-0.078638
1.647,-1.2361,-0.068892
1.6491,-1.2633,-0.05901
1.6518,-1.2915,-0.049193
1.655,-1.3207,-0.039314
1.6588,-1.3509,-0.029389
1.6631,-1.382,-0.019303
1.668,-1.414,-0.0091233
1.6735,-1.4468,0.001266
1.6797,-1.4804,0.011896
1.5629,-1.3972,0.024791
1.4544,-1.3186,0.035619
1.3535,-1.2442,0.045419
1.2596,-1.1737,0.054517
1.172,-1.1069,0.063129
1.0903,-1.0435,0.071349
1.0139,-0.98323,0.079276
0.94241,-0.92599,0.086964
0.87551,-0.87156,0.094472
0.81285,-0.81978,0.10184
0.83313,-0.82719,0.11638
0.85327,-0.83492,0.12722
0.87332,-0.84302,0.13564
0.8933,-0.85156,0.14246
0.91319,-0.86057,0.14812
0.93298,-0.87009,0.15289
0.95266,-0.88014,0.15685
0.97222,-0.89075,0.16011
0.99165,-0.90194,0.16266
1.0109,-0.91373,0.16453
1.0005,-0.90278,0.26322
0.99003,-0.89177,0.3541
0.97974,-0.8808,0.44054
0.96976,-0.86993,0.52464
0.96014,-0.85921,0.60731
0.95087,-0.84866,0.68893
0.94193,-0.83827,0.76939
0.93328,-0.82804,0.84861
0.92489,-0.81794,0.92626
0.91672,-0.80797,1.0022
0.89431,-0.79467,1.0741
0.87157,-0.78093,1.1356
0.84875,-0.76691,1.1897
0.82596,-0.75266,1.2383
0.80328,-0.73822,1.2821
0.78074,-0.7236,1.3217
0.75835,-0.70881,1.3573
0.73613,-0.69385,1.3892
0.71411,-0.67872,1.4176
0.69229,-0.6634,1.4427
0.66993,-0.60931,1.2834
0.65316,-0.56119,1.1918
0.63948,-0.51664,1.1331
0.62783,-0.47454,1.0929
0.61766,-0.43442,1.0643
0.60865,-0.39602,1.0441
0.60062,-0.35921,1.0301
0.59341,-0.32388,1.0213
0.58695,-0.29,1.0169
0.58114,-0.2575,1.0163
0.55129,-0.26585,0.91475
0.5243,-0.27303,0.81481
0.50007,-0.27947,0.71953
0.47838,-0.28544,0.63021
0.45901,-0.29114,0.5472
0.44175,-0.29667,0.47056
0.4264,-0.30216,0.40012
0.41278,-0.30765,0.33569
0.40075,-0.31322,0.27707
0.39015,-0.3189,0.22404
0.35988,-0.28254,0.16979
0.33201,-0.24923,0.13569
0.30608,-0.21839,0.11335
0.28184,-0.1897,0.098371
0.25916,-0.16299,0.088294
0.23794,-0.13813,0.081619
0.21811,-0.11505,0.077436
0.19963,-0.093683,0.075124
0.18246,-0.074002,0.074298
0.16655,-0.055965,0.074668
0.17007,-0.062612,0.088559
0.1736,-0.069287,0.10144
0.17715,-0.075997,0.11336
0.18074,-0.082749,0.12435
0.18438,-0.089558,0.13458
0.18808,-0.09643,0.14414
0.19185,-0.10338,0.15319
0.19569,-0.11042,0.16182
0.19962,-0.11755,0.17016
0.20365,-0.12478,0.1783
0.19287,-0.13766,0.17812
0.18311,-0.14941,0.17538
0.17436,-0.16007,0.17078
0.16664,-0.16969,0.16481
0.15994,-0.17831,0.15786
0.15426,-0.18596,0.15022
0.14961,-0.19268,0.14214
0.14598,-0.19849,0.13377
0.14339,-0.20342,0.12527
0.14181,-0.20751,0.11674
0.14205,-0.19646,0.08422
0.14567,-0.18389,0.060988
0.15252,-0.16972,0.044092
0.16249,-0.15388,0.031703
0.17555,-0.13633,0.022661
0.19168,-0.11699,0.016172
0.21089,-0.095818,0.011694
0.23322,-0.072761,0.0088251
0.25869,-0.047774,0.0072744
0.28737,-0.020816,0.0068045
0.29514,-0.024931,0.0074417
0.30306,-0.02916,0.0081074
0.31112,-0.033498,0.0088372
0.31933,-0.037947,0.0094955
0.32769,-0.042509,0.0099946
0.33619,-0.04718,0.010308
0.34483,-0.051959,0.010449
0.35361,-0.056843,0.010388
0.36252,-0.061827,0.01017
0.37156,-0.066905,0.0097999
0.37916,-0.12562,0.013285
0.39046,-0.18812,0.015818
0.40551,-0.2545,0.017938
0.42435,-0.32487,0.020199
0.44705,-0.39935,0.022609
0.47367,-0.47807,0.025014
0.50425,-0.56113,0.027341
0.53885,-0.64865,0.029483
0.57748,-0.74069,0.031387
0.62018,-0.83733,0.032954
0.58606,-0.77408,0.026585
0.5541,-0.71398,0.0204
0.52417,-0.65689,0.012818
0.49614,-0.60261,0.0047623
0.4699,-0.551,-0.0033587
0.44536,-0.5019,-0.011381
0.42243,-0.4552,-0.019188
0.40104,-0.4108,-0.026741
0.38111,-0.36858,-0.03398
0.36258,-0.32846,-0.040891
0.38141,-0.32512,-0.045881
0.40112,-0.32125,-0.050891
0.42172,-0.31685,-0.055849
0.44317,-0.31193,-0.060714
0.46546,-0.3065,-0.065428
0.48858,-0.30057,-0.06996
0.5125,-0.29415,-0.074264
0.53722,-0.28725,-0.07832
0.56271,-0.27989,-0.082092
0.58896,-0.27207,-0.085571
0.60568,-0.27032,-0.080571
0.62267,-0.26854,-0.079178
0.63995,-0.26672,-0.079946
0.65754,-0.26488,-0.082101
0.67545,-0.26301,-0.085189
0.69368,-0.26113,-0.088961
0.71223,-0.25924,-0.09326
0.73112,-0.25735,-0.098007
0.75035,-0.25546,-0.10315
0.76991,-0.25359,-0.10867
0.78742,-0.21863,-0.053391
0.80355,-0.183,-0.039662
0.82006,-0.14788,-0.025769
0.83795,-0.11395,0.009755
0.85711,-0.081064,0.063145
0.87751,-0.049111,0.13197
0.89909,-0.017996,0.21446
0.92181,0.012367,0.30914
0.94562,0.042042,0.41471
0.97047,0.071103,0.52997
0.94488,0.082231,0.55875
0.92146,0.092488,0.59608
0.89981,0.10208,0.6372
0.8797,0.11113,0.67983
0.86094,0.11971,0.72273
0.84341,0.12789,0.76534
0.82699,0.13568,0.80725
0.8116,0.14312,0.84836
0.79715,0.15024,0.88849
0.78357,0.15706,0.9277
0.70651,0.084474,0.85459
0.6401,0.016438,0.79963
0.58274,-0.047436,0.75427
0.53331,-0.10752,0.7147
0.49095,-0.16417,0.67887
0.45497,-0.21771,0.64577
0.42484,-0.26842,0.61471
0.40009,-0.31656,0.58535
0.38036,-0.36236,0.55732
0.36537,-0.40603,0.53049
0.39226,-0.40092,0.493
0.42195,-0.39479,0.45984
0.45429,-0.38765,0.42969
0.48918,-0.37954,0.40179
0.5265,-0.3705,0.3756
0.56618,-0.36056,0.35083
0.60814,-0.34977,0.32727
0.6523,-0.33817,0.30478
0.69858,-0.32578,0.28327
0.74692,-0.31268,0.26267
0.68655,-0.28203,0.1875
0.63186,-0.25207,0.13256
0.58197,-0.22295,0.09068
0.53628,-0.19478,0.058227
0.49437,-0.16766,0.033197
0.45587,-0.14169,0.014308
0.42051,-0.11696,0.00069144
0.38803,-0.093526,-0.008309
0.35822,-0.071466,-0.013196
0.33091,-0.050833,-0.014373
0.38376,-0.057726,-0.015802
0.44126,-0.064703,-0.016833
0.50346,-0.071756,-0.017468
0.57037,-0.078892,-0.017688
0.64199,-0.086128,-0.017467
0.71827,-0.093496,-0.016762
0.79917,-0.10104,-0.015521
0.88462,-0.10881,-0.013685
0.97453,-0.11686,-0.011181
1.0688,-0.12528,-0.0079415
1.0627,-0.14897,-0.019009
1.0569,-0.17295,-0.026942
1.0515,-0.19721,-0.031907
1.0465,-0.22175,-0.03416
1.0417,-0.24658,-0.034297
1.0372,-0.27169,-0.036386
1.0327,-0.29709,-0.041143
1.0284,-0.32278,-0.048475
1.0243,-0.34876,-0.058216
1.0202,-0.37502,-0.070293
0.97121,-0.34003,-0.032617
0.92365,-0.30741,-0.012397
0.8791,-0.27699,0.042147
0.83719,-0.24858,0.12294
0.79773,-0.22204,0.22581
0.76059,-0.19728,0.34816
0.72568,-0.1742,0.48809
0.69294,-0.15275,0.64405
0.66232,-0.13286,0.81469
0.63376,-0.1145,0.99885
0.66781,-0.094426,0.85805
0.70462,-0.073827,0.75788
0.74354,-0.052639,0.67912
0.78424,-0.030838,0.6128
0.82656,-0.008419,0.55425
0.87039,0.01462,0.50111
0.9157,0.038265,0.45202
0.96245,0.062529,0.40625
1.0106,0.087376,0.36332
1.0602,0.11279,0.32295
1.0399,0.087062,0.31119
1.0203,0.062202,0.29886
1.0016,0.038163,0.28663
0.98353,0.014911,0.27479
0.96615,-0.0075909,0.26344
0.94939,-0.029371,0.25263
0.93317,-0.05046,0.24234
0.91747,-0.070883,0.23256
0.90224,-0.090666,0.22326
0.88743,-0.10983,0.21442
0.91663,-0.16778,0.15273
0.94794,-0.22958,0.10571
0.9811,-0.29521,0.068039
1.016,-0.36465,0.036942
1.0524,-0.43787,0.010895
1.0904,-0.51483,-0.011033
1.1299,-0.5955,-0.029431
1.1708,-0.67981,-0.044816
1.2131,-0.7677,-0.057537
1.2567,-0.8591,-0.067961
1.2347,-0.85526,-0.056333
1.2137,-0.85165,-0.04839
1.1937,-0.84827,-0.043373
1.1744,-0.84512,-0.040377
1.1561,-0.84218,-0.038824
1.1385,-0.83946,-0.038449
1.1216,-0.83693,-0.039044
1.1054,-0.8346,-0.040499
1.0899,-0.83244,-0.042671
1.0749,-0.83046,-0.045463
1.0249,-0.71217,-0.042938
0.97941,-0.6047,-0.037694
0.93785,-0.50703,-0.031098
0.89986,-0.41827,-0.023668
0.86512,-0.33766,-0.015597
0.83337,-0.26452,-0.0069767
0.80436,-0.19824,0.0021638
0.77786,-0.13832,0.011809
0.7537,-0.084261,0.021952
0.7317,-0.035657,0.0326
0.68501,-0.078962,0.021591
0.64301,-0.1202,0.015787
0.60508,-0.15957,0.012864
0.57074,-0.19724,0.011683
0.53963,-0.23336,0.011624
0.51145,-0.26807,0.01237
0.48592,-0.30148,0.013739
0.46285,-0.3337,0.015643
0.44203,-0.36484,0.01803
0.4233,-0.39497,0.020892
0.40997,-0.40385,0.033848
0.39729,-0.41257,0.04764
0.38527,-0.42114,0.062429
0.37389,-0.42956,0.078362
0.36313,-0.43784,0.095541
0.353,-0.44598,0.11407
0.34347,-0.454,0.134
0.33454,-0.46188,0.15542
0.32619,-0.46965,0.17838
0.3184,-0.4773,0.20293
0.35365,-0.50084,0.15312
0.39245,-0.5249,0.11046
0.43473,-0.5495,0.073774
0.48042,-0.57466,0.042273
0.52943,-0.60039,0.015388
0.5817,-0.62673,-0.0072912
0.63714,-0.65368,-0.026085
0.69565,-0.68127,-0.041278
0.75714,-0.70949,-0.053084
0.82148,-0.73835,-0.06171
0.90301,-0.73311,-0.061385
0.98931,-0.72645,-0.061281
1.0802,-0.71843,-0.061438
1.1754,-0.70912,-0.061741
1.2748,-0.6986,-0.062061
1.3781,-0.68692,-0.062338
1.4851,-0.67415,-0.062523
1.5956,-0.66036,-0.06263
1.7095,-0.64561,-0.062656
1.8264,-0.62995,-0.062665
1.8382,-0.6367,0.015785
1.8513,-0.6441,0.10288
1.8653,-0.65196,0.19319
1.8803,-0.66029,0.28566
1.8963,-0.66905,0.37905
1.913,-0.67819,0.47156
1.9306,-0.68765,0.56153
1.949,-0.69741,0.64748
1.968,-0.70743,0.72829
1.9876,-0.71768,0.80311
1.9188,-0.72142,0.74069
1.8571,-0.72735,0.72756
1.8005,-0.73411,0.72738
1.7483,-0.74139,0.73157
1.6998,-0.74911,0.73776
1.6547,-0.75727,0.74528
1.6126,-0.76585,0.7538
1.5732,-0.77486,0.76326
1.5363,-0.7843,0.77348
1.5016,-0.79416,0.78448
1.5018,-0.76394,0.59658
1.5038,-0.73487,0.48103
1.5061,-0.70554,0.39587
1.5083,-0.67558,0.32779
1.5102,-0.64493,0.2715
1.5118,-0.61362,0.22428
1.5131,-0.5817,0.1844
1.5142,-0.54923,0.1506
1.515,-0.51629,0.1219
1.5156,-0.48293,0.097474
1.6701,-0.40999,0.063599
1.8315,-0.33502,0.025991
1.9995,-0.25846,-0.011873
2.1734,-0.18061,-0.048786
2.353,-0.10171,-0.084387
2.5376,-0.022005,-0.11875
2.7268,0.058304,-0.15199
2.9202,0.13901,-0.18437
3.1173,0.21996,-0.21605
3.3177,0.30097,-0.2473
3.107,0.29127,-0.21507
2.9203,0.28582,-0.18271
2.7537,0.28346,-0.14831
2.6043,0.28334,-0.11162
2.4695,0.28481,-0.072493
2.3475,0.28736,-0.031004
2.2365,0.29058,0.012904
2.1353,0.29417,0.059176
2.0427,0.29787,0.10786
1.9579,0.30148,0.15893
1.9439,0.23258,0.12252
1.9319,0.15942,0.079725
1.9223,0.081836,0.035074
1.9151,-0.0002211,-0.0095532
1.9103,-0.086765,-0.053237
1.9078,-0.1778,-0.095442
1.9074,-0.2733,-0.13576
1.9092,-0.37327,-0.17385
1.9131,-0.47768,-0.20939
1.9191,-0.58653,-0.24212
1.9004,-0.60941,-0.24302
1.8817,-0.63239,-0.24112
1.8626,-0.6554,-0.23783
1.8433,-0.67841,-0.23357
1.8238,-0.70139,-0.22849
1.8041,-0.72432,-0.22262
1.7843,-0.7472,-0.21599
1.7645,-0.77,-0.20857
1.7446,-0.79272,-0.20039
1.7247,-0.81535,-0.19143
1.6921,-0.65384,-0.15464
1.6614,-0.50673,-0.12378
1.6329,-0.37321,-0.0954
1.6068,-0.25249,-0.068065
1.583,-0.14388,-0.041432
1.5615,-0.046743,-0.015277
1.5422,0.039484,0.010408
1.5251,0.1153,0.035718
1.5099,0.18114,0.060596
1.4968,0.23742,0.085042
1.5493,0.22328,-0.027892
1.6085,0.20604,-0.11166
1.6721,0.18583,-0.1781
1.7392,0.1627,-0.23225
1.8092,0.13667,-0.27657
1.8819,0.10773,-0.31231
1.9571,0.075893,-0.34029
2.0345,0.041156,-0.36109
2.1141,0.0035194,-0.37526
2.1946,-0.037023,-0.38918
2.1289,-0.0038003,-0.36527
2.0693,0.028342,-0.32574
2.0151,0.059304,-0.27338
1.9653,0.089003,-0.21044
1.9197,0.11737,-0.13808
1.8776,0.14435,-0.057238
1.8388,0.16988,0.031274
1.8029,0.19392,0.12678
1.7697,0.21643,0.22867
1.7388,0.23737,0.33647
1.6355,0.19853,0.27531
1.5421,0.16124,0.24068
1.4555,0.12518,0.21704
1.3743,0.090152,0.19889
1.2979,0.056034,0.18392
1.2258,0.022717,0.17116
1.1577,-0.0098849,0.16003
1.0931,-0.041847,0.15023
1.032,-0.073235,0.1415
0.97407,-0.10411,0.1337
0.95448,-0.13139,0.052982
0.93909,-0.15856,0.000491
0.92621,-0.18583,-0.035388
0.915,-0.21331,-0.060206
0.90503,-0.24107,-0.076968
0.89603,-0.26912,-0.087466
0.8878,-0.29747,-0.092907
0.88021,-0.32616,-0.09416
0.87316,-0.35519,-0.091929
0.86623,-0.38465,-0.089586
0.87041,-0.32573,-0.078014
0.8778,-0.26994,-0.045534
0.88721,-0.21726,-0.0011546
0.89806,-0.16767,0.050939
0.91007,-0.12106,0.10901
0.92305,-0.077384,0.17215
0.93686,-0.036561,0.2397
0.95136,0.0014556,0.31113
0.96646,0.036716,0.38588
0.98202,0.069254,0.46348
1.0216,0.061979,0.41863
1.0638,0.054484,0.39273
1.1078,0.046568,0.3769
1.153,0.038124,0.36671
1.1993,0.029099,0.35976
1.2466,0.019458,0.35482
1.2948,0.0091815,0.35121
1.3439,-0.0017454,0.34859
1.3938,-0.013333,0.34675
1.4445,-0.025592,0.34561
1.3433,-0.024666,0.24785
1.2522,-0.023217,0.18446
1.1691,-0.021514,0.13847
1.0927,-0.019686,0.10316
1.0222,-0.017808,0.075363
0.95679,-0.015931,0.053277
0.89603,-0.01409,0.035766
0.8394,-0.012309,0.022003
0.78651,-0.010607,0.011384
0.73702,-0.0089949,0.0034174
0.65947,-0.018904,0.011285
0.58894,-0.026626,0.015635
0.52481,-0.032404,0.01752
0.4665,-0.036465,0.017727
0.41354,-0.039016,0.016825
0.36545,-0.04025,0.015236
0.32185,-0.040347,0.013232
0.28235,-0.039471,0.011028
0.24665,-0.037777,0.0087702
0.21444,-0.035409,0.0065857
0.20378,-0.035505,0.0094964
0.19363,-0.035322,0.012673
0.18398,-0.034885,0.0161
0.17478,-0.034214,0.019771
0.16603,-0.033333,0.023672
0.15768,-0.032263,0.027795
0.14973,-0.031024,0.03213
0.14215,-0.029636,0.03667
0.13492,-0.028119,0.041406
0.12802,-0.02649,0.046333
0.13628,-0.032088,0.053781
0.14498,-0.038057,0.061641
0.15412,-0.044398,0.069896
0.16369,-0.051114,0.078535
0.17368,-0.058206,0.087549
0.18409,-0.065676,0.096934
0.19491,-0.07353,0.10668
0.2061,-0.08177,0.1168
0.21766,-0.090402,0.12728
0.22956,-0.099431,0.13811
0.20909,-0.10424,0.10904
0.19027,-0.1086,0.084945
0.17298,-0.11253,0.064832
0.15707,-0.11607,0.048072
0.14245,-0.11925,0.034253
0.12901,-0.12209,0.023091
0.11665,-0.12461,0.014395
0.10529,-0.12684,0.0080185
0.094856,-0.1288,0.0038623
0.085273,-0.1305,0.0018292
0.09649,-0.13652,0.0019283
0.10857,-0.14273,0.0021442
0.12152,-0.14916,0.0022203
0.13535,-0.15579,0.002159
0.15006,-0.16264,0.001989
0.16565,-0.16972,0.0017233
0.18213,-0.17701,0.0013789
0.19947,-0.18454,0.00096033
0.2177,-0.1923,0.00047927
0.23678,-0.2003,-6.5943e-05
0.24235,-0.20273,0.00086228
0.24789,-0.20518,0.0014906
0.25341,-0.20762,0.001878
0.25891,-0.21008,0.0020542
0.26437,-0.21253,0.0020459
0.26979,-0.21499,0.0018621
0.27518,-0.21745,0.0015272
0.28052,-0.21991,0.0012334
0.28581,-0.22238,0.0010543
0.29106,-0.22484,0.00098971
0.27153,-0.25119,0.0011163
0.25367,-0.27814,0.001461
0.23735,-0.30571,0.0020082
0.22247,-0.33392,0.0027433
0.20892,-0.3628,0.003663
0.19663,-0.39238,0.0047603
0.18552,-0.42266,0.006036
0.17554,-0.45367,0.0074855
0.16662,-0.48543,0.009111
0.15873,-0.51794,0.010909
0.13549,-0.54695,0.013908
0.11737,-0.57593,0.017875
0.10427,-0.60488,0.022791
0.096131,-0.63381,0.028659
0.09287,-0.66273,0.035493
0.094356,-0.69165,0.043314
0.094708,-0.72137,0.052228
0.090365,-0.75235,0.062313
0.081351,-0.78456,0.073609
0.067682,-0.81799,0.086158
0.05768,-0.77633,0.14129
0.047534,-0.73569,0.1935
0.03723,-0.69608,0.24216
0.026762,-0.65752,0.28762
0.016134,-0.62003,0.33035
0.005341,-0.58364,0.37074
-0.0056135,-0.54836,0.40903
-0.01674,-0.51422,0.44539
-0.028032,-0.48123,0.47989
-0.039528,-0.4494,0.5126
-0.043767,-0.42554,0.55494
-0.048208,-0.40285,0.59347
-0.052834,-0.38127,0.62865
-0.057645,-0.36078,0.66092
-0.06262,-0.34131,0.69044
-0.067755,-0.32282,0.71745
-0.073029,-0.30528,0.74196
-0.078432,-0.28862,0.76417
-0.083942,-0.27282,0.78408
-0.089549,-0.25783,0.80181
-0.090983,-0.28324,0.81116
-0.092378,-0.30997,0.82277
-0.093718,-0.338,0.83545
-0.094989,-0.3673,0.84851
-0.096172,-0.39786,0.86131
-0.09725,-0.42965,0.87355
-0.098204,-0.46267,0.88486
-0.099013,-0.49689,0.89514
-0.09966,-0.53231,0.90417
-0.10012,-0.56891,0.91195
-0.074056,-0.59988,0.84575
-0.051287,-0.63253,0.8072
-0.03127,-0.66658,0.78466
-0.013578,-0.70189,0.77214
0.0019888,-0.73835,0.76626
0.015619,-0.77594,0.76513
0.027414,-0.8146,0.76758
0.037494,-0.85432,0.77298
0.045892,-0.89508,0.78089
0.052699,-0.93686,0.79111
0.046679,-0.91273,0.88629
0.041408,-0.88875,0.96664
0.036666,-0.86515,1.0385
0.032418,-0.84207,1.106
0.028585,-0.81959,1.171
0.025165,-0.79774,1.2352
0.022125,-0.77654,1.2989
0.019473,-0.75598,1.3627
0.017185,-0.73607,1.4267
0.015269,-0.71679,1.491
0.02713,-0.71076,1.1862
0.034895,-0.708,0.9558
0.039938,-0.70723,0.76963
0.045152,-0.70772,0.61419
0.051061,-0.70914,0.48233
0.057777,-0.71133,0.36991
0.065373,-0.7142,0.27433
0.073921,-0.71769,0.19369
0.083481,-0.72174,0.12668
0.094115,-0.72633,0.072187
0.12463,-0.77986,0.076328
0.16206,-0.83557,0.076187
0.20644,-0.89356,0.0728
0.25776,-0.95388,0.06698
0.31603,-1.0166,0.059435
0.38121,-1.0817,0.050601
0.45324,-1.1492,0.040839
0.53203,-1.2192,0.03031
0.61747,-1.2915,0.019175
0.70942,-1.3661,0.0074569
0.58551,-1.3109,-0.017891
0.47983,-1.2581,-0.033657
0.38977,-1.2073,-0.044278
0.31327,-1.1584,-0.051485
0.24869,-1.1111,-0.05604
0.19468,-1.0655,-0.058426
0.15011,-1.0213,-0.058935
0.11407,-0.97842,-0.057801
0.085762,-0.93686,-0.055814
0.064465,-0.89638,-0.055256
0.064654,-0.91237,-0.051742
0.065228,-0.92928,-0.035659
0.066182,-0.94709,-0.0072001
0.067447,-0.9657,0.031454
0.068972,-0.98503,0.079121
0.070713,-1.0051,0.13505
0.072639,-1.0258,0.19873
0.074714,-1.0471,0.26974
0.076908,-1.0692,0.34771
0.079181,-1.0918,0.43226
0.075406,-1.0997,0.45112
0.071817,-1.1073,0.46817
0.068404,-1.1146,0.48348
0.065146,-1.1214,0.49715
0.062036,-1.128,0.50918
0.059056,-1.1342,0.51966
0.056203,-1.14,0.52858
0.053459,-1.1456,0.53603
0.050825,-1.1508,0.54202
0.048286,-1.1556,0.54663
0.050963,-1.1001,0.64953
0.055586,-1.0469,0.74639
0.062011,-0.99602,0.84
0.070065,-0.94754,0.93195
0.079616,-0.90135,1.0229
0.090464,-0.8574,1.1134
0.1025,-0.81557,1.2033
0.1156,-0.7758,1.2928
0.12968,-0.73799,1.3817
0.14466,-0.70206,1.47
0.14319,-0.69856,0.98866
0.14317,-0.70764,0.67228
0.14394,-0.72385,0.44467
0.14516,-0.74496,0.27496
0.14664,-0.76993,0.1479
0.14823,-0.79815,0.054919
0.1498,-0.82926,-0.0093469
0.15127,-0.86302,-0.048624
0.15254,-0.89923,-0.065683
0.15369,-0.93682,-0.074629
0.12516,-0.9637,-0.074491
0.099681,-0.99025,-0.075603
0.077206,-1.0166,-0.077184
0.057686,-1.0427,-0.078925
0.041085,-1.0686,-0.080676
0.027365,-1.0944,-0.082369
0.016498,-1.1201,-0.083971
0.008449,-1.1458,-0.085477
0.0031933,-1.1713,-0.086894
0.00070088,-1.1968,-0.088246
0.00056497,-1.1984,-0.087385
0.0026903,-1.1999,-0.086611
0.0070111,-1.2014,-0.085531
0.013471,-1.2029,-0.08446
0.02202,-1.2043,-0.083488
0.032607,-1.2058,-0.082654
0.04519,-1.2072,-0.081964
0.059726,-1.2086,-0.081434
0.076181,-1.21,-0.081061
0.094517,-1.2114,-0.08086
0.090627,-1.2207,-0.078904
0.087105,-1.2303,-0.075325
0.083927,-1.2401,-0.070058
0.08107,-1.2502,-0.063103
0.078515,-1.2605,-0.054418
0.076245,-1.2711,-0.04399
0.074247,-1.2819,-0.031788
0.072507,-1.293,-0.017805
0.071015,-1.3043,-0.0020021
0.069762,-1.3158,0.015635
0.069128,-1.2439,-0.011568
0.068367,-1.177,-0.031587
0.067498,-1.1147,-0.046328
0.066542,-1.0564,-0.056713
0.065517,-1.002,-0.063222
0.064441,-0.95095,-0.066154
0.063324,-0.90311,-0.06571
0.062163,-0.8581,-0.06349
0.06092,-0.81537,-0.064299
0.0596,-0.77471,-0.068393
0.059851,-0.72845,-0.056427
0.059976,-0.68405,-0.050487
0.060022,-0.64168,-0.046414
0.060032,-0.60151,-0.040121
0.060003,-0.56341,-0.032112
0.059936,-0.52726,-0.022757
0.059828,-0.49296,-0.012301
0.059681,-0.46041,-0.00091105
0.059493,-0.42953,0.01128
0.059267,-0.40025,0.024175
0.053773,-0.35754,0.0043016
0.048954,-0.31896,-0.0072427
0.044703,-0.284,-0.013462
0.040939,-0.25225,-0.016022
0.037595,-0.22343,-0.015912
0.034615,-0.19722,-0.014483
0.031942,-0.17323,-0.014741
0.029539,-0.15128,-0.016699
0.027376,-0.13124,-0.020134
0.025425,-0.11298,-0.024874
0.034154,-0.10812,-0.011588
0.043772,-0.10293,-0.0071286
0.054353,-0.097957,-0.0033312
0.065968,-0.09364,0.0070151
0.078672,-0.089917,0.023307
0.092524,-0.086738,0.045104
0.10758,-0.084069,0.072057
0.12391,-0.081886,0.10388
0.14156,-0.080172,0.14031
0.16059,-0.078911,0.18113
0.14931,-0.077624,0.1321
0.13851,-0.077024,0.095193
0.12816,-0.076893,0.06694
0.11824,-0.077095,0.045177
0.10874,-0.077543,0.028483
0.099655,-0.07818,0.015894
0.090967,-0.078964,0.0067295
0.082673,-0.07987,0.00049499
0.074766,-0.080875,-0.003178
0.067241,-0.081965,-0.004572
0.074833,-0.077658,-0.010909
0.082705,-0.072872,-0.03119
0.090992,-0.067752,-0.064188
0.099811,-0.062425,-0.10889
0.10926,-0.057007,-0.16437
0.11941,-0.051605,-0.22977
0.13034,-0.046317,-0.3042
0.14206,-0.041234,-0.38688
0.15462,-0.036438,-0.47699
0.16802,-0.032004,-0.5739
0.16926,-0.040942,-0.40712
0.17045,-0.047787,-0.29357
0.17166,-0.05345,-0.21193
0.17291,-0.0584,-0.15136
0.17419,-0.062901,-0.10569
0.17551,-0.067119,-0.071205
0.17684,-0.071161,-0.045473
0.17818,-0.075102,-0.026875
0.17952,-0.078998,-0.014274
0.18084,-0.082892,-0.0068498
0.17289,-0.10589,-0.0084446
0.16461,-0.1327,-0.0099234
0.15595,-0.16351,-0.011177
0.14689,-0.19849,-0.012131
0.1374,-0.23785,-0.012733
0.12744,-0.28178,-0.012949
0.11698,-0.33048,-0.012755
0.10601,-0.38414,-0.012134
0.094489,-0.44296,-0.011075
0.082394,-0.5071,-0.0095624
0.099793,-0.46671,0.0020737
0.11769,-0.42842,0.019721
0.13636,-0.39192,0.057378
0.15573,-0.35705,0.11101
0.17577,-0.32369,0.17817
0.19647,-0.29175,0.25726
0.2178,-0.26115,0.34711
0.23976,-0.23182,0.44689
0.26232,-0.20372,0.55579
0.28548,-0.17682,0.67322
0.28033,-0.19953,0.70393
0.275,-0.22382,0.73889
0.26948,-0.24973,0.77642
0.26374,-0.2773,0.81548
0.25776,-0.30656,0.85509
0.25157,-0.33754,0.89472
0.24515,-0.37029,0.9337
0.23847,-0.40483,0.97183
0.23151,-0.44119,1.0087
0.22426,-0.4794,1.0442
0.22519,-0.45458,0.92281
0.22659,-0.42982,0.82582
0.22828,-0.40551,0.74297
0.23015,-0.38185,0.66954
0.23217,-0.35893,0.60293
0.2343,-0.3368,0.54182
0.23653,-0.31546,0.48535
0.23884,-0.29496,0.43303
0.24121,-0.27527,0.38448
0.24362,-0.25642,0.33944
0.21346,-0.2607,0.26598
0.18604,-0.26415,0.21081
0.161,-0.26709,0.16785
0.13807,-0.26966,0.13361
0.11706,-0.27198,0.10599
0.097792,-0.2741,0.08356
0.080131,-0.27608,0.065382
0.063958,-0.27796,0.050748
0.049172,-0.27975,0.039153
0.035684,-0.28148,0.030184
0.038209,-0.28695,0.064089
0.040981,-0.29192,0.11236
0.043965,-0.29666,0.17194
0.047123,-0.30135,0.24062
0.050425,-0.3061,0.31689
0.053839,-0.31103,0.39963
0.057341,-0.31619,0.48811
0.060901,-0.32164,0.58178
0.064499,-0.32743,0.68024
0.068106,-0.3336,0.78322
0.075942,-0.28651,0.84461
0.083273,-0.24351,0.90842
0.090115,-0.20439,0.97396
0.096472,-0.16901,1.0408
0.10236,-0.1372,1.1086
0.10777,-0.10887,1.1771
0.11272,-0.083885,1.246
0.11721,-0.062177,1.3152
0.12125,-0.04366,1.3845
0.12483,-0.028273,1.4537
0.13879,-0.025829,1.3516
0.15301,-0.024064,1.2716
0.16744,-0.023177,1.2052
0.18205,-0.023259,1.1478
0.19683,-0.02434,1.0964
0.21178,-0.02643,1.0495
0.22689,-0.02952,1.006
0.24216,-0.0336,0.96508
0.25759,-0.038641,0.9263
0.27339,-0.043374,0.88932
0.2731,-0.045316,0.73956
0.27227,-0.046341,0.61679
0.27092,-0.046647,0.51346
0.26914,-0.04638,0.42509
0.26692,-0.045649,0.3489
0.26429,-0.044543,0.28293
0.26126,-0.043139,0.22588
0.25787,-0.041503,0.17672
0.25413,-0.039692,0.1347
0.25009,-0.03776,0.099167
0.277,-0.047292,0.1011
0.30564,-0.056063,0.10187
0.33601,-0.064051,0.10165
0.36813,-0.071236,0.10056
0.40182,-0.078549,0.098757
0.43683,-0.087346,0.096271
0.47317,-0.097667,0.093241
0.5108,-0.10954,0.089724
0.54974,-0.12299,0.085825
0.58995,-0.13804,0.081572
0.56011,-0.13191,0.1024
0.53232,-0.12634,0.12578
0.50639,-0.1213,0.15181
0.48213,-0.1168,0.18047
0.45939,-0.11281,0.21185
0.43804,-0.10933,0.24594
0.41794,-0.10634,0.2828
0.399,-0.10383,0.32243
0.38113,-0.10179,0.36487
0.36425,-0.10015,0.41013
0.32031,-0.090136,0.36078
0.28038,-0.081172,0.31854
0.24412,-0.073139,0.28159
0.21124,-0.065941,0.2488
0.18147,-0.05952,0.21944
0.1546,-0.053813,0.19298
0.13042,-0.048773,0.16905
0.10874,-0.044354,0.14736
0.089409,-0.040517,0.1277
0.072264,-0.037225,0.10987
0.092766,-0.043992,0.11823
0.11628,-0.05158,0.12629
0.14291,-0.060029,0.1339
0.17277,-0.069369,0.14094
0.20595,-0.079639,0.14731
0.24252,-0.090871,0.15296
0.28255,-0.1031,0.15786
0.32609,-0.11636,0.16201
0.37317,-0.13068,0.16545
0.42382,-0.14609,0.16819
0.40776,-0.1362,0.22067
0.3922,-0.12715,0.27631
0.37712,-0.11893,0.33502
0.36249,-0.11158,0.39675
0.34829,-0.1051,0.46147
0.3345,-0.099493,0.52913
0.32111,-0.094761,0.59967
0.3081,-0.090892,0.67305
0.29545,-0.087879,0.74915
0.28317,-0.085616,0.82792
0.24569,-0.073249,0.70564
0.21211,-0.063324,0.60595
0.18184,-0.0556,0.52143
0.15449,-0.049877,0.4481
0.12975,-0.046033,0.38352
0.10735,-0.043975,0.32619
0.08709,-0.04364,0.2751
0.068782,-0.04497,0.22952
0.052266,-0.047919,0.18893
0.037388,-0.052444,0.15293
0.043353,-0.048492,0.19146
0.049544,-0.044663,0.23247
0.055947,-0.040964,0.27561
0.06254,-0.037411,0.32049
0.069309,-0.034024,0.36686
0.076233,-0.030824,0.41445
0.083297,-0.027836,0.4631
0.090482,-0.025081,0.51268
0.097773,-0.022586,0.56309
0.10515,-0.020371,0.61427
0.10858,-0.020175,0.55843
0.11227,-0.020231,0.51412
0.11613,-0.020511,0.47784
0.12012,-0.020995,0.44743
0.1242,-0.02167,0.42137
0.12835,-0.022525,0.39869
0.13257,-0.023551,0.37865
0.13683,-0.02474,0.36073
0.14116,-0.025964,0.34456
0.14559,-0.027145,0.32982
0.16549,-0.031002,0.29754
0.18746,-0.032963,0.26906
0.21155,-0.033047,0.2436
0.23782,-0.031271,0.22059
0.26632,-0.027633,0.19963
0.29712,-0.022147,0.18042
0.33027,-0.014794,0.16274
0.3658,-0.0055632,0.1464
0.40375,0.0055635,0.13129
0.44415,0.018597,0.1173
0.44136,0.026808,0.06425
0.43937,0.035683,0.027861
0.43802,0.045151,0.0051615
0.43721,0.055167,-0.0058311
0.43683,0.065632,-0.0083368
0.43668,0.076064,-0.017016
0.43671,0.086414,-0.034164
0.43692,0.096736,-0.059118
0.43732,0.10708,-0.091292
0.4379,0.11748,-0.13019
0.42753,0.093495,-0.084003
0.4172,0.071021,-0.053367
0.407,0.050134,-0.032481
0.39695,0.030841,-0.018328
0.3871,0.01312,-0.0091707
0.37747,-0.0030587,-0.0039904
0.36807,-0.017733,-0.002124
0.35893,-0.030872,-0.00041429
0.35007,-0.042467,0.0037119
0.34151,-0.052575,0.010043
0.36828,-0.047106,0.017757
0.39651,-0.040272,0.028184
0.4262,-0.032057,0.041583
0.45739,-0.022445,0.058156
0.49007,-0.011432,0.078082
0.52426,0.00098463,0.10149
0.55995,0.014801,0.12848
0.59714,0.030007,0.15915
0.63583,0.04659,0.19355
0.67601,0.06453,0.23175
0.67021,0.052449,0.18595
0.66544,0.040742,0.1422
0.66164,0.029399,0.10241
0.65874,0.018396,0.067774
0.65667,0.0076993,0.039036
0.65539,-0.0027277,0.016706
0.65483,-0.012925,0.0011555
0.65496,-0.022932,-0.0073431
0.6557,-0.032785,-0.0097033
0.65688,-0.042467,-0.016857
0.61104,-0.041021,-0.0093049
0.56816,-0.039061,-0.0015003
0.52812,-0.036799,0.017596
0.49067,-0.034356,0.046051
0.45557,-0.03183,0.082695
0.42267,-0.029304,0.12674
0.3918,-0.026845,0.17764
0.36284,-0.024509,0.23495
0.33568,-0.022342,0.29832
0.31023,-0.020375,0.36748
0.32823,-0.010904,0.2763
0.34696,-0.00070021,0.20793
0.3664,0.010276,0.15504
0.38654,0.022056,0.11331
0.40738,0.034657,0.08004
0.42894,0.048094,0.053445
0.45121,0.062378,0.032319
0.4742,0.077518,0.015806
0.4979,0.093524,0.00329
0.52233,0.1104,-0.0057048
0.49228,0.093214,-0.007372
0.46317,0.077151,-0.0090459
0.43498,0.06219,-0.010379
0.40774,0.048309,-0.011192
0.38145,0.035495,-0.011394
0.3561,0.023733,-0.011154
0.33168,0.013024,-0.01139
0.30817,0.0033549,-0.012213
0.28558,-0.005288,-0.013615
0.26392,-0.012917,-0.015584
0.25862,-0.0079311,-0.015543
0.25355,-0.0030006,-0.015578
0.2487,0.001876,-0.015671
0.24406,0.0066995,-0.015808
0.23962,0.011472,-0.015978
0.23537,0.016193,-0.016174
0.23131,0.020865,-0.016389
0.22742,0.025487,-0.016615
0.2237,0.030062,-0.016847
0.22014,0.03459,-0.017079
0.23049,0.035385,-0.025981
0.24106,0.036163,-0.036014
0.25189,0.036919,-0.046483
0.26299,0.037648,-0.056932
0.27438,0.038346,-0.067072
0.28604,0.03901,-0.076728
0.298,0.039636,-0.085795
0.31023,0.040222,-0.094218
0.32274,0.040765,-0.10196
0.33553,0.041263,-0.10901
0.37258,0.032735,-0.056302
0.41033,0.023502,-0.027682
0.44914,0.013345,-0.016817
0.48943,0.0021585,-0.014547
0.53189,-0.0099864,-0.0022968
0.57655,-0.02313,0.019946
0.62335,-0.037294,0.051176
0.67225,-0.052483,0.090727
0.72317,-0.068685,0.13813
0.77607,-0.085887,0.19302
0.66715,-0.042245,0.070242
0.57409,-0.0031494,0.0087551
0.4939,0.031974,-0.014468
0.42427,0.063497,-0.019244
0.36273,0.091429,-0.043877
0.30825,0.11616,-0.089038
0.2601,0.13803,-0.15273
0.21773,0.15731,-0.2335
0.18072,0.17423,-0.3302
0.1488,0.18891,-0.44182
0.16639,0.20385,-0.28475
0.18244,0.2183,-0.17909
0.19761,0.23256,-0.10677
0.21229,0.24683,-0.058288
0.22671,0.2612,-0.028165
0.24103,0.27577,-0.01302
0.25539,0.29061,-0.0098479
0.2703,0.30588,-0.0019006
0.28594,0.32166,0.016207
0.30228,0.33796,0.043688
0.32316,0.32599,0.03354
0.34567,0.31327,0.026106
0.36977,0.29978,0.020375
0.39544,0.28553,0.015738
0.42268,0.27051,0.011812
0.45147,0.2547,0.0083581
0.48182,0.23809,0.0052252
0.51371,0.22069,0.0023206
0.54715,0.20247,-0.00041299
0.58213,0.18344,-0.0030064
0.54868,0.21357,-0.005318
0.51774,0.24309,-0.0054089
0.48922,0.272,-0.0042169
0.46301,0.30033,-0.0020723
0.43904,0.3281,0.00093185
0.41724,0.35534,0.0047989
0.39754,0.38204,0.0095769
0.3799,0.40824,0.015333
0.36427,0.43394,0.022149
0.3506,0.45916,0.030109
0.33009,0.4158,0.0024213
0.31182,0.37491,-0.010201
0.2955,0.33627,-0.012231
0.28064,0.29953,-0.019519
0.26703,0.26452,-0.035415
0.25461,0.23117,-0.05899
0.2433,0.1994,-0.089539
0.23302,0.16915,-0.12649
0.22372,0.14038,-0.16937
0.21534,0.11304,-0.21775
0.20781,0.15578,-0.19165
0.20322,0.20024,-0.17329
0.20174,0.24642,-0.15997
0.20349,0.2943,-0.15007
0.20855,0.34388,-0.14251
0.21697,0.39515,-0.1366
0.22877,0.4481,-0.13186
0.24398,0.50272,-0.12795
0.26259,0.55901,-0.12464
0.28462,0.61694,-0.12176
0.27642,0.57921,-0.094795
0.27296,0.54172,-0.073515
0.27399,0.50428,-0.056545
0.27933,0.46671,-0.043031
0.28879,0.42886,-0.032401
0.30225,0.39057,-0.024263
0.3196,0.35172,-0.018335
0.34075,0.31218,-0.014413
0.36565,0.27185,-0.012343
0.39425,0.23066,-0.011464
0.39782,0.20045,-0.0092014
0.40176,0.17105,-0.0060056
0.40606,0.14245,-0.0022414
0.41072,0.11465,0.0018732
0.41572,0.087642,0.0061962
0.42106,0.061427,0.010632
0.42675,0.036004,0.015108
0.43279,0.01137,0.019569
0.43917,-0.012473,0.023966
0.4459,-0.03553,0.028259
0.37865,-0.021036,0.024354
0.31976,-0.0090206,0.02288
0.26828,0.00082076,0.022772
0.22338,0.0087513,0.023516
0.18437,0.015002,0.02484
0.15062,0.019773,0.026599
0.1216,0.023242,0.028707
0.096839,0.025565,0.031119
0.075899,0.02688,0.033805
0.058399,0.027312,0.036755
0.072864,0.03741,0.018327
0.089361,0.049382,0.0056964
0.108,0.06328,-0.0014308
0.12887,0.079147,-0.003639
0.15197,0.096885,-0.0079254
0.17736,0.11649,-0.016853
0.20512,0.13802,-0.030045
0.23531,0.1615,-0.047127
0.26798,0.18699,-0.067748
0.30318,0.21449,-0.091587
0.32224,0.21627,-0.084575
0.34177,0.21781,-0.080669
0.36178,0.21915,-0.078878
0.38227,0.22029,-0.078573
0.4032,0.22126,-0.07933
0.42455,0.22206,-0.080866
0.4463,0.22272,-0.082983
0.46841,0.22323,-0.085548
0.49086,0.22363,-0.088465
0.51361,0.22391,-0.091675
0.50648,0.19311,-0.048547
0.50043,0.16314,-0.023141
0.49542,0.134,-0.010355
0.49139,0.1057,-0.0070027
0.48843,0.078318,-0.001155
0.48652,0.051853,0.011518
0.4856,0.026252,0.030252
0.48563,0.0014705,0.054472
0.48656,-0.022526,0.083734
0.48837,-0.04577,0.11767
0.47352,-0.011703,0.11619
0.46058,0.022933,0.11912
0.44947,0.058153,0.12508
0.44013,0.093969,0.13329
0.4325,0.13039,0.14323
0.42653,0.16743,0.15462
0.42219,0.2051,0.16723
0.41945,0.2434,0.18095
0.41827,0.28234,0.19568
0.41865,0.32192,0.21139
0.37418,0.33081,0.19946
0.33483,0.33693,0.18264
0.30026,0.34049,0.16327
0.27021,0.34165,0.14283
0.24439,0.34058,0.12228
0.22258,0.33741,0.10227
0.20454,0.33227,0.083264
0.19011,0.32526,0.065603
0.17909,0.31649,0.049558
0.17136,0.30603,0.035334
0.16479,0.29392,0.020231
0.15847,0.28219,0.01062
0.15237,0.27082,0.0045314
0.14645,0.25979,0.00076785
0.1407,0.24909,-0.0014182
0.13511,0.23871,-0.0025175
0.12966,0.22862,-0.0028538
0.12433,0.21884,-0.0029542
0.11913,0.20934,-0.003419
0.11403,0.20012,-0.0041516
0.11639,0.2033,-0.00474
0.11861,0.2066,-0.0053019
0.12097,0.20984,-0.0058212
0.12355,0.21299,-0.0062871
0.12634,0.21604,-0.0066901
0.12935,0.21899,-0.0070265
0.13258,0.22183,-0.0072929
0.13605,0.22456,-0.0074902
0.13974,0.22718,-0.0076191
0.14366,0.22969,-0.0076837
0.17069,0.26127,-0.005357
0.20146,0.2944,-0.0055949
0.23613,0.32909,-0.0054352
0.27484,0.36529,-0.0045281
0.31765,0.40298,-0.0034335
0.36463,0.44211,-0.0025252
0.41584,0.48263,-0.0020218
0.47131,0.5245,-0.0020356
0.53104,0.56766,-0.0026061
0.59504,0.61209,-0.003742
0.56016,0.57627,0.00021344
0.52683,0.54226,0.0079177
0.49499,0.50994,0.019212
0.46457,0.47922,0.0341
0.43552,0.45002,0.052577
0.40778,0.42225,0.074617
0.3813,0.39584,0.10019
0.35603,0.37072,0.12927
0.33194,0.34684,0.16182
0.30898,0.32413,0.19785
0.28383,0.29468,0.20451
0.2604,0.26744,0.21056
0.23856,0.24224,0.21617
0.21821,0.21895,0.22147
0.19926,0.19744,0.2265
0.18162,0.17758,0.23136
0.1652,0.15927,0.23603
0.14994,0.14241,0.24058
0.13576,0.12691,0.24501
0.12259,0.11266,0.24935
0.10187,0.082933,0.25159
0.084147,0.057742,0.2526
0.069243,0.036813,0.25261
0.056995,0.01989,0.25185
0.047254,0.0067463,0.25044
0.039887,-0.0028178,0.24851
0.034784,-0.0089669,0.24611
0.031853,-0.011831,0.24334
0.030582,-0.012198,0.24025
0.027888,-0.014867,0.23705
0.02235,-0.0081092,0.23179
0.017045,-0.0034246,0.22599
0.012431,-9.1075e-05,0.21974
0.0096328,0.0036457,0.21311
0.0086915,0.0078429,0.20618
0.0095944,0.012475,0.19901
0.012306,0.01756,0.19168
0.015428,0.024025,0.18423
0.018257,0.032381,0.17669
0.02083,0.042671,0.16909
0.020326,0.039669,0.18891
0.019798,0.036826,0.20949
0.019245,0.034143,0.23079
0.018667,0.031618,0.25281
0.018065,0.029254,0.27552
0.017442,0.027051,0.2989
0.016802,0.025012,0.32293
0.016149,0.023138,0.34761
0.015489,0.021434,0.37289
0.014825,0.0199,0.39878
0.0088845,0.014291,0.37194
0.0027294,0.012216,0.34943
-0.0037171,0.013528,0.32995
-0.01124,0.017043,0.31271
-0.021754,0.019923,0.2972
-0.035379,0.022013,0.28302
-0.052159,0.023274,0.26987
-0.072156,0.023644,0.25757
-0.095441,0.023042,0.24599
-0.12209,0.021376,0.23503
-0.11676,0.029548,0.24816
-0.11185,0.036982,0.26113
-0.10736,0.043679,0.27404
-0.10331,0.049638,0.28699
-0.099687,0.054858,0.30002
-0.096512,0.05934,0.31319
-0.093786,0.063084,0.32653
-0.091517,0.066089,0.34008
-0.089711,0.068358,0.35386
-0.088372,0.06989,0.36789
-0.078068,0.061047,0.29293
-0.069146,0.053528,0.23388
-0.061399,0.047084,0.18638
-0.054657,0.041535,0.14764
-0.048778,0.036741,0.11582
-0.043641,0.032589,0.089598
-0.039147,0.028989,0.068019
-0.035209,0.025863,0.05035
-0.031753,0.023147,0.036038
-0.028716,0.020783,0.024621
-0.02654,0.017669,0.019452
-0.025287,0.0137,0.014772
-0.024927,0.0088756,0.010682
-0.025439,0.0031885,0.0072397
-0.026813,-0.0033778,0.0044919
-0.029051,-0.010846,0.002459
-0.032165,-0.019241,0.0011534
-0.036176,-0.028592,0.0005739
-0.041113,-0.038927,0.00047135
-0.047015,-0.050278,-0.00021848
-0.048859,-0.050512,0.003382
-0.050706,-0.050652,0.01814
-0.052515,-0.050759,0.045229
-0.054262,-0.050897,0.084388
-0.055928,-0.05112,0.13542
-0.057507,-0.051472,0.19803
-0.059004,-0.05199,0.27176
-0.060432,-0.052698,0.35605
-0.061814,-0.053615,0.45022
-0.063176,-0.054753,0.55365
-0.045694,-0.050508,0.49862
-0.033899,-0.044114,0.45183
-0.026508,-0.036312,0.41056
-0.016826,-0.031936,0.37331
-0.003677,-0.031734,0.3391
0.012904,-0.035581,0.30737
0.032916,-0.043404,0.27772
0.056388,-0.055184,0.24993
0.083367,-0.070949,0.22383
0.11392,-0.09077,0.19932
0.12425,-0.098315,0.21712
0.13511,-0.10644,0.23377
0.14651,-0.11515,0.24925
0.15843,-0.12443,0.26357
0.17085,-0.13427,0.27676
0.18378,-0.14468,0.28889
0.19719,-0.15563,0.30001
0.21113,-0.16705,0.3102
0.22566,-0.17884,0.31951
0.24075,-0.19099,0.32798
0.25722,-0.20253,0.28574
0.2745,-0.21415,0.25315
0.29262,-0.22584,0.22721
0.31159,-0.23761,0.20605
0.33142,-0.24945,0.18839
0.35211,-0.26138,0.17338
0.37369,-0.27338,0.16042
0.39615,-0.28548,0.14907
0.4195,-0.29768,0.13903
0.44376,-0.30999,0.13007
0.44574,-0.32497,0.1297
0.44867,-0.33858,0.13029
0.45254,-0.35085,0.13169
0.45736,-0.36182,0.13381
0.46312,-0.3715,0.13658
0.46983,-0.37992,0.13994
0.47725,-0.38738,0.14388
0.48391,-0.39573,0.14831
0.48953,-0.40532,0.15322
0.49413,-0.41614,0.1586
0.47502,-0.39816,0.15429
0.45641,-0.38096,0.14815
0.43823,-0.36452,0.14098
0.42045,-0.34883,0.13327
0.40301,-0.33387,0.12533
0.3859,-0.31963,0.11733
0.36907,-0.30608,0.10939
0.35287,-0.29276,0.10161
0.33743,-0.27946,0.09407
0.32275,-0.26616,0.086784
0.31022,-0.25629,0.07894
0.29801,-0.24674,0.073017
0.28613,-0.23748,0.068456
0.27458,-0.2285,0.064881
0.26335,-0.21977,0.062058
0.25242,-0.21129,0.059811
0.24181,-0.20304,0.058033
0.23149,-0.19501,0.056633
0.22146,-0.18718,0.055558
0.21172,-0.17955,0.054758
0.21025,-0.17952,0.064452
0.20894,-0.17922,0.072924
0.20741,-0.17912,0.080195
0.20561,-0.17928,0.086347
0.20354,-0.17967,0.091496
0.2012,-0.18031,0.095753
0.19859,-0.18117,0.099227
0.19572,-0.18227,0.10201
0.19258,-0.18359,0.1042
0.18919,-0.18514,0.10584
0.1874,-0.19752,0.23035
0.18375,-0.21176,0.39496
0.17825,-0.22786,0.59467
0.17099,-0.24583,0.82473
0.16205,-0.26572,1.0809
0.15153,-0.28758,1.3601
0.13955,-0.31148,1.6597
0.12621,-0.3375,1.9781
0.11161,-0.36568,2.3129
0.095871,-0.39607,2.6625
0.075161,-0.33739,1.9518
0.057501,-0.29031,1.4955
0.042802,-0.25042,1.1563
0.030703,-0.21594,0.8887
0.020842,-0.18585,0.67189
0.012908,-0.15949,0.49512
0.0066355,-0.13638,0.35166
0.0017974,-0.11615,0.23692
-0.0018003,-0.098477,0.1476
-0.004328,-0.083111,0.08102
-0.013784,-0.087617,0.1028
-0.023585,-0.092745,0.12593
-0.033726,-0.098509,0.1502
-0.044201,-0.10492,0.17532
-0.055003,-0.11201,0.20118
-0.066128,-0.11977,0.22757
-0.07757,-0.12823,0.25444
-0.089325,-0.13741,0.28169
-0.10139,-0.14731,0.30932
-0.11376,-0.15794,0.33727
-0.11648,-0.16239,0.36691
-0.11924,-0.16685,0.39518
-0.12205,-0.17134,0.42227
-0.12491,-0.17584,0.44833
-0.12783,-0.18037,0.47352
-0.13083,-0.1849,0.49799
-0.13389,-0.18946,0.52187
-0.13703,-0.19402,0.54523
-0.14025,-0.19861,0.56815
-0.14355,-0.2032,0.59071
-0.12154,-0.19886,0.54065
-0.096072,-0.19886,0.50083
-0.067336,-0.203,0.46773
-0.035471,-0.21113,0.43923
-0.0005553,-0.22319,0.41396
0.037368,-0.23913,0.39103
0.078286,-0.25896,0.3698
0.1222,-0.28269,0.34984
0.16913,-0.31035,0.33086
0.21909,-0.34196,0.31262
0.21984,-0.32694,0.40745
0.22037,-0.31265,0.50162
0.22066,-0.29909,0.59524
0.22072,-0.28624,0.68871
0.22056,-0.2741,0.78249
0.22018,-0.26268,0.877
0.21958,-0.25195,0.97248
0.21874,-0.24191,1.0692
0.21766,-0.23254,1.1671
0.21631,-0.22384,1.2664
0.22197,-0.24728,1.1098
0.22676,-0.27377,0.98529
0.2304,-0.30306,0.88086
0.23276,-0.33502,0.79008
0.23374,-0.36959,0.70909
0.23332,-0.40672,0.63568
0.23143,-0.44641,0.56838
0.22806,-0.48865,0.50628
0.22318,-0.53343,0.44878
0.21676,-0.58076,0.39544
0.26502,-0.58033,0.31307
0.31269,-0.58337,0.24838
0.35968,-0.58964,0.19571
0.40596,-0.59897,0.15181
0.45153,-0.61126,0.11481
0.49639,-0.62642,0.083404
0.54055,-0.64439,0.056776
0.58403,-0.66512,0.034254
0.62682,-0.68856,0.015384
0.66894,-0.71467,-0.00027623
0.63844,-0.68155,0.016597
0.60962,-0.65021,0.031081
0.58236,-0.62052,0.043759
0.55654,-0.59237,0.055147
0.53203,-0.56565,0.065693
0.50876,-0.54024,0.075646
0.48661,-0.51607,0.085221
0.46551,-0.49305,0.094503
0.44538,-0.4711,0.10359
0.42614,-0.45015,0.11251
0.45027,-0.48307,0.081886
0.47454,-0.51768,0.059356
0.49886,-0.55393,0.042174
0.52319,-0.5918,0.028623
0.54746,-0.63126,0.017639
0.57161,-0.67226,0.0085091
0.59559,-0.71477,0.00078422
0.61934,-0.75874,-0.0058658
0.64281,-0.80414,-0.011648
0.66595,-0.85091,-0.01675
0.71459,-0.92013,-0.02255
0.76467,-0.99213,-0.029249
0.8162,-1.0669,-0.036021
0.86916,-1.1444,-0.042398
0.92353,-1.2247,-0.04812
0.9793,-1.3076,-0.053093
1.0365,-1.3933,-0.057276
1.095,-1.4815,-0.06148
1.1548,-1.5724,-0.066763
1.2159,-1.6657,-0.07313
1.1573,-1.5646,-0.065562
1.1023,-1.4714,-0.055919
1.0507,-1.3852,-0.040486
1.002,-1.3053,-0.020703
0.95582,-1.2309,0.0026958
0.91199,-1.1615,0.029176
0.87026,-1.0965,0.058343
0.83041,-1.0355,0.089857
0.79232,-0.97825,0.12346
0.75582,-0.92429,0.15892
0.74794,-0.90882,0.090472
0.74051,-0.89417,0.043523
0.73331,-0.88011,0.0098246
0.72623,-0.86655,-0.014407
0.71922,-0.85342,-0.031079
0.71225,-0.84071,-0.041266
0.70532,-0.82839,-0.045632
0.69833,-0.81636,-0.04737
0.69104,-0.80441,-0.053709
0.68344,-0.79252,-0.064755
0.70832,-0.8123,-0.053419
0.73204,-0.83267,-0.05098
0.75483,-0.85377,-0.051668
0.77695,-0.87581,-0.04818
0.79842,-0.89876,-0.040909
0.81924,-0.92259,-0.030275
0.83972,-0.94701,-0.016544
0.86093,-0.97106,7.2196e-05
0.88296,-0.99466,0.019408
0.90577,-1.0178,0.041307
0.86965,-0.98584,0.030013
0.83755,-0.95391,0.02132
0.80765,-0.92322,0.013967
0.77735,-0.89567,0.0074002
0.7466,-0.87103,0.001358
0.71536,-0.84908,-0.0042808
0.68364,-0.82962,-0.0095678
0.6514,-0.81249,-0.014526
0.61864,-0.79751,-0.01916
0.58534,-0.78458,-0.023471
0.55505,-0.75708,-0.030557
0.52615,-0.73129,-0.034965
0.49849,-0.70702,-0.037831
0.47193,-0.68413,-0.039736
0.44638,-0.66253,-0.040995
0.42175,-0.64211,-0.041791
0.39795,-0.6228,-0.042241
0.37493,-0.60453,-0.042422
0.35262,-0.58722,-0.042386
0.33097,-0.57084,-0.042175
0.30738,-0.52352,-0.038934
0.28574,-0.47985,-0.035732
0.26584,-0.43952,-0.032568
0.24749,-0.40227,-0.029434
0.23052,-0.36787,-0.026319
0.2148,-0.3361,-0.023211
0.20019,-0.30678,-0.020099
0.18657,-0.27973,-0.016969
0.17384,-0.25481,-0.01381
0.16191,-0.23186,-0.010605
0.15707,-0.2193,-0.016075
0.15195,-0.20736,-0.019364
0.14661,-0.19602,-0.020553
0.14108,-0.18524,-0.020205
0.13525,-0.17479,-0.021321
0.12913,-0.16462,-0.024356
0.12278,-0.15471,-0.029275
0.11624,-0.14506,-0.036044
0.10953,-0.13564,-0.044635
0.1027,-0.12645,-0.055018
0.10504,-0.12723,-0.042844
0.11096,-0.12468,-0.033638
0.12121,-0.11833,-0.026696
0.13589,-0.10824,-0.021566
0.15511,-0.094434,-0.017957
0.17895,-0.076896,-0.015669
0.20754,-0.055608,-0.014559
0.24101,-0.030596,-0.013786
0.27953,-0.0019352,-0.011844
0.32317,0.030412,-0.008739
0.32206,0.0087569,-0.013733
0.3217,-0.013333,-0.01603
0.32193,-0.035614,-0.018811
0.32271,-0.058012,-0.023028
0.32405,-0.080556,-0.028349
0.32597,-0.10326,-0.034559
0.32846,-0.12615,-0.041518
0.33154,-0.14922,-0.049128
0.3352,-0.17249,-0.05732
0.33945,-0.19595,-0.066038
0.3057,-0.1988,-0.044882
0.2758,-0.20027,-0.03299
0.24943,-0.20065,-0.026568
0.22629,-0.20012,-0.023583
0.20614,-0.19885,-0.021885
0.18879,-0.19702,-0.018913
0.17399,-0.19462,-0.014971
0.16153,-0.19163,-0.010342
0.15121,-0.18801,-0.0052214
0.14289,-0.18377,0.00025708
0.13629,-0.17355,-3.9245e-05
0.12996,-0.16326,0.0010485
0.12394,-0.1529,0.0031961
0.11823,-0.1425,0.0062573
0.11287,-0.13208,0.010172
0.10788,-0.12167,0.014934
0.10327,-0.11131,0.020555
0.099081,-0.10101,0.027065
0.095317,-0.090815,0.034492
0.092001,-0.080741,0.042872
0.079314,-0.060271,0.054838
0.068799,-0.042488,0.067187
0.060271,-0.027161,0.079971
0.053568,-0.014092,0.093245
0.04856,-0.0031216,0.10705
0.045145,0.0058769,0.12143
0.043249,0.012991,0.13642
0.042827,0.018273,0.15204
0.043858,0.021742,0.16833
0.046165,0.02363,0.18532
0.037152,0.017705,0.17731
0.029107,0.012657,0.16837
0.022125,0.0083004,0.15875
0.01621,0.0045764,0.14869
0.011346,0.0014566,0.13837
0.0075158,-0.001083,0.12796
0.0047018,-0.0030653,0.11756
0.0028881,-0.0045101,0.1073
0.0020605,-0.0054356,0.097268
0.0021695,-0.0058829,0.087534
0.0013543,-0.0048166,0.090888
0.0006572,-0.0039052,0.094195
7.6573e-05,-0.0031473,0.097461
-0.0003891,-0.0025411,0.10069
-0.00074104,-0.002086,0.10389
-0.00098015,-0.0017806,0.10706
-0.0011734,-0.0015307,0.11021
-0.0014797,-0.0011071,0.11335
-0.001905,-0.00050019,0.11646
-0.0024478,0.00029012,0.11955
-0.0024497,0.00055944,0.114
-0.0024333,0.00080807,0.1085
-0.002399,0.0010356,0.10304
-0.002347,0.0012425,0.097643
-0.0022779,0.0014288,0.092319
-0.0021918,0.0015951,0.087076
-0.0020896,0.0017417,0.081922
-0.0019714,0.0018696,0.076867
-0.001838,0.0019793,0.071918
-0.0016897,0.002072,0.067083
-0.0015455,0.0014391,0.076089
-0.00041383,-0.00044283,0.085861
0.0028988,-0.0053245,0.096145
0.0085696,-0.013747,0.10678
0.016903,-0.026323,0.11775
0.028296,-0.043705,0.12915
0.043164,-0.066595,0.14117
0.061934,-0.095718,0.15406
0.085027,-0.13181,0.16813
0.11286,-0.17558,0.18366
0.11181,-0.17172,0.12783
0.11031,-0.16778,0.084689
0.10839,-0.16375,0.052493
0.10608,-0.15962,0.029987
0.10339,-0.15538,0.016246
0.10035,-0.151,0.010561
0.097331,-0.14651,0.0081915
0.094758,-0.14234,-0.00085188
0.09262,-0.13853,-0.016642
0.090898,-0.13509,-0.038882
0.099659,-0.15027,-0.019454
0.10942,-0.16645,-0.0046362
0.12021,-0.1837,0.0062276
0.13202,-0.20212,0.013606
0.14439,-0.22209,0.017872
0.15722,-0.24366,0.020653
0.17044,-0.26658,0.026046
0.18406,-0.2909,0.03416
0.1981,-0.31666,0.044877
0.21254,-0.3439,0.058069
0.22671,-0.36837,0.048007
0.24123,-0.39338,0.041681
0.25611,-0.41896,0.038355
0.27136,-0.44515,0.03748
0.28698,-0.47198,0.038637
0.30299,-0.49964,0.039298
0.3194,-0.52819,0.038326
0.33618,-0.55761,0.035872
0.35331,-0.58787,0.032078
0.37079,-0.61895,0.027039
0.34718,-0.57771,-0.000114
0.32486,-0.53959,-0.031779
0.30366,-0.50423,-0.066834
0.28345,-0.47135,-0.10471
0.26411,-0.44072,-0.14502
0.24553,-0.41213,-0.18755
0.22764,-0.38542,-0.23205
0.21035,-0.36043,-0.27839
0.19361,-0.33703,-0.32634
0.1777,-0.31486,-0.37581
0.19121,-0.33638,-0.34505
0.20392,-0.35973,-0.31797
0.21546,-0.38507,-0.29335
0.22584,-0.41234,-0.27049
0.23503,-0.44153,-0.24883
0.24302,-0.4726,-0.2281
0.24978,-0.50557,-0.20806
0.2553,-0.5404,-0.18865
0.25954,-0.5771,-0.16978
0.26248,-0.61566,-0.1515
0.2199,-0.57747,-0.10405
0.17793,-0.54417,-0.072112
0.13637,-0.51503,-0.049457
0.095049,-0.48955,-0.032829
0.05383,-0.46739,-0.020381
0.012588,-0.44825,-0.011001
-0.028786,-0.43192,-0.0039792
-0.070387,-0.41822,0.0011577
-0.1123,-0.40701,0.0047376
-0.15459,-0.39815,0.0069892
-0.11046,-0.37616,-0.001923
-0.069982,-0.35662,-0.013805
-0.033034,-0.3394,-0.02774
0.00047895,-0.32441,-0.043318
0.030635,-0.31154,-0.060354
0.0575,-0.30072,-0.078752
0.081129,-0.29188,-0.098461
0.10157,-0.28494,-0.11943
0.11885,-0.27984,-0.14163
0.13301,-0.27653,-0.16499
0.11003,-0.23627,-0.13576
0.089633,-0.20093,-0.11197
0.071563,-0.16999,-0.09214
0.055579,-0.14301,-0.075379
0.041464,-0.1196,-0.06109
0.029026,-0.099414,-0.048865
0.018086,-0.082154,-0.038418
0.0084866,-0.067538,-0.029528
7.9896e-05,-0.055313,-0.022035
-0.0072664,-0.045249,-0.015808
-0.0071353,-0.046146,-0.012961
-0.0069847,-0.047019,-0.010532
-0.0068167,-0.047868,-0.0084974
-0.0066332,-0.048693,-0.006832
-0.0064362,-0.049493,-0.0055188
-0.0062275,-0.050267,-0.00454
-0.0060088,-0.051017,-0.0038835
-0.0057819,-0.051741,-0.0035365
-0.0055484,-0.052439,-0.0034902
-0.0053079,-0.053126,-0.0035438
-0.012984,-0.062096,-0.0046039
-0.022083,-0.072113,-0.0069587
-0.032621,-0.083196,-0.010699
-0.044616,-0.095374,-0.015711
-0.058083,-0.10868,-0.021896
-0.073039,-0.12314,-0.029152
-0.089503,-0.13879,-0.037396
-0.10749,-0.15564,-0.046543
-0.12703,-0.17373,-0.056531
-0.14813,-0.19306,-0.067299
-0.10172,-0.16603,-0.055364
-0.063189,-0.14275,-0.046233
-0.031878,-0.12297,-0.039109
-0.0071838,-0.10643,-0.033479
0.01144,-0.092893,-0.028998
0.024487,-0.082141,-0.025411
0.032397,-0.073985,-0.022535
0.035535,-0.068273,-0.020223
0.034877,-0.064534,-0.018333
0.036996,-0.059385,-0.016522
0.03726,-0.063151,-0.01428
0.037756,-0.066879,-0.012244
0.038486,-0.070565,-0.010435
0.039449,-0.074209,-0.0088673
0.040644,-0.077809,-0.0075576
0.042073,-0.081362,-0.0065192
0.043688,-0.084893,-0.005769
0.045189,-0.088554,-0.0053305
0.046519,-0.092372,-0.0052194
0.047676,-0.096368,-0.005099
0.050607,-0.10293,-0.0050729
0.053629,-0.10979,-0.0049599
0.05674,-0.11696,-0.0047583
0.059938,-0.12443,-0.0044667
0.063219,-0.13221,-0.0040829
0.066582,-0.14031,-0.0036019
0.070023,-0.14872,-0.0030207
0.073539,-0.15746,-0.0023343
0.077126,-0.16653,-0.001541
0.080782,-0.17592,-0.00063586
0.075228,-0.17283,0.015944
0.069096,-0.1703,0.041122
0.062405,-0.16827,0.073632
0.055162,-0.16668,0.11258
0.047368,-0.1655,0.15728
0.03902,-0.16466,0.20721
0.030107,-0.16414,0.26191
0.02062,-0.16389,0.32103
0.010546,-0.16386,0.38422
-0.00012831,-0.16401,0.45122
0.025974,-0.19948,0.40796
0.054224,-0.24093,0.37258
0.084695,-0.28844,0.3429
0.11745,-0.34209,0.31755
0.15254,-0.402,0.29552
0.19001,-0.46827,0.27616
0.22987,-0.541,0.2589
0.27215,-0.62025,0.2434
0.31684,-0.70607,0.22934
0.36391,-0.7985,0.21652
0.33754,-0.74758,0.21041
0.31227,-0.69878,0.20854
0.28804,-0.652,0.20919
0.26484,-0.60717,0.21142
0.24261,-0.56423,0.21476
0.22134,-0.52316,0.21883
0.20098,-0.48389,0.22352
0.18153,-0.44639,0.22873
0.16296,-0.41063,0.23444
0.14524,-0.37657,0.24062
0.13822,-0.36156,0.23555
0.13156,-0.34779,0.2311
0.12522,-0.33513,0.22717
0.11917,-0.32349,0.22367
0.11335,-0.31276,0.22056
0.10776,-0.30288,0.2178
0.10234,-0.29376,0.21534
0.097091,-0.28534,0.21316
0.091971,-0.27758,0.21124
0.086961,-0.27041,0.20957
0.097452,-0.27377,0.22196
0.10679,-0.27757,0.23131
0.11495,-0.28178,0.23816
0.12193,-0.28638,0.24298
0.1277,-0.29136,0.24613
0.13225,-0.29671,0.24792
0.13558,-0.30243,0.24858
0.13805,-0.30833,0.2483
0.14139,-0.31367,0.2472
0.14582,-0.31835,0.24539
0.15161,-0.33981,0.21858
0.15873,-0.36127,0.19667
0.16705,-0.38282,0.17825
0.17496,-0.40517,0.16241
0.18198,-0.42851,0.14849
0.18811,-0.45287,0.13604
0.19333,-0.47823,0.12475
0.19764,-0.5046,0.11436
0.20102,-0.53198,0.10473
0.20346,-0.56038,0.095715
0.19097,-0.55217,0.056795
0.17782,-0.54441,0.028529
0.16398,-0.53713,0.0086491
0.14943,-0.53033,-0.0042778
0.13415,-0.52401,-0.011187
0.11813,-0.51817,-0.013085
0.10128,-0.51268,-0.016999
0.083572,-0.50747,-0.025307
0.064999,-0.50253,-0.037686
0.04556,-0.49786,-0.053877
0.079069,-0.51221,-0.020446
0.11015,-0.52716,-0.015302
0.13918,-0.54381,-0.0013101
0.16618,-0.56235,0.02587
0.1911,-0.58273,0.062785
0.2139,-0.6049,0.10731
0.23455,-0.62883,0.15806
0.25306,-0.6545,0.21404
0.2694,-0.68185,0.27447
0.28358,-0.71087,0.33866
0.28667,-0.73485,0.19336
0.28554,-0.76243,0.10399
0.28004,-0.79294,0.045998
0.27011,-0.82605,0.0076953
0.25568,-0.8616,-0.017064
0.23669,-0.89951,-0.031802
0.21309,-0.93973,-0.038647
0.18477,-0.98209,-0.042286
0.15159,-1.0262,-0.051094
0.11351,-1.0722,-0.064748
0.14816,-1.0803,-0.063963
0.18087,-1.0889,-0.065235
0.21171,-1.098,-0.067487
0.24072,-1.1076,-0.07025
0.26796,-1.1177,-0.073255
0.29346,-1.1283,-0.076382
0.31727,-1.1394,-0.079532
0.33942,-1.1509,-0.08268
0.35993,-1.1629,-0.085775
0.37884,-1.1753,-0.088826
0.37298,-1.2202,-0.093157
0.36437,-1.266,-0.096391
0.353,-1.3128,-0.098891
0.33885,-1.3603,-0.10093
0.32192,-1.4086,-0.10264
0.3022,-1.4576,-0.10417
0.27968,-1.5073,-0.10556
0.25435,-1.5575,-0.10693
0.22623,-1.6084,-0.1083
0.1953,-1.6597,-0.10977
0.18565,-1.6083,-0.12657
0.17803,-1.5628,-0.14712
0.17217,-1.5223,-0.17106
0.16781,-1.4863,-0.19821
0.16477,-1.4542,-0.22836
0.16288,-1.4255,-0.2613
0.16199,-1.3998,-0.29681
0.162,-1.3768,-0.33469
0.16279,-1.3563,-0.37473
0.16428,-1.3379,-0.41679
0.097247,-1.1801,-0.22424
0.038163,-1.0411,-0.12205
-0.014307,-0.91842,-0.072117
-0.061224,-0.80963,-0.056083
-0.10298,-0.71562,-0.024725
-0.14023,-0.63508,0.031835
-0.17364,-0.56626,0.11106
-0.20374,-0.50777,0.21124
-0.23094,-0.45852,0.33106
-0.25558,-0.41769,0.46963
-0.303,-0.42484,0.49371
-0.35309,-0.43272,0.51523
-0.40583,-0.4413,0.53429
-0.46119,-0.45052,0.55117
-0.51915,-0.46036,0.56576
-0.57968,-0.4708,0.57821
-0.64273,-0.48183,0.58837
-0.70826,-0.49343,0.59631
-0.77622,-0.50561,0.60187
-0.84655,-0.51836,0.60512
-0.89863,-0.53315,0.49729
-0.95198,-0.54916,0.41077
-1.0067,-0.56578,0.3373
-1.0629,-0.5827,0.27302
-1.1204,-0.59979,0.21601
-1.1794,-0.61698,0.16537
-1.2399,-0.63425,0.12061
-1.3017,-0.65157,0.08151
-1.365,-0.66894,0.047948
-1.4296,-0.68637,0.019839
-1.3867,-0.69699,0.064426
-1.3456,-0.70863,0.10915
-1.3063,-0.72124,0.15444
-1.2687,-0.73478,0.20081
-1.2325,-0.7492,0.24853
-1.1978,-0.76442,0.29757
-1.1645,-0.78038,0.34777
-1.1325,-0.79701,0.3989
-1.1017,-0.81425,0.4507
-1.0721,-0.83204,0.50298
-0.94399,-0.73451,0.48093
-0.82593,-0.64771,0.47942
-0.71737,-0.56987,0.48688
-0.61785,-0.49985,0.49922
-0.52697,-0.43685,0.51466
-0.44435,-0.38021,0.53248
-0.36965,-0.32938,0.55221
-0.30257,-0.28388,0.57366
-0.24281,-0.24332,0.59663
-0.19013,-0.20732,0.62104
-0.17666,-0.19111,0.50108
-0.16434,-0.1772,0.40519
-0.15302,-0.16509,0.3263
-0.14261,-0.15442,0.26036
-0.133,-0.14498,0.2048
-0.12413,-0.13658,0.15791
-0.11592,-0.1291,0.1185
-0.10831,-0.12242,0.085661
-0.10126,-0.11645,0.058739
-0.094713,-0.1111,0.03718
-0.11426,-0.11928,0.021445
-0.13553,-0.12824,0.009948
-0.15854,-0.13799,0.0019035
-0.18334,-0.14851,-0.0033121
-0.20995,-0.15979,-0.0061889
-0.2384,-0.17182,-0.0073021
-0.26868,-0.18453,-0.0092598
-0.30079,-0.19793,-0.012642
-0.33477,-0.21202,-0.017212
-0.37064,-0.22678,-0.02277
-0.39752,-0.20714,-0.010074
-0.42348,-0.19077,0.0061547
-0.44917,-0.17765,0.041573
-0.47477,-0.16754,0.091058
-0.50041,-0.16033,0.15168
-0.52621,-0.15594,0.22162
-0.55226,-0.1543,0.29977
-0.57864,-0.15539,0.38533
-0.6054,-0.15919,0.47774
-0.6334,-0.16258,0.57651
-0.61382,-0.15694,0.43382
-0.59628,-0.15194,0.33334
-0.58017,-0.14742,0.25743
-0.56517,-0.1433,0.19754
-0.55107,-0.13951,0.14903
-0.53776,-0.13599,0.10923
-0.52514,-0.13272,0.076494
-0.51315,-0.12965,0.049725
-0.50175,-0.12674,0.028174
-0.49088,-0.12398,0.011277
-0.46471,-0.11287,0.030513
-0.43994,-0.10046,0.050225
-0.4165,-0.086795,0.069814
-0.39434,-0.07191,0.089069
-0.37343,-0.055829,0.10798
-0.35374,-0.038595,0.12658
-0.33524,-0.020229,0.14493
-0.31791,-0.00075132,0.1631
-0.30173,0.019828,0.18114
-0.28668,0.041505,0.19909
-0.30132,0.030342,0.12257
-0.31754,0.020101,0.068492
-0.33513,0.010497,0.030336
-0.35394,0.0013412,0.0042054
-0.37391,-0.0074964,-0.012385
-0.39501,-0.01611,-0.021113
-0.41713,-0.02459,-0.024284
-0.43976,-0.033159,-0.031392
-0.46281,-0.04185,-0.043864
-0.48632,-0.050651,-0.061189
-0.50108,-0.077446,-0.075181
-0.51728,-0.099413,-0.090484
-0.53493,-0.11657,-0.10684
-0.55405,-0.12894,-0.12404
-0.57465,-0.13653,-0.1419
-0.59582,-0.14337,-0.16013
-0.61631,-0.15504,-0.17839
-0.63616,-0.17156,-0.19656
-0.6554,-0.19295,-0.21446
-0.67406,-0.21922,-0.23198
-0.7004,-0.1978,-0.18217
-0.72377,-0.18298,-0.15114
-0.74487,-0.17443,-0.13047
-0.76412,-0.17192,-0.11597
-0.78223,-0.17317,-0.10544
-0.80121,-0.1696,-0.097797
-0.82131,-0.16039,-0.092269
-0.84255,-0.14562,-0.088353
-0.86494,-0.12536,-0.085714
-0.88848,-0.09967,-0.084114
-0.89638,-0.10743,-0.0958
-0.90453,-0.11479,-0.10476
-0.91293,-0.12174,-0.11102
-0.92154,-0.12834,-0.11512
-0.93031,-0.13458,-0.11757
-0.93921,-0.14049,-0.1188
-0.94821,-0.1461,-0.11909
-0.9573,-0.1514,-0.11866
-0.96644,-0.15643,-0.11766
-0.97564,-0.16118,-0.11621
-0.97155,-0.1713,-0.085338
-0.96625,-0.179,-0.080188
-0.96252,-0.18448,-0.066
-0.96025,-0.18791,-0.043002
-0.9591,-0.18938,-0.014291
-0.95887,-0.189,0.018447
-0.95913,-0.18833,0.054147
-0.95938,-0.18947,0.092098
-0.95956,-0.19236,0.13164
-0.95962,-0.19694,0.17223
-0.93124,-0.1955,0.22929
-0.90418,-0.19489,0.29312
-0.87832,-0.19499,0.36239
-0.85353,-0.19571,0.43619
-0.82973,-0.19694,0.51368
-0.80685,-0.19862,0.59433
-0.78483,-0.20067,0.67753
-0.76362,-0.20305,0.76298
-0.74318,-0.20568,0.85017
-0.72347,-0.20853,0.93895
-0.72654,-0.22763,0.81053
-0.7334,-0.24868,0.72117
-0.74243,-0.2716,0.65323
-0.75286,-0.29635,0.59831
-0.76427,-0.32293,0.55176
-0.77641,-0.35133,0.51112
-0.78915,-0.38157,0.47489
-0.8024,-0.41364,0.4422
-0.81612,-0.44757,0.41245
-0.83027,-0.48336,0.38528
-0.79058,-0.41583,0.35718
-0.75089,-0.35696,0.33152
-0.71144,-0.30565,0.3084
-0.67239,-0.26096,0.28762
-0.63388,-0.22212,0.26898
-0.596,-0.18846,0.25218
-0.55885,-0.15943,0.23702
-0.52251,-0.13453,0.22328
-0.48704,-0.11336,0.21078
-0.4525,-0.095539,0.19936
-0.47064,-0.10018,0.15314
-0.49007,-0.10496,0.11389
-0.51068,-0.10986,0.080365
-0.53236,-0.11488,0.051666
-0.55505,-0.12001,0.027205
-0.57872,-0.12526,0.0065159
-0.6033,-0.13063,-0.010724
-0.62879,-0.13611,-0.024795
-0.65515,-0.1417,-0.035903
-0.68237,-0.14741,-0.044242
-0.64336,-0.15778,-0.038882
-0.6049,-0.17056,-0.03434
-0.56703,-0.18558,-0.030498
-0.52981,-0.20274,-0.02722
-0.49327,-0.22192,-0.024383
-0.45748,-0.24304,-0.021901
-0.42245,-0.26601,-0.019704
-0.38821,-0.29079,-0.017752
-0.35479,-0.3173,-0.016008
-0.32222,-0.34553,-0.014454
