0.0066833,0.03111,-0.019032
0.011089,0.023802,-0.033263
0.017835,0.017007,-0.051269
0.026962,0.010695,-0.073142
0.038531,0.0049171,-0.09905
0.052609,-0.00022259,-0.12895
0.069269,-0.0045865,-0.16279
0.088582,-0.0080243,-0.20028
0.11061,-0.01046,-0.24121
0.13521,-0.013731,-0.28516
0.16235,-0.018774,-0.33193
0.18264,-0.018334,-0.26563
0.20345,-0.019418,-0.20671
0.22492,-0.021351,-0.1549
0.24738,-0.022201,-0.11023
0.27095,-0.021852,-0.072652
0.29579,-0.020314,-0.042302
0.32208,-0.017585,-0.019248
0.34998,-0.013649,-0.0036527
0.37967,-0.0084846,0.0043482
0.41128,-0.0020875,0.0072603
0.36462,0.011031,0.0071635
0.32162,0.024416,0.0066603
0.2821,0.038049,0.0059748
0.2459,0.051918,0.0053197
0.21287,0.066014,0.0048827
0.18287,0.080336,0.0045702
0.1558,0.094894,0.003845
0.13153,0.10969,0.0026066
0.10999,0.12475,0.00080235
0.09109,0.14007,-0.0016139
0.11487,0.10944,-0.0062788
0.14291,0.081494,-0.012285
0.17529,0.056079,-0.019568
0.21212,0.033107,-0.028075
0.25352,0.012545,-0.037707
0.29964,-0.0055925,-0.048396
0.35061,-0.021261,-0.060026
0.40659,-0.034391,-0.072527
0.46769,-0.044906,-0.085782
0.53404,-0.052767,-0.099739
0.50795,-0.050558,-0.070173
0.48288,-0.047475,-0.047949
0.45874,-0.0436,-0.030875
0.43548,-0.039025,-0.017652
0.41304,-0.033824,-0.0074146
0.39141,-0.028058,0.00039805
0.37054,-0.021778,0.0062027
0.35044,-0.015027,0.010291
0.33107,-0.0078415,0.012897
0.31242,-0.00025273,0.014199
0.31527,0.0018816,0.014119
0.31819,0.0040447,0.01403
0.32118,0.0062285,0.014043
0.32423,0.0084264,0.0142
0.32735,0.010633,0.014512
0.33053,0.012843,0.014966
0.33378,0.015053,0.01555
0.3371,0.017259,0.016243
0.34049,0.019457,0.017029
0.34395,0.021643,0.01789
0.32435,0.0072207,0.011777
0.30625,-0.0040282,0.0043325
0.28949,-0.012472,-0.0041299
0.27394,-0.018417,-0.013426
0.25949,-0.022116,-0.023429
0.24604,-0.023778,-0.034059
0.23351,-0.023577,-0.045249
0.22177,-0.022109,-0.05698
0.2105,-0.021879,-0.069336
0.19959,-0.023167,-0.082307
0.18897,-0.020898,-0.048384
0.17911,-0.019417,-0.025448
0.16979,-0.018806,-0.010035
0.16105,-0.017771,6.7281e-05
0.1529,-0.01544,0.0063056
0.1453,-0.011873,0.0096135
0.1382,-0.0071121,0.010641
0.13146,-0.0012651,0.01133
0.12491,0.0055544,0.013648
0.11859,0.013354,0.017364
0.10829,0.011632,0.020653
0.098224,0.0099208,0.025302
0.088383,0.008209,0.031422
0.078776,0.0064844,0.039095
0.069406,0.0047363,0.048376
0.060281,0.0029546,0.059304
0.051408,0.0011301,0.071903
0.042793,-0.00074591,0.086191
0.034442,-0.0026816,0.10217
0.026361,-0.0046849,0.11985
0.043422,-0.0058386,0.11941
0.063756,-0.0073685,0.11896
0.087387,-0.0092826,0.11845
0.11433,-0.011589,0.11784
0.14462,-0.014293,0.1171
0.17825,-0.017406,0.11625
0.21525,-0.020934,0.11529
0.25562,-0.024889,0.11428
0.29937,-0.029281,0.11328
0.3465,-0.034123,0.11236
0.33634,-0.04607,0.1738
0.32456,-0.05775,0.25094
0.31127,-0.069152,0.34265
0.29653,-0.080253,0.44804
0.28043,-0.091015,0.56623
0.26279,-0.10303,0.69639
0.24346,-0.11787,0.8376
0.22248,-0.13551,0.98925
0.19989,-0.15595,1.1506
0.17573,-0.17917,1.321
0.22887,-0.13803,0.92
0.26708,-0.10991,0.6454
0.29633,-0.089949,0.44552
0.31928,-0.07587,0.2974
0.33733,-0.066435,0.1889
0.3514,-0.060089,0.11311
0.36215,-0.055253,0.065715
0.36991,-0.051812,0.043842
0.37566,-0.0491,0.039224
0.38371,-0.043892,0.017653
0.39255,-0.043674,0.032384
0.40227,-0.042604,0.041894
0.41268,-0.040815,0.047697
0.42365,-0.038394,0.050754
0.43483,-0.035601,0.053733
0.44598,-0.032632,0.058544
0.45712,-0.029465,0.064925
0.46828,-0.02609,0.072667
0.47948,-0.022497,0.08166
0.49072,-0.018684,0.091822
0.50444,-0.0034107,0.092009
0.51849,0.013724,0.093634
0.53289,0.032743,0.096335
0.54769,0.053656,0.099884
0.56291,0.076464,0.10413
0.57855,0.10116,0.10898
0.59462,0.12774,0.11436
0.61112,0.15617,0.12024
0.62804,0.18645,0.12658
0.64536,0.21855,0.13337
0.64794,0.21999,0.14182
0.65105,0.22151,0.14813
0.65463,0.22306,0.15271
0.65865,0.22459,0.15598
0.66304,0.22608,0.15825
0.66778,0.2275,0.15975
0.67286,0.22884,0.16061
0.67825,0.23009,0.16094
0.68394,0.23123,0.1608
0.68992,0.23227,0.16025
0.61786,0.24803,0.14788
0.55223,0.26295,0.13596
0.49248,0.27706,0.12464
0.43817,0.29038,0.11402
0.38887,0.30295,0.10415
0.34422,0.31479,0.095067
0.30389,0.32594,0.086797
0.26757,0.33641,0.079351
0.235,0.34625,0.072751
0.20594,0.35546,0.066997
0.17088,0.29595,0.049989
0.13993,0.24468,0.039904
0.11318,0.20103,0.030756
0.09023,0.16398,0.022406
0.070657,0.1326,0.015368
0.054127,0.10612,0.0097719
0.040351,0.083904,0.005583
0.029074,0.065402,0.0026655
0.02006,0.050128,0.00085172
0.013094,0.037652,-6.6945e-05
0.021071,0.039843,-0.0023955
0.032235,0.042121,-0.0052863
0.046859,0.044545,-0.0087335
0.065232,0.047155,-0.012762
0.087649,0.04998,-0.017385
0.11441,0.053044,-0.022669
0.14579,0.056364,-0.028656
0.18209,0.059951,-0.035455
0.22356,0.063811,-0.043132
0.27044,0.067941,-0.051819
0.26157,0.07212,-0.046404
0.25304,0.076601,-0.043576
0.24479,0.081301,-0.042487
0.23678,0.086168,-0.042672
0.22899,0.091169,-0.043767
0.22139,0.09628,-0.045598
0.21398,0.10148,-0.047981
0.20674,0.10677,-0.050858
0.19966,0.11212,-0.054116
0.19273,0.11754,-0.057751
0.18613,0.10374,-0.070546
0.17983,0.090984,-0.081091
0.17383,0.079193,-0.089576
0.16811,0.068311,-0.096317
0.16269,0.058283,-0.1015
0.15754,0.049056,-0.10541
0.15267,0.040581,-0.10816
0.14805,0.032813,-0.10997
0.14369,0.025705,-0.11091
0.13958,0.01922,-0.11115
0.11649,0.012035,-0.059146
0.095471,0.0067472,-0.028384
0.076531,0.002911,-0.011601
0.059632,0.00023931,-0.0045461
0.044881,-0.0015147,-0.0021923
0.032813,-0.0025991,0.004469
0.023363,-0.0030203,0.015082
0.01643,-0.0027757,0.02887
0.011956,-0.0018888,0.045559
0.009707,-0.0015758,0.065257
0.0091535,-0.00089987,0.062544
0.0087453,-0.00035832,0.0608
0.0084725,5.1253e-05,0.059847
0.0083303,0.00036544,0.059506
0.0083523,0.00076078,0.05968
0.0085378,0.0012639,0.060254
0.0088883,0.0018751,0.061184
0.0094012,0.0025922,0.062395
0.010078,0.0034123,0.063869
0.010806,0.0043555,0.065577
0.010749,0.0050132,0.061702
0.0106,0.0056652,0.05737
0.010489,0.0062775,0.052669
0.010422,0.0068446,0.047687
0.010412,0.0073634,0.042526
0.01047,0.0078324,0.037273
0.010612,0.0082525,0.03202
0.010853,0.0086265,0.026852
0.011209,0.0089595,0.021845
0.011697,0.0092585,0.017074
0.011815,0.011358,0.015513
0.011983,0.013687,0.013973
0.012203,0.01626,0.012437
0.012481,0.01909,0.010902
0.012821,0.022193,0.0093524
0.013229,0.025584,0.0077879
0.013709,0.029282,0.0061842
0.014271,0.033302,0.0045508
0.014918,0.037664,0.0028665
0.015661,0.042384,0.0011363
0.01443,0.040948,-0.0019341
0.013392,0.039592,-0.0042022
0.012526,0.038312,-0.0057915
0.011818,0.0371,-0.0067837
0.011255,0.035957,-0.0072553
0.010818,0.034871,-0.0072986
0.010323,0.033776,-0.0075353
0.0097154,0.032645,-0.0081346
0.0090001,0.03148,-0.0090722
0.0081808,0.030279,-0.010317
0.0069781,0.027753,-0.012504
0.0055288,0.025187,-0.015388
0.003819,0.022577,-0.019009
0.0018437,0.019912,-0.02337
-0.00040904,0.017186,-0.028512
-0.0029376,0.01439,-0.034428
-0.0057525,0.011518,-0.041163
-0.0088391,0.0085643,-0.048704
-0.012204,0.0055194,-0.0571
-0.015828,0.0023802,-0.066335
-0.0074271,0.0086917,-0.043612
-0.00093967,0.014217,-0.026668
0.0037374,0.018979,-0.015119
0.0067039,0.023019,-0.0086636
0.0080392,0.026406,-0.0071375
0.0095766,0.030049,-0.0054059
0.012904,0.034796,0.0009751
0.018035,0.040759,0.012007
0.024971,0.048041,0.02767
0.033706,0.056724,0.047974
0.023312,0.045725,0.021771
0.01697,0.036728,0.0042444
0.01412,0.029468,-0.0057608
0.014381,0.023725,-0.0089658
0.015525,0.018273,-0.011794
0.015244,0.011778,-0.021256
0.013655,0.0041508,-0.03739
0.010884,-0.0046792,-0.060328
0.0070665,-0.014753,-0.090254
0.0023705,-0.026074,-0.12731
0.025072,-0.016643,-0.090212
0.045609,-0.0078449,-0.063324
0.064559,0.00058503,-0.045371
0.082359,0.0088766,-0.035622
0.099359,0.017238,-0.033676
0.11631,0.026121,-0.037779
0.1364,0.037385,-0.037696
0.16016,0.051418,-0.031766
0.18752,0.068264,-0.020305
0.21842,0.08795,-0.0036359
0.21645,0.078918,0.040351
0.21577,0.071796,0.088404
0.21605,0.06634,0.13958
0.21708,0.062371,0.1933
0.21866,0.059755,0.24914
0.22066,0.058381,0.30679
0.22297,0.058161,0.36599
0.22547,0.059011,0.42652
0.22808,0.060865,0.4882
0.23069,0.063654,0.5508
0.19345,0.046876,0.45948
0.16492,0.035641,0.39741
0.14215,0.028231,0.35293
0.12348,0.023718,0.31974
0.10798,0.02157,0.29418
0.094476,0.019831,0.27422
0.082164,0.017047,0.2586
0.07073,0.013055,0.2462
0.059966,0.0077604,0.2363
0.0497,0.0010808,0.2283
0.035576,-0.0034993,0.16222
0.024559,-0.0064267,0.10836
0.016267,-0.0079143,0.066098
0.01032,-0.008183,0.034763
0.0063619,-0.0074474,0.013771
0.0040423,-0.0059303,0.0025049
0.0029526,-0.0039257,-0.00026914
0.0016312,-0.0027925,-0.0070862
-0.00030663,-0.0029849,-0.022454
-0.0027174,-0.0044498,-0.046773
0.00013119,-0.0024093,-0.021799
0.0021995,-0.001332,-0.0064982
0.0037623,-0.0010662,-0.00031544
0.0053146,-0.001085,0.0025945
0.0073908,-0.00050858,0.01402
0.0097985,0.00063222,0.03466
0.012323,0.0022667,0.064792
0.014739,0.0043054,0.10448
0.016823,0.0066524,0.15368
0.018351,0.0091987,0.21215
0.011307,0.011195,0.21853
0.0053354,0.012712,0.22298
0.00044894,0.013791,0.22579
-0.0033447,0.014465,0.22714
-0.0060411,0.014765,0.22726
-0.0077817,0.014767,0.22629
-0.010045,0.015021,0.22431
-0.013191,0.015681,0.22138
-0.017193,0.01676,0.21761
-0.02203,0.018269,0.21304
-0.013762,0.014025,0.15561
-0.0081473,0.011314,0.11295
-0.004752,0.0097974,0.08074
-0.0023474,0.0089052,0.05626
0.0010695,0.0078058,0.03784
0.0054449,0.0064379,0.024177
0.010723,0.0047485,0.014399
0.016918,0.0026584,0.0080008
0.0241,6.4322e-05,0.0047916
0.032369,-0.0031527,0.004808
0.0362,-0.0094304,0.0059361
0.040911,-0.014459,0.0082312
0.046545,-0.018282,0.011707
0.052887,-0.021659,0.016301
0.059206,-0.026714,0.021793
0.0655,-0.033614,0.028117
0.071812,-0.042393,0.035195
0.078189,-0.05308,0.042959
0.084673,-0.065699,0.051316
0.091309,-0.080274,0.060198
0.087346,-0.07774,0.064568
0.083556,-0.075223,0.068708
0.07993,-0.072727,0.072622
0.076463,-0.070257,0.076361
0.073146,-0.06782,0.079924
0.069989,-0.065421,0.083351
0.06698,-0.063065,0.086637
0.064111,-0.060758,0.089838
0.061373,-0.058506,0.092938
0.058757,-0.056315,0.09599
0.062902,-0.048074,0.054163
0.06349,-0.041546,0.028805
0.061458,-0.036369,0.015666
0.057472,-0.032273,0.011799
0.054326,-0.02842,0.0055539
0.053033,-0.024427,-0.0074993
0.053368,-0.020265,-0.026779
0.055175,-0.015915,-0.051962
0.058342,-0.011373,-0.082911
0.062771,-0.0066565,-0.11952
0.072391,-0.006735,-0.14812
0.082609,-0.0068704,-0.17981
0.093384,-0.0070727,-0.21464
0.10466,-0.0073616,-0.25257
0.11638,-0.0077472,-0.29362
0.1285,-0.008249,-0.33781
0.14096,-0.0088775,-0.38512
0.15368,-0.0096573,-0.43553
0.16662,-0.010601,-0.48901
0.17968,-0.011737,-0.54551
0.15541,-0.024999,-0.37771
0.14116,-0.035624,-0.25433
0.13386,-0.044496,-0.16169
0.13179,-0.052115,-0.092241
0.13389,-0.05879,-0.041479
0.13949,-0.064734,-0.0066106
0.14813,-0.070102,0.014144
0.15948,-0.075017,0.021927
0.17155,-0.080188,0.028444
0.18242,-0.086333,0.046506
0.14806,-0.072579,0.042914
0.11708,-0.060495,0.039769
0.089477,-0.050043,0.037009
0.065251,-0.041189,0.034579
0.044386,-0.033902,0.032437
0.026871,-0.028151,0.030535
0.012688,-0.023912,0.028844
0.0018178,-0.02117,0.02733
-0.0057647,-0.019919,0.025985
-0.010086,-0.020175,0.0248
-0.0079063,-0.015049,0.022749
-0.0060352,-0.010926,0.020702
-0.004443,-0.0076741,0.018671
-0.0031236,-0.0051627,0.016658
-0.0021596,-0.003237,0.014681
-0.0015153,-0.0018064,0.012749
-0.0011445,-0.00079926,0.010892
-0.0010079,-0.00015274,0.0091244
-0.0010759,0.00018397,0.0074757
-0.0012225,0.00048502,0.0059708
-0.00098635,9.3316e-05,0.013375
-0.0007233,-0.00028699,0.023867
-0.00034952,-0.00064986,0.037528
0.00017782,-0.0010775,0.054371
0.00092272,-0.0015957,0.074397
0.0019493,-0.0022142,0.097566
0.0033161,-0.0029437,0.12385
0.0050775,-0.0037908,0.15319
0.0072827,-0.0047627,0.18557
0.0099776,-0.0058627,0.22094
0.0082964,-0.010326,0.21324
0.0051841,-0.016947,0.20598
0.00061009,-0.025773,0.19911
-0.00547,-0.036878,0.19262
-0.01311,-0.050361,0.1865
-0.022371,-0.066333,0.18076
-0.033315,-0.084912,0.17542
-0.046004,-0.10622,0.1705
-0.0605,-0.13036,0.16603
-0.076857,-0.15744,0.16205
-0.059907,-0.14014,0.15748
-0.046404,-0.12426,0.15203
-0.036053,-0.10954,0.14597
-0.028598,-0.095768,0.1395
-0.022154,-0.083554,0.13257
-0.014817,-0.073579,0.12506
-0.0065571,-0.065634,0.11706
0.0026489,-0.059542,0.10867
0.012854,-0.055154,0.099952
0.024112,-0.052355,0.090989
0.030234,-0.037649,0.086973
0.035062,-0.026413,0.085957
0.038621,-0.018378,0.087209
0.040928,-0.013345,0.090258
0.041989,-0.011177,0.094712
0.042788,-0.0097623,0.1001
0.045009,-0.0056035,0.10583
0.048686,0.0014045,0.11174
0.053855,0.011356,0.11769
0.060571,0.024376,0.12363
0.065155,0.026589,0.10596
0.070459,0.028927,0.088554
0.076557,0.031411,0.07168
0.083516,0.034066,0.055604
0.091403,0.036916,0.040535
0.10028,0.039988,0.02668
0.11021,0.043309,0.014207
0.12124,0.046908,0.0032857
0.13342,0.050809,-0.0059374
0.14681,0.055039,-0.013314
0.15227,0.077056,-0.016272
0.15889,0.10086,-0.01858
0.16667,0.12648,-0.020416
0.1756,0.15393,-0.021903
0.18569,0.18322,-0.023138
0.19696,0.21438,-0.024183
0.20938,0.24741,-0.025278
0.22298,0.28232,-0.026528
0.23776,0.31912,-0.027894
0.25377,0.35782,-0.029355
0.23516,0.3333,-0.025681
0.21732,0.30978,-0.022539
0.20023,0.28722,-0.019884
0.18391,0.26562,-0.017363
0.16835,0.24493,-0.014763
0.15355,0.22515,-0.012051
0.13949,0.20626,-0.0091911
0.12617,0.18824,-0.0061472
0.11356,0.17108,-0.0028827
0.10166,0.15476,0.00063775
0.10161,0.15449,-0.0028505
0.10168,0.15433,-0.0048919
0.10186,0.15426,-0.0057854
0.10211,0.15428,-0.0057553
0.10241,0.15435,-0.0057634
0.10274,0.15446,-0.0064032
0.10311,0.15462,-0.0075735
0.10352,0.15481,-0.0091925
0.10399,0.15505,-0.011195
0.10451,0.15532,-0.013527
0.1064,0.16023,-0.0065582
0.10843,0.16522,-0.0032893
0.11061,0.17032,-0.0023817
0.11289,0.17558,-0.00032751
0.11523,0.181,0.0032341
0.11764,0.18656,0.0079381
0.1201,0.19226,0.013513
0.1226,0.19809,0.019757
0.12517,0.20405,0.026517
0.12779,0.21014,0.033674
0.11478,0.19882,0.020901
0.10537,0.18686,0.011676
0.098115,0.1749,0.0053947
0.088803,0.16512,0.0015169
0.077126,0.15756,-0.00017952
0.06316,0.15205,-0.0013613
0.046996,0.14845,-0.0048006
0.028581,0.1467,-0.010496
0.0078338,0.14678,-0.018412
-0.015349,0.14872,-0.028531
-0.023781,0.13832,-0.012605
-0.031753,0.12841,-0.0048255
-0.039311,0.11905,-0.003031
-0.046845,0.11049,0.0039322
-0.054363,0.10278,0.017861
-0.06179,0.095922,0.038544
-0.069056,0.089915,0.065805
-0.076096,0.084749,0.099502
-0.082848,0.080411,0.1395
-0.089255,0.076881,0.18568
-0.078912,0.071557,0.14992
-0.069296,0.066785,0.12247
-0.060305,0.062501,0.10088
-0.051865,0.058665,0.083606
-0.043927,0.05525,0.069567
-0.036453,0.052234,0.058029
-0.029418,0.049604,0.048451
-0.022798,0.047349,0.040442
-0.016575,0.045461,0.033701
-0.010736,0.043933,0.027999
-0.0038587,0.045902,0.042277
0.0028919,0.04842,0.058632
0.0095247,0.051489,0.076832
0.01604,0.055118,0.096651
0.022428,0.059321,0.11786
0.028675,0.06411,0.14022
0.034761,0.069505,0.16351
0.040666,0.075522,0.18752
0.046363,0.08218,0.21204
0.051831,0.089498,0.23691
0.047247,0.080227,0.16192
0.042876,0.072185,0.10671
0.038727,0.065173,0.066136
0.034794,0.059038,0.03698
0.031064,0.053656,0.017123
0.027519,0.048921,0.0051107
0.02414,0.044737,-7.39e-05
0.020895,0.040996,-0.0016597
0.017713,0.037561,-0.0082126
0.014538,0.034376,-0.020162
0.0080383,0.021664,-0.020098
0.0033614,0.012124,-0.020127
0.00037205,0.0055431,-0.020204
-0.0010641,0.0017131,-0.020302
-0.0010919,0.00041478,-0.020405
-0.0016097,-0.0013196,-0.020486
-0.0038008,-0.0053246,-0.020543
-0.0077498,-0.011725,-0.020588
-0.013512,-0.020738,-0.020618
-0.021008,-0.032676,-0.020629
-0.014653,-0.022374,-0.021699
-0.0094215,-0.01412,-0.023116
-0.0054811,-0.0077455,-0.02483
-0.002861,-0.0031784,-0.026803
-0.0015394,-0.00038869,-0.028989
-0.0014963,0.00066004,-0.031332
-0.0013603,0.0020884,-0.03379
-0.00014308,0.005423,-0.036317
0.0021656,0.010692,-0.038872
0.0055816,0.017928,-0.041436
0.0035375,0.014343,-0.035038
0.0017632,0.011279,-0.029097
0.00024829,0.0087156,-0.023638
-0.0010169,0.0066318,-0.018687
-0.0020438,0.005007,-0.014267
-0.0028434,0.0038199,-0.010401
-0.0034265,0.0030491,-0.0071116
-0.0038017,0.0026729,-0.0044212
-0.0039867,0.0026508,-0.0023506
-0.0042906,0.0025003,-0.00091727
-0.0037618,0.0021698,-0.0010015
-0.0032797,0.0018624,-0.0010868
-0.0028419,0.0015771,-0.0011728
-0.0024464,0.0013131,-0.0012596
-0.0020912,0.0010694,-0.001347
-0.0017744,0.00084491,-0.0014351
-0.0014943,0.00063869,-0.0015236
-0.0012493,0.0004497,-0.0016127
-0.0010377,0.00027698,-0.0017022
-0.00085821,0.00011966,-0.0017924
-0.00044054,-1.1772e-05,-0.0050329
-0.00014621,-5.1826e-05,-0.010112
2.0426e-06,-2.3728e-07,-0.01733
0.00015156,-5.9988e-06,-0.026977
0.00051808,-0.00013808,-0.0393
0.0012275,-0.00028375,-0.054492
0.0023562,-0.0004049,-0.072686
0.0039827,-0.00045927,-0.093953
0.0061909,-0.00040092,-0.1183
0.0090631,-0.00018256,-0.14568
0.010409,-0.0014341,-0.13305
0.011851,-0.002772,-0.1209
0.013379,-0.0041851,-0.10924
0.014982,-0.0056645,-0.098082
0.016653,-0.0072016,-0.087438
0.018386,-0.0087893,-0.077324
0.020177,-0.010422,-0.067753
0.022021,-0.012095,-0.058745
0.023918,-0.013805,-0.050314
0.025869,-0.01555,-0.04248
0.025279,-0.015502,-0.057059
0.024713,-0.015485,-0.073544
0.024175,-0.015499,-0.091836
0.023667,-0.015537,-0.11182
0.023192,-0.015593,-0.13338
0.022752,-0.01566,-0.15639
0.022349,-0.015729,-0.18071
0.021984,-0.015793,-0.20621
0.021658,-0.015841,-0.23278
0.021376,-0.015866,-0.2603
0.02037,-0.011618,-0.1904
0.022292,-0.00442,-0.13995
0.026591,0.0052797,-0.102
0.032996,0.01735,-0.072632
0.04146,0.031905,-0.049565
0.052113,0.049238,-0.031518
0.065213,0.069763,-0.017822
0.081108,0.09396,-0.0081706
0.10021,0.12234,-0.0024427
0.12294,0.15541,-0.00058434
0.14866,0.18816,-0.00061299
0.17722,0.22445,-0.00037415
0.20868,0.26433,0.00011248
0.24308,0.30782,0.0008112
0.28046,0.35497,0.0016898
0.32086,0.40577,0.0027045
0.3643,0.46025,0.0038198
0.41079,0.51838,0.0049832
0.46034,0.58016,0.0061512
0.51295,0.64557,0.0072556
0.4623,0.56258,-0.0037144
0.41824,0.48587,-0.0074276
0.37998,0.41469,-0.018613
0.34696,0.34846,-0.034628
0.31873,0.2867,-0.054049
0.29494,0.22903,-0.076134
0.27527,0.1751,-0.10045
0.25947,0.1246,-0.12672
0.24735,0.077285,-0.15476
0.23877,0.032921,-0.18443
0.21646,0.032928,-0.10737
0.19602,0.032821,-0.057032
0.17723,0.032604,-0.025419
0.1599,0.032276,-0.0080325
0.14386,0.031831,-0.0021447
0.12909,0.031312,0.0019984
0.11558,0.030774,0.014679
0.10324,0.030217,0.035139
0.091968,0.029637,0.062814
0.081677,0.029033,0.097309
0.076428,0.026261,0.067259
0.071597,0.023819,0.045956
0.067116,0.021653,0.030683
0.062934,0.019721,0.019721
0.059016,0.017991,0.011916
0.055333,0.016438,0.0064782
0.051864,0.015039,0.0028421
0.048588,0.013779,0.00059847
0.045489,0.012641,-0.00055899
0.042554,0.011612,-0.00086044
0.042116,0.012416,-0.00179
0.041659,0.013168,-0.0047118
0.041177,0.013885,-0.0097893
0.040665,0.014582,-0.017153
0.040117,0.015275,-0.02691
0.039534,0.015979,-0.039149
0.038916,0.016704,-0.053946
0.038266,0.01746,-0.071372
0.037587,0.018251,-0.091492
0.036887,0.019081,-0.11437
0.041042,0.025299,-0.11474
0.045611,0.031936,-0.11557
0.050585,0.038982,-0.11682
0.055962,0.046428,-0.11846
0.061735,0.054265,-0.12048
0.067901,0.062486,-0.12285
0.074454,0.071085,-0.12555
0.081392,0.080056,-0.12857
0.088711,0.089397,-0.13191
0.096411,0.099106,-0.13554
0.081787,0.080154,-0.089478
0.069071,0.063405,-0.05327
0.058125,0.048656,-0.026651
0.048822,0.035715,-0.0093886
0.041031,0.024395,-0.0012728
0.034648,0.014561,0.0012466
0.029631,0.0062047,0.01122
0.02585,-0.00078879,0.02987
0.023198,-0.0064917,0.057177
0.021627,-0.010911,0.093164
0.015852,-0.0070293,0.068582
0.011211,-0.0040282,0.048851
0.0075808,-0.001813,0.033211
0.0048477,-0.00029124,0.021103
0.0029016,0.00062873,0.012085
0.0016357,0.0010383,0.0057938
0.00094448,0.0010299,0.0019151
0.00059161,0.00081291,0.00015913
-8.7184e-06,0.00090121,-0.00029462
-0.00092677,0.001338,-0.0022209
-4.9762e-06,0.001987,-0.00042263
0.0013357,0.0031354,1.1622e-05
0.0031805,0.0048718,0.0011249
0.0056272,0.0073117,0.0038492
0.0087688,0.010572,0.0083367
0.012695,0.014768,0.014726
0.017493,0.020018,0.023126
0.023246,0.026434,0.033614
0.030056,0.034111,0.046227
0.038106,0.043061,0.060973
0.038454,0.042021,0.06053
0.039457,0.04035,0.060099
0.041121,0.038058,0.059676
0.043462,0.035147,0.059259
0.0465,0.031613,0.058845
0.050261,0.027444,0.058434
0.054775,0.022623,0.058023
0.060076,0.017128,0.057612
0.0662,0.01093,0.057197
0.073189,0.0039967,0.056779
0.06495,-0.003737,0.056259
0.057755,-0.010199,0.054446
0.051519,-0.015492,0.051608
0.046164,-0.019708,0.047988
0.041621,-0.022937,0.043797
0.037823,-0.025261,0.039227
0.034712,-0.026756,0.034443
0.032235,-0.027491,0.029595
0.030347,-0.02753,0.024812
0.029008,-0.026929,0.020213
0.028408,-0.026435,0.024479
0.027772,-0.025982,0.029222
0.0271,-0.02557,0.034449
0.026391,-0.025197,0.040165
0.025645,-0.024863,0.046375
0.024861,-0.024569,0.053082
0.02404,-0.024313,0.060286
0.02318,-0.024096,0.067992
0.022283,-0.023917,0.076196
0.021348,-0.023776,0.084902
0.030471,-0.031136,0.055501
0.040515,-0.039762,0.033461
0.051651,-0.049799,0.017493
0.064088,-0.06146,0.0069157
0.078093,-0.074954,0.001408
0.094224,-0.090219,0.00016714
0.11283,-0.10745,-0.0039619
0.13419,-0.12687,-0.012831
0.15857,-0.14867,-0.02629
0.18622,-0.17306,-0.044135
0.20025,-0.18529,-0.03041
0.21476,-0.19789,-0.020122
0.22973,-0.21084,-0.01251
0.24515,-0.22413,-0.0070276
0.26099,-0.23773,-0.0032682
0.27726,-0.25165,-0.00093518
0.29394,-0.26588,0.00019311
0.31103,-0.28042,0.00035809
0.32854,-0.29525,0.0009384
0.34647,-0.31039,0.0023195
0.33935,-0.30529,0.0040407
0.33211,-0.30007,0.0063097
0.32476,-0.29476,0.009126
0.3173,-0.28934,0.012486
0.30975,-0.28384,0.016392
0.30213,-0.27825,0.020842
0.29444,-0.27257,0.02584
0.28671,-0.26682,0.031384
0.27893,-0.261,0.037477
0.27113,-0.25511,0.044119
0.29004,-0.27295,0.040809
0.30961,-0.29144,0.037132
0.32984,-0.31057,0.033211
0.35071,-0.33036,0.029152
0.37223,-0.35081,0.02504
0.39439,-0.37192,0.020944
0.41718,-0.39368,0.016922
0.4406,-0.41612,0.013017
0.46465,-0.43922,0.0092657
0.4893,-0.46299,0.0056962
0.49796,-0.45917,-0.0023105
0.50756,-0.45441,-0.0065256
0.5181,-0.44873,-0.0078274
0.52954,-0.4421,-0.011081
0.54186,-0.43454,-0.017375
0.55505,-0.42603,-0.026631
0.56912,-0.41659,-0.038798
0.58405,-0.40622,-0.05385
0.59984,-0.39492,-0.071767
0.61649,-0.3827,-0.092542
0.61334,-0.4143,-0.081885
0.61183,-0.44509,-0.069505
0.61189,-0.47508,-0.057
0.61348,-0.50429,-0.045421
0.61655,-0.53276,-0.035463
0.62105,-0.56049,-0.027617
0.62694,-0.58749,-0.022236
0.63418,-0.61379,-0.019605
0.64274,-0.63939,-0.019819
0.65266,-0.66437,-0.018883
0.6027,-0.60642,-0.019224
0.55649,-0.55206,-0.019031
0.51376,-0.50104,-0.018255
0.47424,-0.45311,-0.018217
0.4377,-0.40806,-0.019204
0.40395,-0.3657,-0.021245
0.37279,-0.32587,-0.024345
0.34406,-0.2884,-0.028509
0.31761,-0.25315,-0.033732
0.2933,-0.21998,-0.040013
0.27808,-0.21049,-0.043787
0.26304,-0.20109,-0.047716
0.24819,-0.19176,-0.051803
0.23356,-0.18253,-0.056053
0.21918,-0.1734,-0.060469
0.20507,-0.16436,-0.065054
0.19126,-0.15543,-0.069809
0.17777,-0.14661,-0.074738
0.16461,-0.13791,-0.079843
0.15182,-0.12933,-0.085127
0.16278,-0.13285,-0.089897
0.17431,-0.13614,-0.095666
0.18641,-0.13919,-0.10239
0.19908,-0.14201,-0.11002
0.21232,-0.1446,-0.11855
0.22613,-0.14695,-0.12793
0.24052,-0.14907,-0.13816
0.25547,-0.15096,-0.14922
0.271,-0.15261,-0.16109
0.28711,-0.15402,-0.17377
0.27985,-0.14486,-0.15488
0.27291,-0.13658,-0.13497
0.26622,-0.12909,-0.11511
0.25973,-0.12232,-0.096055
0.25342,-0.11622,-0.078312
0.24724,-0.11071,-0.062236
0.24117,-0.10574,-0.048084
0.2352,-0.10126,-0.036029
0.2293,-0.097204,-0.026212
0.22345,-0.093534,-0.018734
0.23656,-0.12498,-0.015559
0.25152,-0.1579,-0.015468
0.26844,-0.19249,-0.017046
0.28751,-0.22899,-0.017378
0.3088,-0.2675,-0.016518
0.33238,-0.3081,-0.014728
0.35832,-0.35085,-0.012215
0.38669,-0.39582,-0.0091234
0.41754,-0.44306,-0.0055712
0.45091,-0.49262,-0.0016476
0.49989,-0.54827,-0.0097057
0.55169,-0.60744,-0.016513
0.60632,-0.67013,-0.022554
0.66377,-0.73633,-0.028153
0.72401,-0.80603,-0.033533
0.78703,-0.87922,-0.038846
0.85281,-0.95587,-0.044192
0.92133,-1.036,-0.049648
0.99256,-1.1195,-0.055254
1.0665,-1.2063,-0.061091
1.0102,-1.1422,-0.063053
0.95621,-1.0808,-0.064153
0.90433,-1.0218,-0.064323
0.85448,-0.96528,-0.063604
0.80658,-0.91101,-0.061956
0.76057,-0.85893,-0.059365
0.71635,-0.80893,-0.056436
0.67381,-0.76085,-0.054682
0.63289,-0.71462,-0.054146
0.59353,-0.67017,-0.054811
0.53205,-0.61637,-0.048803
0.4766,-0.56514,-0.043501
0.42673,-0.51631,-0.038765
0.38203,-0.46973,-0.034518
0.34215,-0.42526,-0.030707
0.30665,-0.38284,-0.027299
0.27308,-0.34407,-0.024268
0.24049,-0.30938,-0.02159
0.20879,-0.27853,-0.019227
0.17792,-0.2513,-0.016924
0.19056,-0.257,-0.016984
0.20206,-0.264,-0.016638
0.21244,-0.27226,-0.016012
0.2217,-0.28172,-0.015181
0.23003,-0.29222,-0.014206
0.23924,-0.3023,-0.013121
0.24979,-0.31161,-0.011965
0.26165,-0.32014,-0.010758
0.27481,-0.3279,-0.009526
0.28927,-0.3349,-0.0082794
0.27225,-0.31626,0.033218
0.25666,-0.29908,0.093508
0.24235,-0.28321,0.16992
0.22919,-0.26854,0.26072
0.21711,-0.25502,0.36465
0.20604,-0.24257,0.48081
0.19593,-0.23115,0.60838
0.18674,-0.22073,0.74673
0.17844,-0.21126,0.89517
0.17099,-0.20271,1.0532
0.17468,-0.21062,1.0597
0.17836,-0.21829,1.0599
0.18205,-0.22577,1.0547
0.1858,-0.23311,1.0451
0.18961,-0.24033,1.0315
0.19352,-0.24747,1.0145
0.19752,-0.25455,0.99434
0.20163,-0.26159,0.97147
0.20585,-0.26862,0.94606
0.21021,-0.27564,0.91847
0.20361,-0.26689,0.81161
0.19864,-0.25973,0.73681
0.19472,-0.25361,0.68117
0.19154,-0.24821,0.63788
0.1889,-0.24336,0.60294
0.18666,-0.23895,0.57397
0.18474,-0.23492,0.5494
0.18308,-0.2312,0.52824
0.18162,-0.22777,0.50977
0.18034,-0.2246,0.49352
0.16296,-0.20802,0.47296
0.14718,-0.1919,0.45202
0.13287,-0.17628,0.43131
0.11994,-0.16121,0.4112
0.10828,-0.1467,0.39185
0.097757,-0.13281,0.37334
0.087697,-0.11995,0.3557
0.077926,-0.1082,0.33891
0.06846,-0.097499,0.32295
0.059311,-0.087778,0.30776
0.054848,-0.084023,0.2609
0.050702,-0.080842,0.22552
0.046764,-0.078107,0.19814
0.04296,-0.07573,0.17655
0.039243,-0.073655,0.15929
0.035576,-0.071838,0.14531
0.031934,-0.070251,0.13391
0.028298,-0.068867,0.12455
0.024654,-0.067672,0.11685
0.020989,-0.066648,0.1105
0.018614,-0.059072,0.1051
0.016489,-0.051974,0.098608
0.014601,-0.04536,0.091436
0.012931,-0.039231,0.083874
0.01146,-0.033588,0.07618
0.010165,-0.028427,0.068515
0.009021,-0.023747,0.061036
0.0080002,-0.019541,0.053824
0.0070752,-0.015806,0.046967
0.006216,-0.012536,0.040507
0.0053384,-0.016246,0.046286
0.0036466,-0.020952,0.052487
0.0011282,-0.026708,0.05908
-0.0022291,-0.033569,0.065992
-0.0064361,-0.041587,0.073154
-0.011501,-0.05081,0.080467
-0.017431,-0.061286,0.087848
-0.02423,-0.073058,0.095198
-0.031898,-0.086168,0.10245
-0.040436,-0.10065,0.10951
-0.022936,-0.082672,0.081129
-0.0088077,-0.06771,0.061085
0.002206,-0.055471,0.046604
0.01033,-0.045708,0.035955
0.015762,-0.038207,0.028018
0.018669,-0.032778,0.022016
0.019187,-0.029259,0.017406
0.01847,-0.02681,0.013782
0.019932,-0.023114,0.010848
0.023792,-0.017974,0.0083962
0.016679,-0.013944,0.0054086
0.010829,-0.010228,0.0031648
0.0062654,-0.0068936,0.0015926
0.0030145,-0.0040197,0.00060812
0.0011,-0.0016995,0.00011875
-0.00020387,-0.00053426,-2.0964e-06
-0.0014546,-0.00085154,-0.00018729
-0.0037793,-0.00095107,-0.00067694
-0.0075032,-0.00038568,-0.0016002
-0.012579,0.00073957,-0.0030352
-0.0096237,-0.0046952,-0.0017308
-0.0092259,-0.0061426,-0.00094168
-0.0076265,-0.0094885,-0.00032719
-0.0033538,-0.017083,0.00025399
0.0038732,-0.02941,0.00079976
0.014393,-0.047034,0.0016774
0.028549,-0.070529,0.0032315
0.046678,-0.10046,0.0055747
0.069103,-0.13738,0.0087798
0.096127,-0.18181,0.012867
0.099983,-0.17402,0.0070498
0.10191,-0.168,-0.0025487
0.10207,-0.16394,-0.025834
0.10102,-0.16134,-0.061901
0.10194,-0.1581,-0.11013
0.10528,-0.15386,-0.17008
0.11103,-0.14857,-0.24134
0.11916,-0.14218,-0.32358
0.12969,-0.13467,-0.41644
0.14263,-0.12597,-0.5196
0.14437,-0.10918,-0.49334
0.14693,-0.092318,-0.4678
0.15029,-0.075439,-0.44262
0.15445,-0.058585,-0.41772
0.15939,-0.041796,-0.39297
0.16511,-0.025102,-0.36841
0.17159,-0.0085385,-0.34401
0.17885,0.0078674,-0.31986
0.18688,0.024087,-0.29599
0.19568,0.040097,-0.2725
0.17253,0.033474,-0.24022
0.15088,0.027063,-0.21408
0.13072,0.020963,-0.19223
0.11203,0.015249,-0.17353
0.094817,0.0099776,-0.15721
0.079086,0.0051935,-0.14277
0.064845,0.00093455,-0.12984
0.052107,-0.002765,-0.11818
0.040883,-0.0058758,-0.10759
0.031189,-0.0083692,-0.09791
0.040928,-0.0092481,-0.071343
0.052301,-0.010518,-0.049871
0.065352,-0.012102,-0.032621
0.080143,-0.013926,-0.019096
0.096741,-0.015924,-0.0090125
0.11521,-0.018034,-0.002178
0.13561,-0.020199,0.0015652
0.158,-0.022364,0.0026234
0.18236,-0.024397,0.005008
0.20875,-0.026249,0.0099273
0.20899,0.0058314,0.015189
0.2118,0.035289,0.022621
0.21711,0.062185,0.03221
0.22486,0.086557,0.043919
0.23504,0.10842,0.057693
0.2476,0.12775,0.073477
0.26255,0.14453,0.091197
0.27988,0.15871,0.11078
0.29941,0.17059,0.13214
0.31867,0.18451,0.15513
0.25472,0.14555,0.16346
0.19932,0.11332,0.17569
0.15214,0.086142,0.19075
0.11304,0.062342,0.20803
0.081275,0.041626,0.22714
0.05622,0.023745,0.24783
0.037388,0.0084777,0.26989
0.024427,-0.0043712,0.2932
0.017127,-0.014963,0.31759
0.015413,-0.023424,0.34299
0.024797,-0.030535,0.31735
0.039071,-0.036753,0.29338
0.058282,-0.042079,0.27073
0.08254,-0.046482,0.24918
0.112,-0.049908,0.22856
0.14683,-0.052292,0.20878
0.18722,-0.053566,0.18976
0.23334,-0.053662,0.17148
0.28536,-0.052521,0.15391
0.34342,-0.050095,0.13702
0.30247,-0.053697,0.081639
0.26555,-0.055986,0.042991
0.23226,-0.057178,0.017375
0.20224,-0.05746,0.0025622
0.17522,-0.056988,-0.0028954
0.15085,-0.055848,-0.0055503
0.12877,-0.054054,-0.01561
0.10878,-0.051693,-0.032778
0.09069,-0.048846,-0.056666
0.07436,-0.045581,-0.086995
0.084899,-0.053524,-0.090545
0.096318,-0.062006,-0.094204
0.10863,-0.07102,-0.097962
0.12186,-0.080562,-0.10182
0.13601,-0.09063,-0.10575
0.15109,-0.10122,-0.10976
0.16711,-0.11234,-0.11383
0.18406,-0.12399,-0.11793
0.20196,-0.13618,-0.12205
0.2208,-0.14891,-0.12616
0.20776,-0.12394,-0.1253
0.19556,-0.10062,-0.12433
0.1842,-0.078948,-0.12321
0.17366,-0.058911,-0.12195
0.16395,-0.040506,-0.12052
0.15505,-0.02373,-0.11895
0.14696,-0.0085753,-0.11723
0.13966,0.004961,-0.11539
0.13315,0.016885,-0.11343
0.12744,0.027201,-0.11136
0.14407,0.03681,-0.071569
0.16168,0.047028,-0.043472
0.18031,0.057847,-0.024218
0.20001,0.069259,-0.011952
0.2208,0.081256,-0.0053835
0.2427,0.093825,-0.0035573
0.26582,0.1069,-0.0019268
0.29022,0.12044,0.0030788
0.31591,0.13444,0.010973
0.34288,0.14889,0.021351
0.34366,0.14654,0.015002
0.34442,0.14396,0.011111
0.34515,0.14116,0.0087284
0.34583,0.13816,0.0073094
0.34648,0.13496,0.0065328
0.34709,0.13156,0.0062036
0.34766,0.12798,0.0062027
0.34819,0.1242,0.0064525
0.34868,0.12024,0.0069044
0.34913,0.11609,0.0075191
0.33213,0.09766,0.012767
0.31626,0.07903,0.018852
0.30148,0.060197,0.025785
0.28775,0.041158,0.033573
0.27504,0.021908,0.042219
0.26332,0.0024414,0.05173
0.25258,-0.017251,0.062107
0.24279,-0.037178,0.073353
0.23394,-0.05735,0.085469
0.22602,-0.07778,0.098457
0.24765,-0.095904,0.061188
0.27068,-0.11582,0.03328
0.29515,-0.13762,0.013401
0.32107,-0.1614,0.00059977
0.34848,-0.18726,-0.0058299
0.37738,-0.21528,-0.0076965
0.40762,-0.24553,-0.01345
0.4392,-0.2781,-0.0243
0.47213,-0.31303,-0.039974
0.50643,-0.35038,-0.060246
0.48151,-0.35304,-0.035022
0.45766,-0.35541,-0.020483
0.43488,-0.3575,-0.012148
0.41314,-0.35933,-0.0078114
0.3924,-0.36089,-0.0062803
0.37267,-0.36219,-0.0048743
0.35394,-0.36322,-0.0018538
0.33617,-0.36399,0.002497
0.31932,-0.36451,0.0079902
0.30334,-0.36478,0.014466
0.2906,-0.30305,0.012202
0.28089,-0.24672,0.010886
0.27396,-0.19529,0.010121
0.26961,-0.14836,0.009691
0.26767,-0.10556,0.0094743
0.26798,-0.066582,0.0093964
0.27041,-0.031139,0.0094095
0.27485,0.00099915,0.0094815
0.28121,0.03003,0.0095888
0.28942,0.056116,0.009714
0.27591,0.040264,0.0049429
0.2638,0.024562,0.0018046
0.25292,0.0089537,-0.00028554
0.24315,-0.0066074,-0.0016894
0.23438,-0.022161,-0.0026375
0.22654,-0.037743,-0.0032798
0.21953,-0.053383,-0.0037165
0.2133,-0.069112,-0.0040149
0.20779,-0.084953,-0.004222
0.20296,-0.10093,-0.0043697
0.191,-0.11414,-0.0043412
0.18001,-0.12714,-0.0042943
0.16997,-0.13994,-0.0042264
0.16086,-0.15255,-0.0041354
0.15266,-0.16498,-0.0040507
0.14535,-0.17724,-0.0040224
0.13892,-0.18933,-0.0040475
0.13334,-0.20127,-0.0041199
0.12861,-0.21305,-0.0042345
0.12472,-0.22469,-0.0043857
0.13165,-0.23146,-0.0081128
0.13885,-0.23837,-0.014915
0.14632,-0.24541,-0.024541
0.15408,-0.25261,-0.036787
0.16214,-0.25997,-0.051482
0.17051,-0.26749,-0.068482
0.17919,-0.27519,-0.087663
0.18819,-0.28306,-0.10891
0.19749,-0.29111,-0.13213
0.20709,-0.29933,-0.15722
0.24681,-0.31258,-0.1463
0.29187,-0.32502,-0.13785
0.34238,-0.33668,-0.13124
0.39843,-0.34754,-0.12599
0.46007,-0.35762,-0.12175
0.52733,-0.36693,-0.11825
0.6002,-0.37548,-0.11529
0.67864,-0.38329,-0.11274
0.76258,-0.3904,-0.11049
0.85193,-0.39683,-0.1085
0.84458,-0.39961,-0.037083
0.83653,-0.40226,-0.019959
0.82876,-0.40518,-0.0035039
0.82164,-0.40854,0.036574
0.81505,-0.41227,0.09525
0.8089,-0.41632,0.16937
0.80313,-0.42065,0.25667
0.79767,-0.42524,0.35528
0.79249,-0.43008,0.46355
0.78755,-0.43514,0.58002
0.77605,-0.34182,0.54065
0.76973,-0.25532,0.52404
0.76805,-0.1752,0.51746
0.77067,-0.10117,0.51553
0.77738,-0.033024,0.51567
0.788,0.02942,0.5167
0.80238,0.0863,0.5179
0.82041,0.13773,0.51897
0.84197,0.18381,0.51964
0.86699,0.22462,0.51983
0.81592,0.16419,0.39131
0.77085,0.095384,0.30138
0.7314,0.018562,0.23336
0.69736,-0.066087,0.17937
0.66866,-0.15847,0.13524
0.64522,-0.25856,0.098575
0.62704,-0.36637,0.067863
0.61411,-0.48194,0.042105
0.60642,-0.60534,0.0206
0.604,-0.73665,0.0028113
0.66166,-0.62598,0.016168
0.72981,-0.51703,0.030292
0.80814,-0.40974,0.045525
0.89646,-0.3041,0.062149
0.99458,-0.20008,0.080414
1.1023,-0.097699,0.1005
1.2196,0.0029933,0.1226
1.3463,0.10193,0.14684
1.4821,0.19903,0.17337
1.627,0.29418,0.20232
1.5544,0.26412,0.16483
1.4897,0.23636,0.12621
1.4322,0.21048,0.090033
1.3807,0.18614,0.057722
1.3347,0.16306,0.02989
1.2933,0.14101,0.0068124
1.2561,0.11982,-0.011345
1.2226,0.09931,-0.024495
1.1924,0.079356,-0.032559
1.1651,0.059837,-0.035491
1.1023,0.010877,-0.034439
1.0432,-0.037265,-0.032447
0.98768,-0.084648,-0.029843
0.93543,-0.13133,-0.026772
0.88628,-0.17737,-0.023304
0.84005,-0.22281,-0.019497
0.79659,-0.2677,-0.015386
0.75576,-0.31208,-0.011011
0.71745,-0.35598,-0.0064012
0.68154,-0.39944,-0.0015902
0.67965,-0.3568,-0.005752
0.67842,-0.31547,-0.0089264
0.67783,-0.27547,-0.011553
0.67789,-0.2368,-0.013861
0.67858,-0.19949,-0.015967
0.67991,-0.16357,-0.01794
0.68189,-0.12905,-0.019813
0.68451,-0.095959,-0.021612
0.68777,-0.064304,-0.023348
0.69167,-0.034111,-0.025034
0.7186,-0.013378,-0.018318
0.74615,0.0068568,-0.010309
0.77426,0.026615,-0.0013351
0.80293,0.045907,0.0084482
0.83212,0.064745,0.018962
0.86182,0.083136,0.030149
0.892,0.10109,0.041961
0.92264,0.11861,0.054348
0.95372,0.1357,0.067257
0.98522,0.15238,0.080633
1.0354,0.14179,0.029449
1.0876,0.12882,-0.0070365
1.1413,0.11357,-0.034096
1.1965,0.096052,-0.054476
1.2531,0.076301,-0.069671
1.3109,0.054311,-0.080555
1.3699,0.030079,-0.087699
1.4297,0.0036589,-0.095484
1.4901,-0.024917,-0.10673
1.5512,-0.055676,-0.12116
1.4646,-0.023901,-0.10112
1.3818,0.0058398,-0.092122
1.3036,0.033109,-0.073792
1.2299,0.057844,-0.048223
1.1602,0.079988,-0.016666
1.0944,0.099482,0.020119
1.0323,0.11628,0.061587
0.97375,0.13033,0.1073
0.91854,0.1416,0.15689
0.86659,0.15005,0.21007
0.85101,0.14244,0.18936
0.83718,0.13493,0.17819
0.82466,0.12754,0.17244
0.81322,0.12027,0.16996
0.80269,0.11312,0.16957
0.79296,0.10609,0.17061
0.78394,0.099158,0.17269
0.77557,0.092316,0.17558
0.7678,0.085557,0.17913
0.76059,0.078868,0.18327
0.74575,0.073653,0.083167
0.73379,0.068151,0.016385
0.72383,0.062468,-0.027383
0.71543,0.056656,-0.053646
0.7083,0.050752,-0.06565
0.70199,0.0448,-0.068679
0.69486,0.038934,-0.079852
0.68672,0.033142,-0.10057
0.67764,0.027402,-0.12995
0.66768,0.02169,-0.16729
0.68091,0.034201,-0.11326
0.69164,0.046092,-0.086399
0.701,0.057381,-0.074763
0.70952,0.068092,-0.072523
0.71807,0.078227,-0.071009
0.72718,0.087804,-0.0649
0.73675,0.096865,-0.055269
0.7467,0.10544,-0.042777
0.75696,0.11356,-0.027952
0.76749,0.12124,-0.011182
0.78257,0.12795,-0.031332
0.79836,0.13449,-0.045209
0.81456,0.14088,-0.0555
0.83105,0.1471,-0.063599
0.84773,0.15318,-0.070282
0.86457,0.15911,-0.075974
0.88152,0.1649,-0.080931
0.89859,0.17054,-0.085293
0.91575,0.17603,-0.089155
0.93301,0.18139,-0.092566
0.85419,0.17624,-0.088312
0.78207,0.16838,-0.084573
0.71551,0.15783,-0.085975
0.65405,0.14484,-0.090851
0.59621,0.13442,-0.09823
0.54124,0.12844,-0.10754
0.48889,0.12668,-0.11843
0.43893,0.129,-0.13063
0.39114,0.13526,-0.14396
0.34536,0.14534,-0.15825
0.31767,0.12785,-0.14939
0.29225,0.11218,-0.14547
0.26892,0.098147,-0.14485
0.24747,0.085596,-0.14664
0.2277,0.074397,-0.15027
0.20944,0.064435,-0.15542
0.19251,0.055609,-0.16183
0.17679,0.047831,-0.16938
0.16212,0.041024,-0.17793
0.1484,0.035118,-0.18741
0.13191,0.028482,-0.15944
0.11668,0.023615,-0.13414
0.10262,0.020242,-0.11133
0.089971,0.016604,-0.090918
0.078724,0.012206,-0.072776
0.068755,0.0071037,-0.056817
0.059954,0.0013405,-0.042963
0.052217,-0.0050525,-0.031146
0.045449,-0.012058,-0.021308
0.039569,-0.019676,-0.0134
0.039853,-0.017797,-0.014756
0.040118,-0.016,-0.01625
0.040366,-0.014284,-0.017887
0.0406,-0.012648,-0.019672
0.040823,-0.011091,-0.021608
0.041038,-0.0096128,-0.023698
0.041246,-0.0082121,-0.025947
0.041453,-0.0068884,-0.028357
0.04166,-0.0056407,-0.030934
0.041873,-0.0044682,-0.033677
0.040593,-0.012738,-0.024775
0.039727,-0.023106,-0.017031
0.039221,-0.035608,-0.010547
0.039041,-0.050288,-0.0053897
0.039175,-0.067187,-0.0016069
0.039628,-0.086352,0.00076297
0.040429,-0.10782,0.0019364
0.041688,-0.13155,0.0041984
0.043444,-0.15758,0.0081459
0.045713,-0.18592,0.013831
0.046585,-0.17431,0.0084268
0.047888,-0.16279,0.0051522
0.049598,-0.15139,0.003814
0.051663,-0.1402,0.0028094
0.054046,-0.12929,0.00015555
0.056762,-0.1187,-0.0040627
0.059829,-0.10844,-0.0097659
0.063264,-0.098533,-0.016891
0.067084,-0.088986,-0.025382
0.071307,-0.079815,-0.035193
0.073101,-0.083348,-0.036197
0.07493,-0.086969,-0.037276
0.076794,-0.090676,-0.03842
0.078692,-0.09447,-0.039621
0.080624,-0.09835,-0.04087
0.082591,-0.10232,-0.042161
0.08459,-0.10637,-0.043486
0.086622,-0.1105,-0.044839
0.088685,-0.11472,-0.046214
0.090778,-0.11903,-0.047607
0.071661,-0.11708,-0.037741
0.05576,-0.11455,-0.029216
0.04277,-0.11152,-0.021879
0.032423,-0.10806,-0.015622
0.024483,-0.10421,-0.010365
0.018745,-0.10005,-0.0060489
0.015033,-0.095628,-0.0026278
0.013204,-0.090982,-6.7528e-05
0.011572,-0.086386,0.001585
0.0083705,-0.082114,0.0022551
0.004397,-0.078639,-0.0036294
-0.00042079,-0.075616,-0.017463
-0.0060933,-0.07301,-0.039108
-0.012662,-0.070791,-0.068443
-0.020188,-0.06894,-0.10535
-0.02874,-0.067442,-0.14968
-0.038389,-0.066285,-0.20127
-0.049205,-0.065458,-0.25996
-0.061248,-0.064952,-0.32555
-0.074582,-0.064753,-0.39788
-0.091008,-0.076315,-0.27725
-0.10572,-0.090104,-0.18685
-0.11913,-0.10595,-0.11929
-0.13148,-0.12376,-0.070213
-0.14292,-0.14348,-0.03689
-0.15354,-0.16506,-0.017531
-0.16342,-0.18848,-0.010902
-0.17335,-0.21363,-0.0069253
-0.18442,-0.24037,0.0079721
-0.19657,-0.26877,0.033325
-0.18819,-0.23659,0.045041
-0.18022,-0.20711,0.05644
-0.1726,-0.1802,0.067378
-0.16527,-0.1557,0.077776
-0.15818,-0.13348,0.087565
-0.15131,-0.11342,0.096718
-0.14462,-0.095417,0.1052
-0.1381,-0.079357,0.11302
-0.13171,-0.065149,0.12016
-0.12546,-0.052706,0.12664
-0.13586,-0.060454,0.14232
-0.14667,-0.068836,0.15882
-0.15787,-0.07786,0.1761
-0.16946,-0.087535,0.19412
-0.18143,-0.097866,0.21282
-0.19377,-0.10886,0.23216
-0.20646,-0.12052,0.25202
-0.2195,-0.13285,0.27237
-0.23288,-0.14585,0.29308
-0.24658,-0.15952,0.31408
-0.21828,-0.15896,0.27395
-0.19327,-0.15836,0.24617
-0.17093,-0.15769,0.2262
-0.15086,-0.15695,0.21145
-0.13274,-0.15613,0.20032
-0.11634,-0.15522,0.19184
-0.10149,-0.15422,0.18533
-0.088025,-0.15314,0.18035
-0.075827,-0.15197,0.17659
-0.064787,-0.15072,0.17382
-0.051521,-0.16159,0.20363
-0.039547,-0.17308,0.23258
-0.02886,-0.18517,0.26065
-0.019457,-0.19785,0.28789
-0.011343,-0.21111,0.31435
-0.0045155,-0.22493,0.34011
0.0010176,-0.23932,0.36525
0.0052623,-0.25425,0.38984
0.0082125,-0.26973,0.41393
0.0098917,-0.28573,0.43761
0.011404,-0.25149,0.32185
0.012515,-0.21984,0.23519
0.013509,-0.19059,0.16869
0.01454,-0.16359,0.11722
0.015699,-0.13878,0.077562
0.01704,-0.11611,0.047561
0.0186,-0.095517,0.025694
0.020404,-0.076987,0.010828
0.022474,-0.060492,0.0021108
0.024828,-0.04601,-0.0011245
0.031719,-0.072753,-0.00047148
0.04047,-0.10668,0.0017261
0.051327,-0.14831,0.0053895
0.064526,-0.19814,0.010356
0.080289,-0.2566,0.016398
0.098814,-0.32411,0.023235
0.12027,-0.40102,0.03059
0.14479,-0.48768,0.038203
0.17247,-0.58435,0.045877
0.20337,-0.69129,0.053474
0.17636,-0.6659,0.043954
0.15285,-0.64142,0.037871
0.13238,-0.61778,0.033896
0.11453,-0.59491,0.031281
0.098981,-0.57276,0.029624
0.085442,-0.5513,0.028666
0.073673,-0.5305,0.028266
0.063463,-0.51033,0.028312
0.054632,-0.49076,0.028736
0.047022,-0.47176,0.029485
0.034041,-0.46175,0.034431
0.02589,-0.45153,0.036006
0.022527,-0.44114,0.035045
0.019161,-0.43083,0.032391
0.011029,-0.42085,0.028751
-0.0018216,-0.41118,0.024559
-0.019352,-0.40181,0.020151
-0.041534,-0.39272,0.015779
-0.068347,-0.38391,0.011645
-0.099778,-0.37535,0.0079092
-0.098462,-0.36975,0.013158
-0.097005,-0.36409,0.018769
-0.095416,-0.35837,0.024683
-0.093705,-0.3526,0.030854
-0.091881,-0.34677,0.037237
-0.089955,-0.3409,0.043788
-0.087934,-0.33498,0.05047
-0.085827,-0.32902,0.057252
-0.083643,-0.32303,0.064107
-0.081389,-0.317,0.071011
-0.067313,-0.30845,0.1045
-0.054562,-0.30047,0.14141
-0.043059,-0.29299,0.18132
-0.032742,-0.28593,0.22397
-0.023559,-0.27924,0.26912
-0.01547,-0.27288,0.3166
-0.0084427,-0.2668,0.36624
-0.0024529,-0.26098,0.41791
0.0025204,-0.25538,0.47141
0.0064898,-0.24997,0.52665
0.0066281,-0.25431,0.36549
0.0068274,-0.26045,0.25562
0.0067094,-0.26776,0.17703
0.0060877,-0.27591,0.11931
0.0059236,-0.28469,0.076449
0.0068346,-0.29399,0.044729
0.0087561,-0.30372,0.021739
0.011644,-0.31385,0.0058206
0.015467,-0.32433,-0.0041966
0.020203,-0.33516,-0.0091818
0.016303,-0.36539,-0.01063
0.012872,-0.39711,-0.011822
0.0099011,-0.43029,-0.014322
0.0073885,-0.46496,-0.018386
0.0053333,-0.50112,-0.024155
0.0037347,-0.5388,-0.031714
0.0025908,-0.57801,-0.041088
0.0018989,-0.61877,-0.052265
0.0012597,-0.66107,-0.065187
8.365e-05,-0.70494,-0.079784
-0.00037125,-0.67062,-0.069376
-0.00080562,-0.63701,-0.063132
-0.0012136,-0.60414,-0.059314
-0.0015901,-0.57206,-0.057029
-0.0019307,-0.54078,-0.055768
-0.0022323,-0.5103,-0.055252
-0.0024921,-0.48065,-0.0553
-0.0027094,-0.45181,-0.055819
-0.0028828,-0.42381,-0.05673
-0.0030153,-0.39664,-0.057992
-0.0037696,-0.42956,-0.058536
-0.0046689,-0.46378,-0.058254
-0.0057132,-0.49929,-0.057321
-0.006903,-0.53608,-0.055912
-0.0082367,-0.57416,-0.054169
-0.0097152,-0.61351,-0.052222
-0.011338,-0.65413,-0.050167
-0.013104,-0.69603,-0.048093
-0.015014,-0.73919,-0.04606
-0.017068,-0.78363,-0.044125
-0.016792,-0.75447,-0.050341
-0.016551,-0.72704,-0.056329
-0.016341,-0.7012,-0.062131
-0.016161,-0.67684,-0.067799
-0.016009,-0.65386,-0.073361
-0.015884,-0.63215,-0.078843
-0.015783,-0.61162,-0.084252
-0.015708,-0.59221,-0.089596
-0.015655,-0.57382,-0.094869
-0.015625,-0.5564,-0.10007
-0.014022,-0.47799,-0.081722
-0.012438,-0.40652,-0.069117
-0.010909,-0.34175,-0.060003
-0.0094638,-0.28341,-0.053186
-0.0081214,-0.23126,-0.047982
-0.0069,-0.18505,-0.043983
-0.0058138,-0.14454,-0.040929
-0.0048769,-0.10952,-0.038652
-0.0041006,-0.079751,-0.037038
-0.0034962,-0.055006,-0.036009
-0.0072222,-0.049941,-0.053688
-0.013428,-0.044667,-0.074544
-0.022183,-0.039127,-0.098465
-0.033573,-0.033303,-0.12531
-0.047687,-0.027213,-0.15486
-0.064618,-0.020899,-0.18686
-0.08445,-0.014419,-0.22102
-0.10726,-0.007851,-0.25703
-0.13311,-0.0012668,-0.29457
-0.16207,0.0052567,-0.33339
-0.12303,0.0057385,-0.24578
-0.090349,0.0058594,-0.18094
-0.063483,0.0055009,-0.13165
-0.041958,0.0046314,-0.093772
-0.02535,0.0032764,-0.064666
-0.013205,0.0025001,-0.042529
-0.0051167,0.0028794,-0.02605
-0.00072898,0.0042739,-0.014227
0.0004657,0.0065662,-0.0062273
0.0030544,0.0094909,-0.0014256
0.00069099,0.011628,-0.0045364
-0.0018975,0.013989,-0.0092482
-0.0097176,0.016818,-0.016026
-0.022829,0.020088,-0.025349
-0.041287,0.023787,-0.037517
-0.065141,0.027909,-0.052611
-0.094429,0.032447,-0.07051
-0.12918,0.037394,-0.090919
-0.16942,0.042745,-0.11344
-0.21515,0.048495,-0.13762
-0.15741,0.035102,-0.20543
-0.10951,0.025008,-0.27824
-0.07072,0.018125,-0.35523
-0.040511,0.014403,-0.43607
-0.01856,0.01374,-0.52058
-0.004983,0.012836,-0.60867
3.8035e-05,0.009963,-0.69997
0.0031725,0.0045886,-0.79402
0.014822,-0.0041485,-0.89006
0.035353,-0.01636,-0.98749
0.026885,-0.0131,-0.77598
0.019779,-0.0094606,-0.63234
0.0139,-0.0060028,-0.52736
0.0091407,-0.0029749,-0.4469
0.0054478,-0.00048841,-0.38306
0.0027736,0.001405,-0.33112
0.0010781,0.0026865,-0.28802
0.0003239,0.0033522,-0.2517
6.2034e-05,0.0034447,-0.2207
-0.0010697,0.0031495,-0.19391
-0.00057059,0.0028906,-0.19459
-0.00023563,0.0023566,-0.19455
-7.0742e-05,0.0015028,-0.19389
-7.8832e-05,0.00033835,-0.19269
-0.00019555,-0.0011348,-0.19102
-0.00021861,-0.0029319,-0.18895
-0.00013157,-0.0050521,-0.18653
6.5275e-05,-0.0074966,-0.1838
0.00037239,-0.010268,-0.18081
0.00078853,-0.013372,-0.17759
0.0034408,-0.014331,-0.13551
0.0070928,-0.015337,-0.10251
0.011729,-0.016415,-0.076304
0.017342,-0.017577,-0.055345
0.023931,-0.018829,-0.038585
0.031502,-0.020174,-0.025313
0.040065,-0.021613,-0.015088
0.049635,-0.023148,-0.0076284
0.060227,-0.024782,-0.002776
0.071855,-0.02652,-0.00042642
0.061862,-0.024844,-9.5956e-05
0.052579,-0.023222,0.00059857
0.044017,-0.021655,0.0021218
0.03618,-0.020146,0.0043984
0.029077,-0.018697,0.0073519
0.022713,-0.017313,0.010916
0.017096,-0.015997,0.015024
0.012231,-0.014753,0.019629
0.0081238,-0.013584,0.024682
0.0047795,-0.012495,0.03016
0.0098809,-0.010198,0.044713
0.016295,-0.0083579,0.061979
0.024013,-0.0069699,0.081858
0.033026,-0.0060263,0.10431
0.043327,-0.0055193,0.12931
0.054909,-0.0054396,0.15692
0.067767,-0.0057779,0.1872
0.081898,-0.0065237,0.22031
0.097303,-0.0076219,0.25633
0.11404,-0.0086077,0.29545
0.093756,-0.0067585,0.2225
0.076262,-0.0046801,0.16643
0.061251,-0.0023845,0.12252
0.048472,0.00013466,0.087917
0.037706,0.0028921,0.060706
0.028762,0.0059066,0.039583
0.021469,0.0091982,0.023594
0.015667,0.012786,0.012034
0.011216,0.016685,0.0043719
0.0079974,0.020904,0.00022829
0.0058332,0.0113,0.0011668
0.0040752,0.0047035,0.0017698
0.0027303,0.0009295,0.0019198
0.0018099,-0.00021063,0.0016315
0.00097904,-0.0013833,0.0011613
-6.5525e-05,-0.0050342,0.00089095
-0.001343,-0.011325,0.00093283
-0.0029165,-0.020453,0.0012433
-0.0048506,-0.032594,0.0017998
-0.0072088,-0.047907,0.0026104
-0.005831,-0.037747,0.0076275
-0.0047937,-0.028869,0.016941
-0.0040683,-0.021057,0.03024
-0.0036354,-0.014147,0.047384
-0.003487,-0.0080427,0.06835
-0.0036282,-0.0027265,0.093163
-0.004075,0.0017552,0.12183
-0.0048521,0.0053018,0.15432
-0.0059896,0.0077821,0.19053
-0.0073853,0.0098872,0.23028
-0.0047846,0.011016,0.24716
-0.0025027,0.012804,0.26555
-0.00053888,0.015269,0.28537
0.0011039,0.018429,0.30658
0.0024217,0.02231,0.32913
0.0034076,0.026937,0.35302
0.0043329,0.032293,0.37817
0.0058204,0.038297,0.4046
0.0079124,0.044967,0.43225
0.010628,0.052318,0.46111
0.015321,0.05808,0.3772
0.021228,0.064897,0.30698
0.0283,0.072663,0.24732
0.036512,0.081323,0.19626
0.045858,0.090857,0.15245
0.056352,0.10127,0.11499
0.068019,0.11259,0.083223
0.080893,0.12484,0.056723
0.095015,0.13807,0.03518
0.11043,0.15231,0.018377
0.099995,0.15576,0.032899
0.090301,0.15927,0.050349
0.081363,0.16279,0.070564
0.073198,0.1663,0.093431
0.065817,0.16975,0.11888
0.059229,0.17313,0.14686
0.053441,0.1764,0.17734
0.048457,0.17953,0.21029
0.04428,0.18251,0.24569
0.040912,0.18531,0.28353
0.040167,0.16947,0.23795
0.039945,0.15445,0.19658
0.040289,0.14021,0.15933
0.041246,0.12669,0.12614
0.042857,0.11384,0.096943
0.045161,0.10162,0.071669
0.048192,0.089984,0.050265
0.051979,0.078886,0.032679
0.056541,0.068292,0.01887
0.061887,0.058169,0.0088018
0.051924,0.055248,0.0063199
0.043199,0.052342,0.004427
0.03561,0.049453,0.0029926
0.029062,0.046585,0.0019168
0.023471,0.043743,0.0011283
0.018758,0.04093,0.00056848
0.014851,0.038148,0.00019452
0.011685,0.035402,-2.8729e-05
0.0092005,0.032694,-0.00012822
0.0073432,0.030027,-0.00012733
0.0096414,0.033988,-8.1238e-05
0.012665,0.038051,5.4376e-05
0.016465,0.042194,0.00027971
0.021089,0.046396,0.00059001
0.02659,0.050636,0.00097782
0.033015,0.054893,0.001432
0.040414,0.059145,0.0019401
0.048831,0.063372,0.0024871
0.058311,0.067556,0.0030584
0.068895,0.071676,0.0036385
0.070083,0.053703,0.013785
0.071946,0.037645,0.030252
0.074455,0.023376,0.05269
0.077591,0.010811,0.080851
0.08134,-9.4547e-05,0.11454
0.0857,-0.0093465,0.15358
0.090675,-0.016919,0.1978
0.096278,-0.022762,0.24702
0.10253,-0.026807,0.30103
0.10923,-0.029892,0.35966
0.081574,-0.022607,0.29646
0.058523,-0.016693,0.24485
0.039793,-0.011723,0.20174
0.025104,-0.007449,0.16523
0.014161,-0.0038185,0.13404
0.0066882,-0.00078646,0.1073
0.0024344,0.001687,0.084378
0.0011731,0.0036387,0.064777
0.00033875,0.0056764,0.048133
-0.0030727,0.008534,0.034167
-0.0031188,0.010377,0.048948
-0.0030445,0.012563,0.066661
-0.0028327,0.015136,0.087281
-0.0024676,0.01814,0.11071
-0.0019348,0.02162,0.13679
-0.001221,0.025621,0.16533
-0.00031457,0.030182,0.1961
0.00079519,0.035345,0.22888
0.0021175,0.041146,0.26345
0.0036606,0.04762,0.2996
0.011751,0.059269,0.23139
0.018193,0.072324,0.17581
0.023059,0.08682,0.13017
0.027725,0.10246,0.092806
0.034538,0.11872,0.062606
0.043562,0.13563,0.038889
0.054835,0.15326,0.021233
0.068407,0.17166,0.0093827
0.084336,0.19088,0.0031897
0.10268,0.21098,0.0018248
0.11188,0.21404,0.0006542
0.12174,0.21703,-0.0010254
0.13225,0.21993,-0.0030362
0.14341,0.22274,-0.0052567
0.15523,0.22545,-0.007595
0.1677,0.22807,-0.0099918
0.1808,0.23058,-0.012396
0.19455,0.23299,-0.014777
0.20892,0.23528,-0.017102
0.22391,0.23746,-0.019351
0.21048,0.24473,-0.030824
0.19791,0.25162,-0.042899
0.18617,0.25816,-0.055157
0.17525,0.26433,-0.067358
0.16511,0.27016,-0.07934
0.15573,0.27565,-0.091006
0.14709,0.28081,-0.10227
0.13918,0.28563,-0.11309
0.13198,0.29014,-0.12341
0.12546,0.29433,-0.13321
0.12873,0.30089,-0.12649
0.13202,0.30759,-0.12481
0.13533,0.31439,-0.12679
0.13866,0.32128,-0.13164
0.14202,0.32826,-0.1388
0.1454,0.3353,-0.14792
0.1488,0.3424,-0.15874
0.15223,0.34956,-0.17111
0.15568,0.35677,-0.1849
0.15916,0.36404,-0.20002
0.1727,0.37251,-0.18764
0.18716,0.38084,-0.17408
0.20252,0.38901,-0.15993
0.21877,0.39702,-0.14563
0.23591,0.40486,-0.1315
0.25391,0.41252,-0.11779
0.27276,0.42,-0.10464
0.29247,0.42729,-0.092202
0.31301,0.43438,-0.080541
0.33438,0.44126,-0.069731
0.30145,0.41698,-0.057662
0.27109,0.39349,-0.04807
0.24312,0.37078,-0.040199
0.21738,0.34881,-0.033612
0.19374,0.32757,-0.028035
0.17208,0.30703,-0.023287
0.1523,0.28717,-0.019244
0.13429,0.26797,-0.015811
0.11796,0.24941,-0.012917
0.10325,0.23147,-0.010505
0.0997,0.22177,-0.0058284
0.096456,0.21268,-0.0025327
0.093506,0.20426,0.0072486
0.090794,0.1964,0.022658
0.088277,0.18902,0.043075
0.085918,0.18204,0.068052
0.083689,0.17543,0.097247
0.081566,0.16912,0.1304
0.079533,0.16309,0.1673
0.077577,0.1573,0.20777
0.081772,0.16392,0.1444
0.086037,0.17099,0.09677
0.09038,0.17846,0.060854
0.094814,0.18629,0.03412
0.099356,0.19448,0.01487
0.10402,0.20302,0.0019364
0.10882,0.21191,-0.0055279
0.11377,0.22116,-0.0081422
0.11884,0.23063,-0.010688
0.12399,0.2402,-0.017212
0.11932,0.2274,-0.016716
0.11474,0.21496,-0.016397
0.11026,0.20288,-0.016203
0.10588,0.19116,-0.016099
0.1016,0.1798,-0.01606
0.097414,0.16879,-0.016068
0.09333,0.15813,-0.016109
0.089347,0.14782,-0.016173
0.085463,0.13786,-0.016252
0.08168,0.12824,-0.016339
0.091611,0.14299,-0.022155
0.10209,0.15867,-0.028998
0.11312,0.17528,-0.036869
0.1247,0.19283,-0.045768
0.13684,0.21132,-0.055692
0.14952,0.23075,-0.066635
0.16276,0.25112,-0.078585
0.17657,0.27243,-0.091531
0.19093,0.29467,-0.10545
0.20587,0.31784,-0.12033
0.21031,0.34197,-0.17177
0.21518,0.36689,-0.22631
0.22048,0.39263,-0.28263
0.22622,0.41918,-0.33998
0.2324,0.44656,-0.39795
0.23902,0.47475,-0.45634
0.24608,0.50374,-0.51496
0.25358,0.53352,-0.57374
0.26151,0.56406,-0.63246
0.26987,0.59535,-0.69102
0.26904,0.51042,-0.52656
0.27485,0.4303,-0.41532
0.28689,0.35467,-0.33302
0.30478,0.28308,-0.2687
0.32822,0.21515,-0.21664
0.35697,0.15051,-0.17362
0.39088,0.088842,-0.13766
0.42988,0.029877,-0.10748
0.47391,-0.026602,-0.082214
0.52301,-0.080764,-0.061269
0.43933,-0.021335,-0.12947
0.36818,0.036182,-0.20863
0.30855,0.092281,-0.29466
0.25967,0.14729,-0.38578
0.22103,0.20142,-0.4811
0.19232,0.25481,-0.58004
0.17336,0.30753,-0.68208
0.1641,0.3596,-0.78678
0.16456,0.41099,-0.89358
0.1748,0.46166,-1.002
0.1911,0.48763,-0.69232
0.20672,0.51046,-0.48504
0.22242,0.53132,-0.33639
0.23855,0.55078,-0.22667
0.25531,0.56916,-0.14559
0.27278,0.58668,-0.087273
0.29105,0.60348,-0.048111
0.31015,0.61966,-0.025699
0.33011,0.6353,-0.018368
0.35121,0.65068,-0.013043
0.33545,0.62871,-0.014049
0.31999,0.60677,-0.014095
0.30482,0.58488,-0.013719
0.28995,0.56306,-0.013149
0.27541,0.54133,-0.012481
0.2612,0.51971,-0.011773
0.24734,0.49822,-0.011058
0.23384,0.47689,-0.010356
0.22071,0.45573,-0.0096812
0.20797,0.43476,-0.0090388
0.22288,0.46357,-0.013426
0.23839,0.4933,-0.015397
0.25438,0.52385,-0.019766
0.27087,0.55521,-0.026002
0.28787,0.58738,-0.033556
0.3054,0.62036,-0.042072
0.32346,0.65414,-0.051316
0.34205,0.6887,-0.061119
0.36119,0.72404,-0.071352
0.38088,0.76014,-0.081907
0.36535,0.75211,-0.11431
0.35167,0.74383,-0.14826
0.3397,0.73529,-0.18311
0.32931,0.72651,-0.21857
0.32038,0.7175,-0.25444
0.31282,0.70826,-0.29054
0.30652,0.6988,-0.32671
0.30142,0.68913,-0.36279
0.2972,0.67936,-0.39858
0.29238,0.67013,-0.43392
0.29725,0.67599,-0.39185
0.30125,0.68148,-0.36783
0.30475,0.68669,-0.35421
0.30835,0.69148,-0.347
0.3121,0.69592,-0.34394
0.31602,0.70004,-0.34373
0.32009,0.70387,-0.34557
0.3243,0.70742,-0.34901
0.32863,0.71073,-0.35374
0.33307,0.71379,-0.35959
0.3166,0.68152,-0.33243
0.30124,0.65115,-0.31064
0.28703,0.62247,-0.2926
0.27397,0.59531,-0.27736
0.26208,0.5695,-0.26432
0.25129,0.54492,-0.25305
0.2407,0.52186,-0.24325
0.22995,0.50035,-0.23469
0.21896,0.48032,-0.2272
0.20765,0.4617,-0.22065
0.21497,0.46142,-0.1769
0.21806,0.46283,-0.1412
0.22334,0.46295,-0.11189
0.23275,0.46087,-0.087888
0.24625,0.45662,-0.06845
0.26378,0.4502,-0.053057
0.2853,0.44161,-0.041342
0.3108,0.43084,-0.033022
0.34026,0.41788,-0.027886
0.37367,0.4027,-0.02576
0.33141,0.40959,-0.026482
0.29598,0.41394,-0.02752
0.26671,0.41599,-0.028503
0.24303,0.41593,-0.029324
0.22446,0.41391,-0.029973
0.21058,0.41005,-0.03046
0.20106,0.40445,-0.030805
0.19562,0.39717,-0.031019
0.19033,0.39008,-0.031104
0.18155,0.38496,-0.031056
0.19448,0.40437,-0.043347
0.20727,0.42447,-0.058521
0.21993,0.4453,-0.075921
0.23249,0.46688,-0.095084
0.24495,0.48922,-0.11569
0.25734,0.51232,-0.13748
0.27023,0.53589,-0.16029
0.2839,0.55978,-0.18393
0.29832,0.58401,-0.20828
0.31351,0.60854,-0.23318
0.32436,0.61958,-0.20539
0.33605,0.62978,-0.18543
0.3486,0.63932,-0.17026
0.36198,0.6483,-0.15817
0.37618,0.65679,-0.14812
0.39114,0.66485,-0.13949
0.40683,0.6725,-0.13192
0.42322,0.67977,-0.12513
0.44025,0.68669,-0.11899
0.45789,0.69329,-0.11337
0.42866,0.66599,-0.077104
0.40127,0.63892,-0.055224
0.37564,0.61224,-0.042717
0.35169,0.58602,-0.03693
0.32941,0.5604,-0.033635
0.30882,0.53563,-0.026582
0.28983,0.51166,-0.016196
0.27234,0.48841,-0.0029703
0.25626,0.46583,0.012704
0.24152,0.44387,0.03053
0.25374,0.46102,0.011059
0.26674,0.47853,-0.0033647
0.28047,0.49633,-0.01416
0.29495,0.51437,-0.022214
0.31014,0.53261,-0.028106
0.32605,0.55103,-0.032207
0.34268,0.5696,-0.034765
0.36003,0.58829,-0.036276
0.37804,0.60699,-0.038745
0.39672,0.62568,-0.042416
0.37007,0.61397,-0.037414
0.3475,0.60005,-0.035236
0.32889,0.58429,-0.030801
0.31403,0.56684,-0.024179
0.30263,0.54781,-0.015725
0.29046,0.52958,-0.0056635
0.27527,0.5134,0.0058522
0.25717,0.49922,0.018716
0.23629,0.48702,0.032839
0.2127,0.47677,0.048158
0.22308,0.48403,0.007774
0.2337,0.49251,-0.015288
0.24446,0.50192,-0.026001
0.25526,0.51201,-0.0287
0.26583,0.52221,-0.036134
0.27612,0.53242,-0.049981
0.28616,0.54265,-0.069423
0.29597,0.55293,-0.093861
0.30557,0.56325,-0.12283
0.31497,0.57363,-0.15596
0.30235,0.55548,-0.16517
0.28983,0.53791,-0.17404
0.27739,0.5209,-0.1825
0.26507,0.50443,-0.1905
0.25286,0.48849,-0.19798
0.24077,0.47306,-0.20494
0.22881,0.45812,-0.21134
0.21698,0.44366,-0.21718
0.20529,0.42966,-0.22246
0.19374,0.41612,-0.22718
0.23169,0.44512,-0.16937
0.26597,0.47694,-0.13208
0.29695,0.51191,-0.10707
0.32485,0.55025,-0.089846
0.35119,0.59126,-0.077788
0.38166,0.63171,-0.06928
0.41685,0.6713,-0.063302
0.45679,0.71005,-0.059181
0.5015,0.74796,-0.056465
0.55096,0.78503,-0.054837
0.53646,0.76582,-0.049164
0.52255,0.74739,-0.042506
0.50912,0.7296,-0.037346
0.49614,0.71236,-0.035006
0.48365,0.69578,-0.03127
0.47167,0.67991,-0.023473
0.46017,0.66472,-0.011402
0.44912,0.65015,0.005055
0.43849,0.63618,0.025953
0.42826,0.62276,0.051327
0.37463,0.5672,0.028523
0.32848,0.51449,0.010088
0.28944,0.46423,-0.00357
0.25715,0.41606,-0.012202
0.22792,0.3717,-0.015664
0.19703,0.33354,-0.015141
0.16418,0.30094,-0.018851
0.12924,0.27354,-0.028294
0.09207,0.25106,-0.043496
0.052577,0.23327,-0.064476
0.037787,0.21208,-0.045127
0.024334,0.19272,-0.029851
0.012116,0.17503,-0.018305
0.0010403,0.15887,-0.010251
-0.0089821,0.1441,-0.0055178
-0.018031,0.13062,-0.0038663
-0.026128,0.11844,-0.0012683
-0.033318,0.10753,0.0042256
-0.039675,0.097792,0.012561
-0.045263,0.089152,0.023695
-0.0298,0.099109,0.023744
-0.013251,0.11133,0.023577
0.0044325,0.12587,0.023207
0.023308,0.14281,0.022643
0.043435,0.16223,0.021891
0.064874,0.1842,0.02096
0.087685,0.20881,0.019854
0.11193,0.23612,0.018582
0.13766,0.26621,0.017149
0.16493,0.29915,0.015565
0.11797,0.27155,0.016511
0.06695,0.25193,0.017024
0.011819,0.23992,0.01715
-0.047541,0.23529,0.016922
-0.11127,0.23793,0.016363
-0.17953,0.24782,0.015487
-0.25245,0.26506,0.014303
-0.33014,0.28979,0.012817
-0.41267,0.32219,0.011036
-0.50006,0.36247,0.0089667
-0.46515,0.33448,0.0067159
-0.43133,0.30796,0.0060951
-0.3986,0.2828,0.0064575
-0.367,0.25894,0.0075092
-0.33656,0.23632,0.0091199
-0.30729,0.21489,0.011236
-0.27922,0.1946,0.013843
-0.25236,0.17543,0.016948
-0.22676,0.15734,0.020569
-0.20242,0.14029,0.024729
-0.22543,0.15605,0.024716
-0.24968,0.17273,0.024444
-0.27514,0.19035,0.023933
-0.30181,0.20888,0.023206
-0.32967,0.22835,0.022291
-0.35871,0.24874,0.021213
-0.38891,0.27005,0.019999
-0.42025,0.29228,0.018671
-0.45273,0.31543,0.017249
-0.48632,0.33949,0.015748
-0.42305,0.29582,0.0025149
-0.36663,0.25679,-0.0033719
-0.31629,0.22182,-0.0051654
-0.27143,0.19045,-0.0049503
-0.23149,0.16227,-0.0057505
-0.19604,0.13699,-0.0075388
-0.16471,0.1143,-0.0099387
-0.13716,0.093984,-0.012698
-0.11309,0.0758,-0.015638
-0.092251,0.059551,-0.018634
-0.10278,0.067298,-0.023712
-0.11378,0.075402,-0.029574
-0.12523,0.083859,-0.036281
-0.13712,0.092665,-0.043891
-0.14942,0.10182,-0.052456
-0.16214,0.11131,-0.062024
-0.17525,0.12116,-0.072627
-0.18874,0.13134,-0.084297
-0.20261,0.14187,-0.097044
-0.21686,0.15274,-0.11088
-0.19853,0.13993,-0.064507
-0.1817,0.12831,-0.034736
-0.1662,0.11772,-0.016486
-0.15187,0.10803,-0.006716
-0.13857,0.099126,-0.0034867
-0.12632,0.090886,-0.00093295
-0.11515,0.083198,0.0059403
-0.10494,0.075986,0.016507
-0.095609,0.069182,0.030308
-0.087072,0.062731,0.047011
-0.063767,0.046071,0.042388
-0.044423,0.032265,0.038926
-0.02844,0.02168,0.03622
-0.015669,0.014106,0.034005
-0.0059642,0.0093476,0.032098
0.00081665,0.0072465,0.030377
0.004805,0.0077024,0.028749
0.0076354,0.0095482,0.027193
0.013508,0.0097201,0.025788
0.022801,0.0080565,0.02452
0.024628,0.01135,0.038866
0.02674,0.014817,0.056671
0.029144,0.018465,0.077934
0.031851,0.0223,0.10262
0.034872,0.02633,0.13063
0.038225,0.030562,0.16188
0.041925,0.035003,0.19625
0.045999,0.039658,0.23361
0.050466,0.044531,0.27382
0.055346,0.049631,0.31679
0.055891,0.05192,0.27244
0.056132,0.053962,0.23655
0.056166,0.05579,0.20677
0.056061,0.057429,0.18157
0.055861,0.058896,0.15991
0.0556,0.060206,0.14105
0.055299,0.06137,0.12447
0.054978,0.062396,0.10978
0.054649,0.06329,0.096687
0.054325,0.064059,0.084959
0.045157,0.051219,0.065974
0.037002,0.039922,0.050006
0.029823,0.030105,0.036715
0.023582,0.021708,0.025823
0.01824,0.014671,0.017109
0.013761,0.0089341,0.01038
0.010104,0.0044359,0.0054676
0.0072327,0.0011139,0.0022182
0.0051098,-0.0010976,0.00049061
0.0037075,-0.0022665,4.56e-05
0.008971,-0.0017254,0.00024402
0.017321,0.00075228,0.00055917
0.028728,0.005129,0.00097932
0.043167,0.011374,0.0014909
0.060611,0.01946,0.0020805
0.081037,0.029365,0.0027446
0.10442,0.041065,0.0034759
0.13075,0.054541,0.0042596
0.16001,0.069772,0.0050807
0.19218,0.08674,0.0059212
0.18612,0.088788,0.0056903
0.18017,0.090559,0.0055895
0.17432,0.092064,0.0056732
0.16858,0.093312,0.0059907
0.16294,0.094314,0.0065925
0.1574,0.09508,0.0075216
0.15195,0.095619,0.0088213
0.1466,0.095942,0.010528
0.14135,0.096058,0.012679
0.1362,0.095977,0.015305
0.11946,0.088969,0.013908
0.1042,0.082415,0.011789
0.090389,0.076233,0.0092938
0.077999,0.070345,0.0067216
0.067002,0.064671,0.0043279
0.057375,0.059134,0.0023251
0.049096,0.053658,0.00089197
0.042142,0.048167,0.0001768
0.036493,0.042585,-0.00019396
0.031539,0.037338,-0.0014114
0.027735,0.032493,0.0028161
0.024243,0.028166,0.019531
0.021005,0.024244,0.050412
0.018131,0.020569,0.095783
0.015691,0.017124,0.15642
0.013756,0.013973,0.23288
0.012421,0.011204,0.32514
0.011787,0.0089176,0.43259
0.011958,0.0072106,0.55417
0.01303,0.0061734,0.68865
0.013771,0.0067548,0.50873
0.015789,0.0078028,0.38055
0.019041,0.0091588,0.28437
0.023556,0.010708,0.20996
0.029372,0.012367,0.15136
0.036518,0.014085,0.10492
0.044997,0.015845,0.068308
0.054784,0.017665,0.040046
0.065827,0.019595,0.019232
0.078057,0.021703,0.0053386
0.053678,0.022765,0.0084635
0.035021,0.021696,0.011449
0.021663,0.01873,0.014279
0.013198,0.014081,0.016946
0.0074048,0.0096039,0.019508
-7.5302e-05,0.0091113,0.022098
-0.0094434,0.012723,0.024804
-0.020877,0.020619,0.027684
-0.034821,0.032865,0.030765
-0.053394,0.047703,0.034103
-0.056424,0.050708,0.052049
-0.059268,0.053634,0.073537
-0.061922,0.056464,0.098384
-0.064398,0.059185,0.12639
-0.066707,0.061788,0.15735
-0.06887,0.064267,0.19109
-0.070904,0.066618,0.22743
-0.07283,0.068841,0.26622
-0.074662,0.070938,0.30732
-0.07642,0.072911,0.35063
-0.057094,0.057754,0.31419
-0.040848,0.044936,0.28496
-0.027444,0.03415,0.2608
-0.016668,0.025142,0.24038
-0.0083207,0.017697,0.22277
-0.0022299,0.011628,0.20735
0.0021123,0.0071559,0.19363
0.0053026,0.0046452,0.18124
0.007451,0.0039955,0.1699
0.0087905,0.0049837,0.1594
0.010873,0.0062657,0.19263
0.01325,0.0077852,0.22861
0.015929,0.0095664,0.26691
0.018911,0.011631,0.30706
0.022203,0.014001,0.34864
0.025808,0.016695,0.39126
0.029736,0.019731,0.43455
0.033993,0.023126,0.47828
0.038589,0.026895,0.5222
0.043533,0.031051,0.5662
0.042621,0.024674,0.4782
0.044465,0.016764,0.40515
0.04874,0.0073541,0.34292
0.055216,-0.0035402,0.289
0.06374,-0.015924,0.24175
0.074212,-0.029824,0.20006
0.086577,-0.045285,0.16319
0.10081,-0.062372,0.13062
0.11692,-0.081155,0.102
0.13493,-0.10172,0.077073
0.13023,-0.10441,0.06905
0.12593,-0.10662,0.063224
0.12205,-0.10834,0.059043
0.1186,-0.10954,0.05611
0.11559,-0.11024,0.054167
0.11305,-0.11041,0.053012
0.11098,-0.11006,0.052522
0.1094,-0.10918,0.052582
0.1077,-0.10839,0.053137
0.10548,-0.10809,0.054125
0.10248,-0.10386,0.05524
0.099282,-0.10018,0.05525
0.095992,-0.096938,0.054374
0.09318,-0.093534,0.052788
0.090908,-0.089892,0.050662
0.089165,-0.086004,0.048125
0.087942,-0.08186,0.045299
0.08723,-0.077451,0.042273
0.087018,-0.072769,0.039128
0.087298,-0.067806,0.035926
0.096555,-0.078124,0.022601
0.1064,-0.089095,0.012905
0.11687,-0.10077,0.0063736
0.12798,-0.11321,0.0026376
0.13976,-0.12644,0.001403
0.15225,-0.14051,0.000725
0.16551,-0.15543,-0.00195
0.17956,-0.17123,-0.0064717
0.1944,-0.18791,-0.01268
0.21005,-0.2055,-0.020445
0.21127,-0.21011,-0.012699
0.2126,-0.2145,-0.0068655
0.21403,-0.21868,-0.0026428
0.21557,-0.22265,0.00016022
0.2172,-0.22642,0.0016804
0.21893,-0.23,0.0020202
0.22074,-0.2334,0.0026019
0.22261,-0.23664,0.0042716
0.22455,-0.23971,0.0070206
0.22655,-0.24263,0.010842
0.23469,-0.2517,0.016878
0.24316,-0.26083,0.023439
0.25198,-0.27002,0.030243
0.26115,-0.27928,0.037115
0.27069,-0.28861,0.043961
0.2806,-0.29802,0.050725
0.2909,-0.30752,0.057383
0.30159,-0.31712,0.063922
0.31269,-0.32683,0.070339
0.3242,-0.33667,0.07663
0.30776,-0.32224,0.030758
0.29179,-0.30829,0.0057976
0.27632,-0.29476,-0.002055
0.26146,-0.28144,-0.0096101
0.24725,-0.26812,-0.030604
0.23363,-0.25478,-0.064147
0.22056,-0.2414,-0.10964
0.20801,-0.22794,-0.16665
0.19594,-0.2144,-0.23487
0.18416,-0.20088,-0.31407
0.1896,-0.20739,-0.239
0.19682,-0.21215,-0.17837
0.2059,-0.21514,-0.12921
0.2168,-0.21642,-0.089696
0.22951,-0.21604,-0.058646
0.24402,-0.21403,-0.035271
0.26033,-0.21038,-0.019018
0.27847,-0.20511,-0.0094966
0.29844,-0.1982,-0.0064171
0.32033,-0.18973,-0.0040045
0.30395,-0.19499,-0.0061311
0.28902,-0.19975,-0.0072183
0.27544,-0.20403,-0.0076518
0.2631,-0.20781,-0.0086743
0.25189,-0.21112,-0.010415
0.24176,-0.21395,-0.012849
0.23261,-0.21634,-0.015966
0.2244,-0.21828,-0.019759
0.21707,-0.2198,-0.024229
0.21055,-0.22089,-0.029378
0.20067,-0.20211,-0.03251
0.19211,-0.18369,-0.035131
0.18482,-0.16558,-0.037293
0.17875,-0.14774,-0.039054
0.17385,-0.13012,-0.04047
0.1701,-0.11268,-0.041587
0.16745,-0.095396,-0.042446
0.16587,-0.078225,-0.043079
0.16535,-0.061142,-0.043516
0.16585,-0.044124,-0.043778
0.14706,-0.028859,-0.050435
0.13004,-0.015672,-0.057502
0.11465,-0.0043892,-0.064961
0.10077,0.0051488,-0.072794
0.0883,0.013085,-0.080983
0.077142,0.019545,-0.089517
0.067214,0.024644,-0.098379
0.058447,0.028481,-0.10756
0.05078,0.031145,-0.11705
0.044165,0.03271,-0.12683
0.051378,0.036404,-0.10774
0.058989,0.04038,-0.090045
0.067015,0.044652,-0.073809
0.075478,0.04924,-0.059085
0.084406,0.054163,-0.045917
0.093827,0.059445,-0.03435
0.10378,0.065111,-0.024427
0.11429,0.071187,-0.016188
0.1254,0.077698,-0.0096739
0.13716,0.08467,-0.0049241
0.16653,0.09803,-0.0025499
0.19927,0.11235,-0.0015106
0.23546,0.12764,-0.0015391
0.27519,0.14387,-0.0010254
0.31852,0.16104,0.00031428
0.3655,0.17916,0.0023284
0.41615,0.19822,0.0048849
0.4705,0.21823,0.0078768
0.52857,0.23917,0.011221
0.59036,0.26105,0.014849
0.55615,0.24335,0.0040598
0.52291,0.22646,-0.0014769
0.49062,0.21037,-0.0038126
0.45927,0.19506,-0.0041723
0.42883,0.18054,-0.0053458
0.39931,0.16677,-0.0078864
0.37073,0.15373,-0.011592
0.34309,0.14137,-0.016343
0.31641,0.12968,-0.02205
0.29071,0.11861,-0.028653
0.24063,0.10948,-0.011053
0.1976,0.10009,-0.003429
0.16087,0.09044,-0.001627
0.12984,0.080507,0.0018232
0.10392,0.070317,0.008096
0.082561,0.059903,0.016434
0.06527,0.049281,0.026348
0.051227,0.038975,0.037542
0.03808,0.031584,0.049881
0.025414,0.027264,0.063291
0.040517,0.037903,0.048667
0.05872,0.050813,0.03598
0.080012,0.065978,0.025098
0.10438,0.083384,0.015975
0.13179,0.10302,0.0085713
0.16224,0.12489,0.0028206
0.19567,0.14897,-0.0013841
0.23207,0.17528,-0.0041823
0.2714,0.20379,-0.0057371
0.31362,0.23451,-0.0073681
0.32053,0.24132,-0.0074741
0.32647,0.24961,-0.0076599
0.33145,0.25936,-0.0079034
0.3355,0.27053,-0.0081949
0.33863,0.28311,-0.0085281
0.34087,0.29708,-0.0089033
0.34223,0.31242,-0.0093185
0.34271,0.32911,-0.0097601
0.34235,0.34713,-0.010225
0.34116,0.36646,-0.010725
0.30489,0.34878,-0.0098147
0.26987,0.33271,-0.0088179
0.23605,0.31823,-0.0078336
0.2034,0.3053,-0.0069079
0.17188,0.2939,-0.006057
0.14148,0.284,-0.0052879
0.11215,0.27558,-0.0046014
0.083878,0.2686,-0.0039974
0.056643,0.26306,-0.0034752
0.030425,0.25892,-0.0030335
0.037573,0.23586,-0.002621
0.044117,0.21394,-0.0022423
0.050035,0.19318,-0.0018967
0.055307,0.17361,-0.0015829
0.059914,0.15527,-0.0013007
0.063836,0.13818,-0.0010491
0.067052,0.12237,-0.0008283
0.069545,0.10787,-0.00063779
0.071292,0.094701,-0.00047818
0.072277,0.082904,-0.00034917
0.072048,0.090274,0.0015882
0.071491,0.098204,0.0040455
0.070606,0.10669,0.0070096
0.069396,0.11572,0.010469
0.067862,0.1253,0.014413
0.066007,0.13542,0.01883
0.063833,0.14608,0.02371
0.061341,0.15728,0.029044
0.058535,0.169,0.034821
0.055416,0.18125,0.041034
0.064227,0.15333,0.018409
0.07065,0.13049,0.0047559
0.075136,0.11179,-0.0023718
0.078042,0.096495,-0.0044582
0.079608,0.083926,-0.0055943
0.080005,0.073485,-0.010261
0.07941,0.064845,-0.018053
0.07795,0.057759,-0.028656
0.07571,0.052045,-0.041853
0.072736,0.047582,-0.057487
0.071018,0.045492,-0.076067
0.069212,0.043475,-0.096656
0.067578,0.041154,-0.11906
0.066129,0.038518,-0.14313
0.064865,0.035573,-0.16872
0.063789,0.032327,-0.19569
0.062899,0.028785,-0.22391
0.062199,0.024956,-0.25329
0.061688,0.020843,-0.28369
0.061368,0.016454,-0.31505
0.063935,0.015865,-0.28849
0.066568,0.015077,-0.26694
0.069265,0.014135,-0.24903
0.072025,0.01307,-0.23389
0.074845,0.011903,-0.22086
0.077723,0.010652,-0.20948
0.080655,0.0093278,-0.1994
0.08364,0.0079393,-0.19037
0.086675,0.0064937,-0.18219
0.089758,0.0049976,-0.1747
0.1024,-0.007089,-0.19081
0.11677,-0.02163,-0.20624
0.13289,-0.038676,-0.22085
0.15077,-0.058271,-0.23455
0.17042,-0.080458,-0.24728
0.19186,-0.10527,-0.25902
0.21508,-0.13274,-0.26978
0.24009,-0.16289,-0.27959
0.26689,-0.19575,-0.28848
0.29546,-0.23133,-0.2965
0.2622,-0.21526,-0.3571
0.23133,-0.20023,-0.4151
0.20279,-0.1861,-0.4711
0.17652,-0.17275,-0.5256
0.15247,-0.16004,-0.5789
0.13058,-0.14786,-0.63129
0.11083,-0.13612,-0.68283
0.09316,-0.12472,-0.73367
0.077558,-0.1136,-0.78373
0.063992,-0.10267,-0.8331
0.070453,-0.11285,-0.7557
0.077196,-0.12363,-0.68704
0.084209,-0.13495,-0.62461
0.091477,-0.1468,-0.56705
0.09899,-0.15916,-0.51336
0.10674,-0.17201,-0.46299
0.11471,-0.18534,-0.41557
0.1229,-0.19915,-0.37086
0.13131,-0.21342,-0.32871
0.13992,-0.22816,-0.28904
0.13098,-0.2109,-0.30171
0.12293,-0.19453,-0.32207
0.11568,-0.1789,-0.34882
0.10919,-0.16389,-0.38106
0.10339,-0.1494,-0.41829
0.098243,-0.13535,-0.46011
0.093721,-0.12168,-0.50627
0.089793,-0.10833,-0.55658
0.086439,-0.095271,-0.61087
0.083639,-0.082462,-0.66907
0.079916,-0.082856,-0.71197
0.076445,-0.083112,-0.74742
0.073227,-0.083254,-0.77679
0.070262,-0.083294,-0.80138
0.067554,-0.083242,-0.82214
0.065106,-0.083099,-0.84
0.062924,-0.082867,-0.85549
0.061014,-0.082545,-0.86918
0.059381,-0.082133,-0.88134
0.058031,-0.081628,-0.89232
0.044524,-0.048828,-0.81603
0.037373,-0.021101,-0.75125
0.036122,0.0020923,-0.69426
0.04042,0.02118,-0.64286
0.050005,0.036497,-0.59559
0.064698,0.048284,-0.55146
0.08256,0.05995,-0.50971
0.10032,0.077327,-0.46966
0.11798,0.10054,-0.431
0.13558,0.12964,-0.39343
0.1041,0.11535,-0.37775
0.076346,0.10348,-0.36542
0.052031,0.093848,-0.35561
0.030918,0.086277,-0.34766
0.012803,0.080638,-0.34118
-0.0024876,0.076811,-0.33579
-0.015098,0.074711,-0.33126
-0.025141,0.074256,-0.32736
-0.032705,0.075385,-0.32395
-0.03785,0.078044,-0.32085
-0.032083,0.066706,-0.32639
-0.026618,0.056608,-0.33242
-0.021853,0.047478,-0.33891
-0.017967,0.039165,-0.34579
-0.014936,0.031643,-0.35302
-0.012743,0.024884,-0.36053
-0.01137,0.018869,-0.36829
-0.010805,0.01358,-0.37625
-0.011038,0.0090067,-0.38436
-0.012063,0.0051359,-0.39259
-0.0049494,0.0082375,-0.34872
-0.0019979,0.0093019,-0.31002
-0.0011305,0.0094226,-0.27541
0.0029433,0.011388,-0.24405
0.010439,0.015283,-0.21539
0.021308,0.021047,-0.18898
0.035588,0.028673,-0.16454
0.053395,0.038192,-0.14182
0.074907,0.049669,-0.12072
0.10035,0.063195,-0.10113
0.09919,0.061064,-0.095484
0.097999,0.058999,-0.08984
0.096772,0.057003,-0.084281
0.095508,0.055083,-0.078832
0.094205,0.053243,-0.073544
0.092863,0.051487,-0.068423
0.091479,0.049821,-0.063501
0.090053,0.048248,-0.058772
0.088584,0.046773,-0.054256
0.087071,0.045399,-0.049943
0.077496,0.041676,-0.061551
0.068215,0.03882,-0.074548
0.059186,0.036817,-0.088953
0.050374,0.035647,-0.10475
0.041756,0.035293,-0.12194
0.033317,0.035736,-0.14049
0.025053,0.036962,-0.16039
0.016966,0.038953,-0.1816
0.0090668,0.041697,-0.2041
0.0013717,0.045183,-0.22787
0.0011977,0.029825,-0.16369
0.00096977,0.017893,-0.11619
0.00070914,0.009155,-0.080868
0.00043265,0.0034062,-0.054743
0.00015412,0.00046052,-0.035687
4.7792e-05,-0.00024079,-0.022055
0.00032593,-0.002397,-0.012458
0.00057205,-0.0069888,-0.0057508
0.00078268,-0.014094,-0.0014667
0.00095094,-0.023854,0.00010876
0.0057676,-0.025375,-0.00011244
0.0098682,-0.027508,-0.00079664
0.013283,-0.030304,-0.0019219
0.016038,-0.033828,-0.0034722
0.01829,-0.038091,-0.0054385
0.021297,-0.042579,-0.0078162
0.02541,-0.047216,-0.010598
0.030681,-0.052063,-0.013768
0.037165,-0.057178,-0.01731
0.044914,-0.062615,-0.021198
0.043111,-0.055332,-0.018668
0.041568,-0.048329,-0.015915
0.040289,-0.041608,-0.013096
0.039274,-0.035173,-0.01034
0.038526,-0.029026,-0.0077595
0.038045,-0.023171,-0.0054452
0.037833,-0.017612,-0.0034744
0.037889,-0.012353,-0.0019109
0.038214,-0.007396,-0.0008083
0.038806,-0.0027461,-0.00021024
0.04438,0.0011547,-0.00042567
0.050666,0.0053969,-0.00070168
0.057716,0.0099963,-0.001033
0.065586,0.014967,-0.001414
0.074332,0.020323,-0.001839
0.084012,0.026076,-0.0023021
0.094687,0.032238,-0.0027978
0.10642,0.038817,-0.0033201
0.11926,0.045822,-0.0038639
0.13327,0.053262,-0.0044241
0.12886,0.04576,-0.0016312
0.12524,0.037058,-0.00069661
0.12239,0.027161,0.00011489
0.12026,0.016065,0.0022992
0.11884,0.0037448,0.0057063
0.1181,-0.0098268,0.010223
0.11804,-0.02468,0.015763
0.11865,-0.040847,0.022255
0.11993,-0.058359,0.029642
0.12189,-0.077245,0.037874
0.11278,-0.099242,0.021586
0.10595,-0.12126,0.01039
0.10133,-0.14337,0.0036003
0.098888,-0.1656,0.00075153
0.098597,-0.18801,-0.00016698
0.10044,-0.21065,-0.0041594
0.10444,-0.23354,-0.011374
0.11063,-0.25668,-0.021666
0.11905,-0.28008,-0.034915
0.12791,-0.30451,-0.051011
0.1168,-0.2767,-0.057374
0.1058,-0.25029,-0.062212
0.096561,-0.22461,-0.06575
0.089113,-0.19966,-0.068191
0.083426,-0.17547,-0.069698
0.079477,-0.15208,-0.070416
0.077245,-0.12951,-0.070458
0.076714,-0.10779,-0.069927
0.077871,-0.08695,-0.068903
0.080706,-0.067004,-0.067463
0.08802,-0.082741,-0.032626
0.095799,-0.099862,-0.011821
0.10405,-0.11841,-0.0020083
0.11278,-0.13842,3.6096e-05
0.12204,-0.15994,0.0066801
0.13185,-0.183,0.019821
0.14221,-0.20765,0.038516
0.15311,-0.23389,0.061953
0.16454,-0.26175,0.089421
0.1765,-0.29123,0.12032
0.15731,-0.28904,0.074326
0.14104,-0.28516,0.046785
0.12745,-0.27981,0.029601
0.1164,-0.27315,0.018572
0.10775,-0.2653,0.01136
0.1014,-0.25638,0.0065916
0.09666,-0.24672,0.0034317
0.090277,-0.23767,0.0013594
0.081833,-0.22942,2.9331e-05
0.071391,-0.22199,-0.00079159
0.082002,-0.24343,-0.0019276
0.092843,-0.26612,-0.0025176
0.1039,-0.29009,-0.0041344
0.11515,-0.31533,-0.0070046
0.12661,-0.34184,-0.011196
0.13824,-0.36963,-0.016758
0.15006,-0.3987,-0.023713
0.16203,-0.42905,-0.032071
0.17416,-0.46066,-0.041818
0.18642,-0.49355,-0.052933
0.19543,-0.5216,-0.069171
0.20379,-0.55072,-0.086847
0.21146,-0.5809,-0.10582
0.21844,-0.6121,-0.12597
0.2247,-0.64431,-0.14721
0.23022,-0.6775,-0.16945
0.23497,-0.71163,-0.19261
0.23895,-0.74668,-0.2166
0.24212,-0.7826,-0.24133
0.24448,-0.81937,-0.26672
0.22298,-0.76567,-0.29453
0.20316,-0.71633,-0.31943
0.18485,-0.67088,-0.3423
0.16789,-0.62891,-0.36375
0.15212,-0.59005,-0.38404
0.13743,-0.55399,-0.40341
0.12371,-0.52045,-0.42194
0.11086,-0.48921,-0.43975
0.098813,-0.46004,-0.45682
0.087486,-0.43276,-0.47325
0.049765,-0.33319,-0.35552
0.019045,-0.2529,-0.27739
-0.0058436,-0.18867,-0.22156
-0.025832,-0.13797,-0.17974
-0.04168,-0.09874,-0.14738
-0.054014,-0.069286,-0.12173
-0.063354,-0.048206,-0.10104
-0.070123,-0.034364,-0.084084
-0.074658,-0.026875,-0.069993
-0.077207,-0.025099,-0.058118
-0.090351,-0.029588,-0.032071
-0.10494,-0.033387,-0.013868
-0.12121,-0.03655,-0.0032026
-0.13943,-0.039126,0.00011608
-0.15978,-0.041358,0.0043083
-0.18248,-0.043456,0.015842
-0.20777,-0.045464,0.034711
-0.23587,-0.04742,0.06092
-0.26698,-0.049356,0.09445
-0.30129,-0.051303,0.13529
-0.31655,-0.071635,0.10681
-0.33323,-0.089339,0.083769
-0.35132,-0.10455,0.064786
-0.37085,-0.11736,0.04902
-0.39181,-0.12786,0.035909
-0.41423,-0.13609,0.02511
-0.43752,-0.144,0.01632
-0.46075,-0.15453,0.0092959
-0.48394,-0.16771,0.0039336
-0.50715,-0.18356,0.0001757
-0.49887,-0.18746,0.0048385
-0.49064,-0.19236,0.010794
-0.48244,-0.19819,0.017251
-0.47427,-0.20492,0.023795
-0.46612,-0.21252,0.030202
-0.45797,-0.22093,0.036352
-0.44982,-0.23016,0.042169
-0.44168,-0.24016,0.04761
-0.43352,-0.25092,0.052635
-0.42537,-0.26242,0.05722
-0.36335,-0.21847,0.061918
-0.30715,-0.17992,0.070068
-0.25647,-0.14629,0.080791
-0.21103,-0.11717,0.093666
-0.17058,-0.0922,0.10846
-0.13489,-0.071048,0.12506
-0.10374,-0.053421,0.14337
-0.076912,-0.039056,0.16334
-0.054231,-0.027718,0.1849
-0.03553,-0.019205,0.20799
-0.032992,-0.017463,0.19905
-0.030635,-0.015953,0.19266
-0.028436,-0.014643,0.18825
-0.026375,-0.013505,0.18546
-0.024438,-0.012519,0.18397
-0.022611,-0.011669,0.18359
-0.020884,-0.010941,0.18415
-0.019246,-0.010324,0.18553
-0.017693,-0.0098006,0.18762
-0.016241,-0.0092811,0.19036
-0.01397,-0.0075331,0.14079
-0.011601,-0.0066616,0.10226
-0.0091702,-0.006614,0.072324
-0.0067372,-0.0072641,0.049232
-0.0043528,-0.0085158,0.031675
-0.0020594,-0.010301,0.018647
0.00010999,-0.01258,0.0093883
0.0021341,-0.015347,0.0033462
0.0040055,-0.018626,0.00018514
0.0057306,-0.02246,-0.00060543
0.0014194,-0.020089,-0.00010757
-0.0060132,-0.018891,0.0016486
-0.016748,-0.01878,0.0050884
-0.031047,-0.019778,0.01051
-0.049204,-0.021992,0.018261
-0.071514,-0.025566,0.028597
-0.098264,-0.030667,0.041609
-0.12973,-0.037458,0.057174
-0.16615,-0.0461,0.074984
-0.20779,-0.05674,0.094568
-0.19087,-0.050879,0.08304
-0.17547,-0.043377,0.075523
-0.1615,-0.034257,0.070733
-0.14886,-0.02355,0.067879
-0.13749,-0.011277,0.066453
-0.12733,0.0025522,0.066117
-0.11832,0.017936,0.066641
-0.11043,0.034884,0.067862
-0.10363,0.053413,0.069668
-0.097912,0.073547,0.071975
-0.094441,0.080475,0.068999
-0.09114,0.087442,0.064283
-0.088011,0.094436,0.058294
-0.085051,0.10145,0.051458
-0.082262,0.10847,0.044156
-0.079642,0.11549,0.036714
-0.077191,0.12252,0.029417
-0.074909,0.12955,0.0225
-0.072795,0.13658,0.016167
-0.07085,0.14362,0.010587
-0.064638,0.12701,0.0027697
-0.058778,0.11183,-0.00057262
-0.053241,0.097963,-0.0012105
-0.047971,0.0853,-0.0026108
-0.042954,0.073753,-0.0052428
-0.03819,0.063248,-0.0086773
-0.033681,0.053721,-0.012618
-0.029429,0.045114,-0.016858
-0.025434,0.037376,-0.02125
-0.021701,0.03046,-0.025688
-0.028812,0.030654,-0.044258
-0.037341,0.030417,-0.068079
-0.047336,0.029717,-0.097108
-0.058845,0.028529,-0.13122
-0.071914,0.026831,-0.17019
-0.086586,0.024607,-0.21381
-0.1029,0.021845,-0.26182
-0.12089,0.018537,-0.31401
-0.14059,0.014678,-0.37013
-0.16202,0.010266,-0.43002
-0.17419,0.030781,-0.35672
-0.18672,0.054325,-0.30067
-0.19978,0.080963,-0.25626
-0.21345,0.11075,-0.22018
-0.22782,0.14373,-0.19027
-0.24293,0.17995,-0.16511
-0.2588,0.21943,-0.14372
-0.27546,0.2622,-0.12539
-0.29291,0.30827,-0.10963
-0.31116,0.35765,-0.096055
-0.29665,0.31517,-0.1295
-0.28279,0.27546,-0.16011
-0.26957,0.23843,-0.18801
-0.25694,0.20399,-0.21366
-0.24489,0.17207,-0.23751
-0.2334,0.14259,-0.25994
-0.22243,0.11548,-0.28122
-0.21199,0.090704,-0.30156
-0.20205,0.068199,-0.3211
-0.19261,0.047926,-0.33994
-0.19458,0.054057,-0.21347
-0.19588,0.059954,-0.12891
-0.19675,0.065777,-0.072265
-0.19731,0.07159,-0.035904
-0.1976,0.077412,-0.015282
-0.19766,0.083244,-0.0075128
-0.19768,0.089229,-0.004203
-0.19797,0.095636,0.0082434
-0.19852,0.10241,0.029283
-0.19928,0.1095,0.058181
-0.19213,0.082926,0.089443
-0.18606,0.060135,0.12617
-0.18095,0.040766,0.16811
-0.17669,0.02454,0.21509
-0.17319,0.011251,0.2669
-0.17038,0.00075183,0.32337
-0.16821,-0.0070487,0.38428
-0.16663,-0.012202,0.44951
-0.1656,-0.014724,0.5188
-0.16511,-0.01461,0.59204
-0.15858,-0.016064,0.48981
-0.15304,-0.017091,0.4095
-0.14824,-0.017839,0.34392
-0.14402,-0.018393,0.28905
-0.14028,-0.018801,0.24226
-0.13695,-0.019097,0.20193
-0.13396,-0.0193,0.16689
-0.13129,-0.019425,0.13635
-0.12889,-0.019481,0.10974
-0.12674,-0.019476,0.086605
-0.11546,-0.01707,0.062692
-0.10485,-0.014341,0.042895
-0.094885,-0.01139,0.026982
-0.085542,-0.0083011,0.014745
-0.076801,-0.0051417,0.0060217
-0.068646,-0.001962,0.00066266
-0.061063,0.0012034,-0.0014503
-0.053998,0.0043034,-0.0023562
-0.047345,0.0072707,-0.0062054
-0.041107,0.010122,-0.013079
-0.044075,0.0084043,-0.014155
-0.047161,0.0067195,-0.015168
-0.050362,0.0050687,-0.016109
-0.053677,0.0034533,-0.016978
-0.057103,0.0018748,-0.017765
-0.060639,0.00033457,-0.018474
-0.064281,-0.001166,-0.019098
-0.06803,-0.0026259,-0.019641
-0.071883,-0.0040436,-0.020101
-0.075838,-0.0054183,-0.020481
-0.0805,-0.0086321,-0.020166
-0.085428,-0.011214,-0.020062
-0.090622,-0.013166,-0.020138
-0.096081,-0.014482,-0.020374
-0.10177,-0.015394,-0.020746
-0.10755,-0.016888,-0.021235
-0.1134,-0.019087,-0.021828
-0.11932,-0.022009,-0.022522
-0.12532,-0.025675,-0.023312
-0.13138,-0.030108,-0.024195
