0.25701,0.086516,3.4502e-06
0.27469,0.082016,-0.0011171
0.29303,0.077525,-0.0042072
0.31205,0.073038,-0.0087766
0.33174,0.068548,-0.014501
0.35213,0.064055,-0.021111
0.37321,0.059562,-0.028458
0.39498,0.055071,-0.036378
0.41747,0.050586,-0.044806
0.44066,0.046109,-0.053622
0.46456,0.041642,-0.062799
0.44078,0.053936,-0.059923
0.41716,0.066498,-0.057405
0.39377,0.079299,-0.055032
0.37068,0.092317,-0.05275
0.34795,0.10553,-0.050456
0.32563,0.11891,-0.048156
0.3038,0.13245,-0.045794
0.28252,0.14613,-0.043399
0.26183,0.15994,-0.040934
0.24181,0.17385,-0.038439
0.26527,0.18057,-0.037958
0.28976,0.18743,-0.038308
0.31527,0.19442,-0.039296
0.34181,0.20154,-0.040832
0.36937,0.20878,-0.042791
0.39795,0.21614,-0.04513
0.42757,0.2236,-0.047762
0.45822,0.23116,-0.050674
0.48992,0.23881,-0.0538
0.52267,0.24654,-0.05715
0.53057,0.20679,-0.051944
0.53857,0.17027,-0.0469
0.54668,0.13681,-0.042036
0.55491,0.10627,-0.037396
0.56324,0.078509,-0.032951
0.57169,0.05341,-0.028716
0.58026,0.030869,-0.024652
0.58895,0.010791,-0.020765
0.59777,-0.0069099,-0.017017
0.60673,-0.022309,-0.013412
0.58078,-0.007948,-0.0012062
0.55576,0.0077732,0.007453
0.53161,0.024795,0.013542
0.50832,0.043072,0.017639
0.48587,0.062568,0.020129
0.46425,0.083253,0.021264
0.44341,0.10509,0.021919
0.42327,0.12801,0.023652
0.40385,0.152,0.026427
0.38512,0.17706,0.030161
0.39073,0.1858,0.027863
0.39638,0.19455,0.02691
0.40209,0.20333,0.026865
0.40788,0.21214,0.027467
0.41374,0.22096,0.028552
0.41971,0.22982,0.029605
0.42579,0.23872,0.0304
0.432,0.24765,0.030974
0.43833,0.25661,0.031357
0.44478,0.26559,0.031565
0.43811,0.2394,0.029564
0.43205,0.21536,0.027854
0.42656,0.19328,0.026423
0.42159,0.17295,0.025238
0.4171,0.15422,0.024275
0.41306,0.13694,0.023504
0.40944,0.12098,0.022909
0.4062,0.10623,0.022471
0.40333,0.092583,0.022177
0.40078,0.079955,0.022014
0.4484,0.07675,0.033326
0.49926,0.073512,0.03906
0.55292,0.069916,0.046067
0.60922,0.065851,0.056333
0.66823,0.061335,0.069078
0.73,0.056374,0.083789
0.79454,0.050964,0.10013
0.86188,0.0451,0.11787
0.93205,0.03877,0.1368
1.0051,0.031966,0.15677
1.0051,0.035779,0.14744
1.0047,0.039434,0.14203
1.004,0.043032,0.13862
1.0031,0.046624,0.13627
1.0019,0.050237,0.13449
1.0006,0.053886,0.13304
0.99913,0.057579,0.13177
0.99751,0.061321,0.13062
0.99575,0.065115,0.12954
0.99386,0.068962,0.12852
0.9108,0.064633,0.13186
0.83133,0.060678,0.1336
0.75542,0.057033,0.13428
0.68305,0.053651,0.13429
0.61421,0.050492,0.13385
0.54892,0.047523,0.13311
0.48717,0.044717,0.13217
0.42898,0.042048,0.13111
0.37435,0.039491,0.12997
0.3233,0.037026,0.12881
0.38217,0.015629,0.16023
0.44667,-0.0062847,0.19365
0.51689,-0.028655,0.22873
0.59288,-0.051431,0.26522
0.67469,-0.074574,0.30293
0.76236,-0.098052,0.34174
0.85594,-0.12184,0.38149
0.95546,-0.14593,0.42208
1.061,-0.1703,0.46332
1.1725,-0.19495,0.50509
1.1466,-0.16868,0.3667
1.1165,-0.14361,0.27816
1.0843,-0.11817,0.21697
1.0513,-0.091766,0.17342
1.0178,-0.064171,0.1427
0.98418,-0.0353,0.12209
0.95061,-0.0051288,0.10988
0.91722,0.026346,0.10486
0.88454,0.059469,0.10229
0.85341,0.094863,0.094767
0.82922,0.073664,0.095787
0.80599,0.053818,0.093842
0.78355,0.035242,0.090438
0.76179,0.017912,0.086381
0.74055,0.0017493,0.082931
0.71982,-0.013214,0.080168
0.6996,-0.02694,0.07805
0.67987,-0.039392,0.076552
0.66064,-0.05054,0.07567
0.64189,-0.060356,0.075401
0.68094,-0.051219,0.076982
0.72141,-0.040037,0.079699
0.76333,-0.026785,0.083266
0.80672,-0.011447,0.087495
0.8516,0.0059785,0.092266
0.89796,0.025492,0.097489
0.9458,0.047086,0.10311
0.99511,0.070753,0.10906
1.0459,0.096478,0.11532
1.0981,0.12425,0.12184
1.0587,0.13082,0.11899
1.0206,0.13712,0.11636
0.98374,0.14318,0.11373
0.94802,0.149,0.11106
0.91342,0.15461,0.10837
0.87988,0.16,0.10568
0.84737,0.16517,0.10299
0.81584,0.17013,0.1003
0.78525,0.17487,0.097635
0.75558,0.17941,0.094975
0.71341,0.19991,0.096607
0.67363,0.22043,0.098795
0.63608,0.241,0.10152
0.60063,0.26164,0.10473
0.56718,0.28236,0.10841
0.53561,0.30318,0.11252
0.50583,0.32411,0.11703
0.47777,0.34516,0.1219
0.45133,0.36636,0.12711
0.42645,0.38769,0.13263
0.42384,0.35593,0.098596
0.42139,0.32594,0.076507
0.41933,0.29784,0.061409
0.41773,0.27158,0.050748
0.41661,0.24705,0.043129
0.41596,0.22411,0.037696
0.4158,0.20267,0.033651
0.41613,0.18276,0.029033
0.41693,0.16425,0.023712
0.41813,0.147,0.017854
0.45081,0.17097,0.01792
0.48522,0.19672,0.017301
0.52134,0.22423,0.015977
0.55918,0.25346,0.013904
0.59869,0.28436,0.011082
0.63985,0.31687,0.0074815
0.68262,0.35093,0.0031269
0.72696,0.38646,-0.0020062
0.77281,0.42339,-0.0078858
0.82012,0.46162,-0.014544
0.80432,0.42636,-0.012566
0.78893,0.39274,-0.013499
0.77391,0.3606,-0.015804
0.75926,0.32981,-0.018825
0.74495,0.30031,-0.022194
0.73096,0.27205,-0.025754
0.71728,0.24498,-0.029374
0.7039,0.21907,-0.033012
0.6908,0.19429,-0.036601
0.67797,0.1706,-0.04013
0.64277,0.15591,-0.048299
0.60889,0.14261,-0.055964
0.57627,0.13053,-0.062954
0.54487,0.11955,-0.069335
0.51462,0.10956,-0.075148
0.48547,0.10046,-0.080489
0.45739,0.092168,-0.085376
0.43032,0.084602,-0.089879
0.40423,0.077695,-0.093992
0.3791,0.071385,-0.097777
0.34808,0.076346,-0.066548
0.31762,0.081578,-0.048415
0.28809,0.086864,-0.038551
0.25968,0.092079,-0.034301
0.23307,0.097088,-0.030138
0.2087,0.10185,-0.02291
0.18649,0.10638,-0.013297
0.1664,0.11071,-0.0017958
0.14838,0.11485,0.011249
0.1324,0.11881,0.025548
0.13529,0.10625,0.0025492
0.13971,0.094004,-0.013249
0.14543,0.082081,-0.023741
0.15227,0.070495,-0.030167
0.16009,0.059248,-0.033608
0.168,0.048272,-0.03843
0.17576,0.037519,-0.045727
0.18336,0.026966,-0.055208
0.19082,0.016595,-0.066659
0.19813,0.0063898,-0.079915
0.20688,0.013028,-0.06819
0.21466,0.01997,-0.061683
0.22165,0.027218,-0.059287
0.22798,0.034769,-0.060204
0.234,0.042668,-0.062949
0.24061,0.051081,-0.064039
0.24784,0.060023,-0.063475
0.25564,0.069493,-0.061504
0.264,0.079488,-0.058337
0.27289,0.090004,-0.054123
0.25962,0.10912,-0.052772
0.24739,0.12864,-0.050729
0.23617,0.14855,-0.048224
0.22591,0.16882,-0.045378
0.2166,0.18943,-0.042316
0.20823,0.21037,-0.039091
0.2008,0.23162,-0.035794
0.19428,0.25316,-0.032444
0.18868,0.27499,-0.029121
0.184,0.29708,-0.025822
0.17609,0.27179,-0.036902
0.1691,0.24771,-0.045404
0.16288,0.22479,-0.051944
0.1573,0.20296,-0.056866
0.15231,0.18221,-0.060465
0.14786,0.16249,-0.062898
0.14393,0.1438,-0.06433
0.14047,0.1261,-0.064842
0.1375,0.1094,-0.06454
0.13498,0.093658,-0.063464
0.14099,0.094723,-0.065925
0.14724,0.095751,-0.068236
0.15371,0.096743,-0.070452
0.16041,0.09769,-0.072578
0.16732,0.098597,-0.074651
0.17443,0.099459,-0.076661
0.18176,0.10028,-0.078643
0.18928,0.10106,-0.080585
0.197,0.10179,-0.082504
0.20492,0.10249,-0.084383
0.19377,0.09933,-0.079588
0.18274,0.095887,-0.075085
0.17188,0.092196,-0.070834
0.16121,0.088288,-0.066768
0.15076,0.084196,-0.062868
0.14055,0.079949,-0.059088
0.13061,0.075577,-0.055422
0.12094,0.071108,-0.051841
0.11157,0.06657,-0.048345
0.10251,0.061989,-0.044914
0.1137,0.071729,-0.052184
0.12587,0.082047,-0.059351
0.13902,0.092913,-0.066492
0.15314,0.1043,-0.07365
0.16821,0.1162,-0.08088
0.18422,0.12858,-0.088259
0.20112,0.14142,-0.095973
0.21894,0.15472,-0.10397
0.2377,0.16851,-0.11223
0.25743,0.18281,-0.12068
0.25221,0.18227,-0.11631
0.24726,0.18163,-0.11069
0.24285,0.18109,-0.1029
0.2388,0.18056,-0.093559
0.23497,0.17997,-0.08306
0.23129,0.17931,-0.071628
0.22769,0.17854,-0.059439
0.22416,0.17767,-0.04658
0.22065,0.17668,-0.033128
0.21715,0.17558,-0.019147
0.22998,0.15777,-0.0012478
0.24334,0.14027,0.015747
0.25724,0.12304,0.031811
0.27168,0.10605,0.046941
0.28669,0.089311,0.061201
0.3023,0.072789,0.074607
0.31853,0.056483,0.087236
0.3354,0.040377,0.099091
0.35294,0.024465,0.11024
0.37116,0.0087288,0.12067
0.33207,0.018508,0.086741
0.29801,0.029996,0.064872
0.26774,0.042328,0.050179
0.24056,0.055032,0.039908
0.21605,0.067842,0.032524
0.19393,0.080599,0.027023
0.17401,0.093212,0.022836
0.15616,0.10562,0.019533
0.14027,0.1178,0.01689
0.12627,0.12971,0.014695
0.11719,0.11172,0.012561
0.10886,0.095199,0.010647
0.10123,0.080066,0.0089871
0.094271,0.066262,0.0075422
0.087932,0.053723,0.0063185
0.082181,0.042389,0.0052776
0.076985,0.032204,0.0044224
0.072312,0.023115,0.0037146
0.068133,0.015074,0.0031568
0.064422,0.0080341,0.0027189
0.066537,0.012467,0.0030954
0.068815,0.017276,0.0034127
0.071261,0.022464,0.0036907
0.073882,0.028041,0.0039252
0.076683,0.034012,0.0041395
0.079669,0.040385,0.0043333
0.082846,0.047166,0.0045316
0.086219,0.054363,0.0047377
0.089795,0.061982,0.0049776
0.093577,0.070032,0.0052568
0.076581,0.070082,0.010817
0.061679,0.069696,0.017419
0.048761,0.068866,0.024951
0.037726,0.067585,0.033332
0.02848,0.065845,0.042537
0.020944,0.06364,0.052534
0.015043,0.06096,0.063334
0.010721,0.057791,0.074925
0.0067332,0.054547,0.087158
0.00086838,0.051999,0.099688
0.010989,0.060417,0.072035
0.02324,0.069733,0.050851
0.043459,0.077637,0.035892
0.071828,0.083854,0.026851
0.1086,0.088087,0.02385
0.15404,0.09004,0.02718
0.20847,0.089417,0.037046
0.27313,0.085884,0.048645
0.349,0.079213,0.059188
0.43644,0.069251,0.069058
0.43156,0.056352,0.073221
0.42693,0.043924,0.076115
0.42247,0.031968,0.078141
0.41814,0.020481,0.079538
0.41392,0.0094578,0.080438
0.40981,-0.0011081,0.080935
0.40578,-0.011221,0.081077
0.40185,-0.020889,0.080902
0.39799,-0.030116,0.080427
0.39423,-0.038909,0.079595
0.36206,-0.060761,0.075643
0.33299,-0.077868,0.071428
0.30683,-0.090365,0.067199
0.28345,-0.098377,0.063137
0.26272,-0.10201,0.059374
0.24455,-0.10137,0.056018
0.2287,-0.096863,0.053098
0.21277,-0.094578,0.049698
0.19584,-0.096693,0.045451
0.17784,-0.10314,0.040347
0.19771,-0.097386,0.039555
0.21765,-0.095661,0.033666
0.23731,-0.09794,0.023535
0.25715,-0.10237,0.010084
0.27933,-0.10298,-0.0051716
0.3039,-0.099263,-0.021755
0.33074,-0.091166,-0.039378
0.3598,-0.078635,-0.057754
0.391,-0.061612,-0.076679
0.42429,-0.040059,-0.09595
0.38483,-0.037123,-0.11694
0.34817,-0.033544,-0.13929
0.31408,-0.02944,-0.16228
0.28243,-0.02493,-0.18543
0.25314,-0.02009,-0.20848
0.22613,-0.014995,-0.23123
0.20137,-0.0096961,-0.25359
0.17883,-0.0042487,-0.27549
0.15849,0.0013154,-0.29689
0.14032,0.0069681,-0.31777
0.14465,-0.0011828,-0.2685
0.1524,-0.0085105,-0.22748
0.16309,-0.015223,-0.19259
0.17636,-0.02147,-0.16241
0.19202,-0.02735,-0.13599
0.20989,-0.032935,-0.11266
0.22989,-0.038277,-0.091939
0.25191,-0.04342,-0.073496
0.27589,-0.048394,-0.057055
0.30178,-0.053226,-0.042443
0.29496,-0.055131,-0.026852
0.28876,-0.056666,-0.013858
0.28309,-0.057852,-0.003383
0.2779,-0.058711,0.0046322
0.2731,-0.059267,0.010291
0.26864,-0.059542,0.013671
0.26444,-0.059561,0.014872
0.26045,-0.059346,0.013973
0.25651,-0.059034,0.01253
0.25245,-0.058825,0.013075
0.25279,-0.04428,0.011279
0.25372,-0.028389,0.0097161
0.25524,-0.011159,0.0083428
0.25735,0.0074001,0.0071121
0.26005,0.027284,0.0059949
0.26333,0.048482,0.0049571
0.26719,0.070988,0.003977
0.27164,0.094795,0.0029645
0.27667,0.1199,0.0017271
0.28228,0.1463,0.00022208
0.26572,0.12859,-0.0023243
0.24998,0.11207,-0.0042948
0.23505,0.096626,-0.0048384
0.22094,0.082217,-0.0040308
0.20763,0.068803,-0.0019324
0.19511,0.056348,0.0013923
0.18339,0.044822,0.0058943
0.17244,0.034198,0.01152
0.16228,0.024453,0.018225
0.15289,0.015568,0.025963
0.14505,0.018986,0.030463
0.13766,0.022476,0.03526
0.1307,0.026026,0.040326
0.12418,0.029624,0.045646
0.11811,0.033258,0.05119
0.11249,0.036917,0.05695
0.10731,0.040591,0.062891
0.10259,0.04427,0.069013
0.098309,0.047943,0.075278
0.09447,0.051601,0.081693
0.10202,0.045778,0.085295
0.11008,0.039717,0.088417
0.11865,0.033411,0.091045
0.12771,0.02685,0.093259
0.13726,0.020026,0.095046
0.14732,0.012929,0.096468
0.15789,0.0055482,0.097511
0.16897,-0.0021243,0.098244
0.18059,-0.0101,0.098649
0.19275,-0.018388,0.098789
0.19149,-0.0065044,0.076216
0.19157,0.0064011,0.057586
0.19282,0.020325,0.041851
0.1951,0.035271,0.028341
0.19834,0.051241,0.016533
0.20247,0.068243,0.0060936
0.20746,0.086282,-0.0032615
0.21327,0.10537,-0.011707
0.21989,0.1255,-0.019406
0.22729,0.1467,-0.026449
0.25074,0.16405,-0.027325
0.27552,0.1825,-0.028873
0.30164,0.20204,-0.031097
0.32913,0.22266,-0.033916
0.358,0.24435,-0.037263
0.38827,0.2671,-0.04103
0.41997,0.29088,-0.045137
0.4531,0.31567,-0.049479
0.48768,0.34146,-0.053991
0.52369,0.36821,-0.058598
0.52146,0.37238,-0.069805
0.52005,0.37665,-0.076656
0.51923,0.38095,-0.080569
0.51885,0.38526,-0.082305
0.51882,0.38954,-0.082336
0.51909,0.39379,-0.080939
0.51952,0.39797,-0.07905
0.51995,0.40199,-0.07815
0.52038,0.40588,-0.078196
0.52085,0.40964,-0.079095
0.52685,0.42049,-0.076253
0.53304,0.43162,-0.073603
0.53943,0.44303,-0.071076
0.54603,0.45473,-0.068617
0.55284,0.46672,-0.066218
0.55987,0.47898,-0.063859
0.56711,0.49154,-0.061553
0.57457,0.50437,-0.059273
0.58226,0.51749,-0.05704
0.59016,0.53089,-0.054848
0.56312,0.52153,-0.05116
0.53715,0.51264,-0.0481
0.51222,0.50416,-0.045445
0.48833,0.49603,-0.043093
0.46544,0.4882,-0.040994
0.44353,0.48062,-0.03911
0.4226,0.47324,-0.037417
0.40261,0.46603,-0.035888
0.38356,0.45895,-0.034506
0.36543,0.45197,-0.033246
0.3417,0.4188,-0.02159
0.31944,0.3873,-0.016119
0.29856,0.35751,-0.012685
0.27895,0.32948,-0.0071334
0.2605,0.30307,4.7714e-05
0.24311,0.27819,0.0084937
0.22671,0.25474,0.017969
0.21122,0.23263,0.028318
0.19659,0.21179,0.039426
0.18278,0.19216,0.051196
0.1575,0.18013,0.04162
0.13529,0.16825,0.033654
0.11593,0.15648,0.026896
0.099244,0.14479,0.021108
0.085054,0.13319,0.016147
0.073205,0.12164,0.011923
0.063551,0.11015,0.008377
0.055959,0.098708,0.0054735
0.049339,0.087851,0.0031362
0.041767,0.078611,0.0012564
0.056299,0.10262,0.0009835
0.072864,0.13012,0.00065601
0.091488,0.16115,0.00025756
0.1122,0.19577,-0.00022412
0.13501,0.23399,-0.00079867
0.15994,0.27585,-0.0014728
0.187,0.32138,-0.0022489
0.21623,0.3706,-0.0031353
0.24775,0.42343,-0.0041256
0.28167,0.47984,-0.0052189
0.25552,0.43282,-0.0066159
0.23116,0.38852,-0.006323
0.2086,0.34679,-0.0059907
0.18777,0.30754,-0.0060259
0.16864,0.27069,-0.0061947
0.15115,0.23617,-0.0063802
0.13528,0.20392,-0.0065205
0.12098,0.17387,-0.0065856
0.10823,0.14596,-0.0065627
0.096994,0.12014,-0.0064488
0.10843,0.12168,-0.002983
0.12136,0.12246,-0.0021279
0.13582,0.12252,-0.000959
0.15183,0.12185,0.0019567
0.16944,0.12043,0.006301
0.18869,0.11823,0.011809
0.20961,0.11521,0.018266
0.23222,0.11135,0.025495
0.25656,0.10661,0.033357
0.28265,0.10097,0.041738
0.26099,0.10505,0.021989
0.24064,0.10911,0.0095431
0.22159,0.11305,0.001951
0.2038,0.11681,-0.002222
0.18728,0.12031,-0.0038581
0.172,0.1235,-0.0042292
0.15792,0.12632,-0.005904
0.14503,0.12875,-0.0088556
0.13331,0.13074,-0.012902
0.12276,0.13229,-0.017902
0.11868,0.11864,-0.019223
0.11511,0.1055,-0.020887
0.11205,0.09282,-0.022874
0.10947,0.080585,-0.025162
0.10737,0.068768,-0.027741
0.10575,0.057348,-0.030597
0.10458,0.046303,-0.033719
0.10386,0.035617,-0.037095
0.10358,0.02527,-0.040719
0.10374,0.01525,-0.044579
0.096794,0.014542,-0.031724
0.090057,0.01375,-0.021366
0.083535,0.012894,-0.013279
0.077231,0.011988,-0.0072947
0.071153,0.011047,-0.0032909
0.065303,0.010085,-0.0011722
0.05969,0.0091165,-0.00060193
0.054344,0.0081607,0.0010406
0.049271,0.0072289,0.004377
0.044468,0.0063286,0.0093739
0.05076,0.0022997,0.0030391
0.057733,-0.0021733,-0.00013172
0.065391,-0.0071154,-0.00093932
0.07371,-0.012558,-0.0040564
0.082708,-0.018518,-0.010245
0.09241,-0.025014,-0.019474
0.10284,-0.032058,-0.031713
0.11402,-0.039665,-0.04693
0.12598,-0.047845,-0.065094
0.13873,-0.056611,-0.086174
0.12962,-0.044572,-0.077427
0.12121,-0.032667,-0.069221
0.1135,-0.020924,-0.061525
0.1065,-0.0093638,-0.054319
0.10023,0.0019934,-0.047587
0.094688,0.013131,-0.041316
0.089888,0.024032,-0.035498
0.08584,0.034687,-0.030126
0.082555,0.045084,-0.025193
0.080044,0.055216,-0.020697
0.098444,0.068676,-0.0294
0.11925,0.08399,-0.039456
0.14256,0.10123,-0.050701
0.16846,0.12047,-0.062958
0.19704,0.14174,-0.076061
0.22836,0.16509,-0.089867
0.26248,0.19054,-0.10425
0.29945,0.21809,-0.11913
0.3393,0.24776,-0.13444
0.38205,0.27952,-0.15013
0.38576,0.24474,-0.14734
0.39085,0.20974,-0.14557
0.39732,0.17455,-0.14441
0.40516,0.13917,-0.1436
0.41439,0.10363,-0.14296
0.42498,0.067939,-0.14238
0.43696,0.032103,-0.14179
0.45031,-0.0038672,-0.14114
0.46505,-0.039963,-0.1404
0.48119,-0.076179,-0.13956
0.49097,-0.087407,-0.15858
0.50105,-0.098587,-0.17527
0.51145,-0.10972,-0.19007
0.52215,-0.12079,-0.20334
0.53315,-0.13182,-0.21536
0.54445,-0.14279,-0.22634
0.55605,-0.15371,-0.23639
0.56794,-0.16458,-0.24562
0.58012,-0.1754,-0.25407
0.59259,-0.18618,-0.2618
0.59883,-0.13065,-0.17703
0.60809,-0.073028,-0.12138
0.6203,-0.013211,-0.08319
0.63535,0.048866,-0.056519
0.65318,0.11323,-0.03805
0.67371,0.17987,-0.02583
0.6969,0.24878,-0.018613
0.72268,0.31992,-0.015569
0.75102,0.39324,-0.015831
0.78195,0.46869,-0.014857
0.77436,0.4846,-0.013019
0.7671,0.5003,-0.010418
0.76015,0.51578,-0.007173
0.75353,0.53104,-0.0034545
0.74722,0.54606,0.00060441
0.74123,0.56084,0.0048593
0.73556,0.57538,0.0092095
0.73019,0.58966,0.01355
0.72513,0.60368,0.017814
0.72038,0.61743,0.021927
0.68104,0.56208,0.0028502
0.64443,0.51107,-0.0071422
0.61014,0.46393,-0.012727
0.57789,0.42029,-0.01593
0.54747,0.37984,-0.017714
0.5187,0.34232,-0.018595
0.49143,0.30748,-0.018866
0.46553,0.27513,-0.018717
0.4409,0.24509,-0.018271
0.41744,0.2172,-0.017755
0.41186,0.21635,-0.016274
0.40679,0.21567,-0.011659
0.40213,0.21514,-0.0052912
0.39784,0.21475,0.0020793
0.39388,0.21448,0.010069
0.39021,0.21432,0.018479
0.38683,0.21427,0.027196
0.38371,0.21433,0.036157
0.38084,0.21448,0.045309
0.37819,0.21473,0.054638
0.36709,0.20721,0.023147
0.3569,0.20022,0.0038214
0.34738,0.19367,-0.0078356
0.3384,0.18751,-0.014323
0.32986,0.18168,-0.01713
0.32169,0.17615,-0.017406
0.31371,0.17085,-0.018722
0.30588,0.16575,-0.021783
0.2982,0.16084,-0.026297
0.29066,0.1561,-0.032037
0.29846,0.13986,-0.028536
0.30693,0.12293,-0.026349
0.31609,0.10531,-0.024989
0.32596,0.087024,-0.02416
0.33657,0.06807,-0.023689
0.34793,0.048453,-0.023464
0.36004,0.028175,-0.023419
0.37291,0.0072397,-0.023505
0.38655,-0.014354,-0.023697
0.40098,-0.036607,-0.023971
0.38071,-0.013471,-0.019525
0.36171,0.0091517,-0.016462
0.34402,0.031228,-0.014586
0.32765,0.052728,-0.013756
0.31265,0.073637,-0.013106
0.29907,0.093946,-0.011682
0.28691,0.11363,-0.009536
0.27619,0.13265,-0.006703
0.26691,0.15098,-0.0032182
0.25907,0.16861,0.00089657
0.24616,0.14289,0.002704
0.23455,0.11835,0.0043963
0.22417,0.09492,0.0059716
0.21499,0.072529,0.0074349
0.20697,0.051127,0.008787
0.20007,0.030661,0.010034
0.19427,0.011085,0.011177
0.18952,-0.0076437,0.012224
0.18581,-0.025562,0.013175
0.18311,-0.042706,0.014038
0.17297,-0.025881,0.013123
0.16395,-0.0097484,0.012772
0.15602,0.0057176,0.012846
0.14914,0.020541,0.013257
0.14328,0.034744,0.013949
0.1384,0.048346,0.014888
0.13449,0.061368,0.016049
0.13153,0.073825,0.01742
0.12949,0.085731,0.01899
0.12836,0.097099,0.020756
0.14324,0.10361,0.02183
0.15922,0.11028,0.022558
0.17632,0.1171,0.022941
0.19457,0.12406,0.022997
0.21397,0.13116,0.022751
0.23453,0.13838,0.022237
0.25626,0.14571,0.021491
0.27917,0.15314,0.020552
0.30326,0.16066,0.019454
0.32853,0.16825,0.018232
0.32935,0.16246,0.018338
0.32998,0.15663,0.018689
0.33043,0.15075,0.019208
0.33068,0.14483,0.019841
0.33075,0.13889,0.02055
0.33063,0.13294,0.021309
0.33032,0.12697,0.022097
0.32983,0.121,0.0229
0.32914,0.11504,0.023708
0.32828,0.1091,0.024512
0.3142,0.094398,0.032965
0.30095,0.080769,0.040731
0.28847,0.068133,0.047828
0.2767,0.056415,0.054316
0.26558,0.045548,0.060261
0.25507,0.035468,0.065723
0.24511,0.026121,0.070753
0.23569,0.017455,0.075391
0.22675,0.0094236,0.079669
0.21826,0.0019828,0.083616
0.22013,0.0070584,0.074407
0.22209,0.012175,0.066484
0.22416,0.01733,0.059535
0.22632,0.022525,0.053341
0.22857,0.027757,0.047745
0.23091,0.033028,0.042637
0.23334,0.038335,0.037937
0.23585,0.043681,0.033588
0.23846,0.049064,0.029551
0.24115,0.054485,0.025794
0.26258,0.019097,0.013234
0.288,-0.019745,0.0051581
0.31755,-0.062163,0.00041915
0.35135,-0.10829,-0.0017728
0.38953,-0.15827,-0.002421
0.43218,-0.21225,-0.0043023
0.47939,-0.27036,-0.0075854
0.53126,-0.33273,-0.012059
0.58784,-0.39947,-0.017552
0.6492,-0.47068,-0.023936
0.63063,-0.43941,-0.018674
0.61364,-0.40847,-0.015885
0.59818,-0.37779,-0.014338
0.58422,-0.34732,-0.013471
0.57171,-0.317,-0.012993
0.56063,-0.2868,-0.01276
0.55097,-0.25665,-0.012681
0.54268,-0.22654,-0.012709
0.53575,-0.19642,-0.012809
0.53016,-0.16625,-0.012965
0.5541,-0.16313,-0.013043
0.57866,-0.15971,-0.013157
0.60383,-0.15599,-0.013313
0.6296,-0.15199,-0.013524
0.65597,-0.14769,-0.013792
0.68292,-0.14311,-0.014123
0.71045,-0.13824,-0.014518
0.73855,-0.13309,-0.014981
0.76721,-0.12765,-0.01551
0.79641,-0.12192,-0.016114
0.81771,-0.15524,-0.015342
0.83953,-0.18952,-0.015494
0.86188,-0.22474,-0.01638
0.88477,-0.2609,-0.017525
0.90821,-0.298,-0.018291
0.93222,-0.33603,-0.018724
0.9568,-0.37498,-0.018851
0.98195,-0.41485,-0.018713
1.0077,-0.45562,-0.018328
1.034,-0.49729,-0.017734
1.0157,-0.49558,-0.021239
0.99749,-0.49386,-0.023979
0.97926,-0.49212,-0.026224
0.96105,-0.49033,-0.028107
0.94289,-0.48849,-0.029679
0.92478,-0.4866,-0.030979
0.90673,-0.48465,-0.032015
0.88874,-0.48262,-0.032806
0.87083,-0.48053,-0.033429
0.853,-0.47835,-0.034224
0.84563,-0.47235,-0.036646
0.8386,-0.46632,-0.0399
0.83192,-0.46025,-0.043667
0.82555,-0.45415,-0.047818
0.81949,-0.44803,-0.052276
0.81372,-0.44187,-0.056997
0.80823,-0.43569,-0.061937
0.80299,-0.42949,-0.067065
0.798,-0.42326,-0.072342
0.79325,-0.41701,-0.077744
0.77623,-0.41662,-0.075656
0.75984,-0.41683,-0.074291
0.74405,-0.41758,-0.073303
0.72887,-0.41883,-0.072522
0.71427,-0.42054,-0.071851
0.70023,-0.42267,-0.071245
0.68676,-0.42517,-0.070673
0.67382,-0.42802,-0.070126
0.66141,-0.43118,-0.069592
0.64951,-0.43461,-0.069071
0.6528,-0.38719,-0.068879
0.65868,-0.33818,-0.068646
0.66717,-0.28764,-0.068391
0.67828,-0.2356,-0.06813
0.69202,-0.18208,-0.067871
0.7084,-0.12711,-0.067621
0.72745,-0.070722,-0.067385
0.74916,-0.012939,-0.067165
0.77356,0.046216,-0.066967
0.80065,0.10672,-0.066793
0.79861,0.072654,-0.061561
0.79724,0.038668,-0.058425
0.79658,0.0047201,-0.056644
0.79662,-0.029219,-0.055828
0.79736,-0.063177,-0.055762
0.7988,-0.097172,-0.056309
0.80092,-0.13122,-0.057382
0.80372,-0.16535,-0.058891
0.80723,-0.19959,-0.060307
0.81144,-0.23395,-0.061359
0.80613,-0.19578,-0.060517
0.80171,-0.15866,-0.059258
0.79805,-0.1225,-0.05886
0.79511,-0.087251,-0.059163
0.79287,-0.052887,-0.06009
0.79129,-0.019368,-0.061592
0.79035,0.013337,-0.063645
0.79001,0.04526,-0.066221
0.79025,0.07643,-0.069305
0.79105,0.10687,-0.072877
0.76599,0.039603,-0.060776
0.74364,-0.024755,-0.054231
0.72393,-0.086472,-0.051224
0.70675,-0.14575,-0.050756
0.6921,-0.20281,-0.050818
0.67998,-0.25785,-0.049315
0.67029,-0.31097,-0.046443
0.66293,-0.36227,-0.042349
0.65781,-0.41185,-0.037159
0.65486,-0.45977,-0.030971
0.67934,-0.48697,-0.037177
0.70443,-0.51478,-0.042093
0.73007,-0.54317,-0.046262
0.75625,-0.57213,-0.049977
0.78294,-0.60164,-0.053409
0.81014,-0.63167,-0.056652
0.83782,-0.66224,-0.059764
0.86598,-0.6933,-0.062777
0.8946,-0.72487,-0.065712
0.92368,-0.75692,-0.068583
0.88896,-0.72743,-0.063421
0.85514,-0.69899,-0.058243
0.8222,-0.67154,-0.053033
0.79012,-0.64505,-0.047781
0.75888,-0.61945,-0.042476
0.72847,-0.5947,-0.037108
0.69885,-0.57077,-0.031666
0.67003,-0.54761,-0.026142
0.64198,-0.5252,-0.020527
0.6147,-0.5035,-0.014821
0.5856,-0.48545,-0.015694
0.55807,-0.46811,-0.016769
0.53199,-0.45144,-0.01791
0.50727,-0.43541,-0.019028
0.48383,-0.41999,-0.020078
0.46157,-0.40516,-0.021026
0.44042,-0.39087,-0.021851
0.42032,-0.37712,-0.022536
0.40119,-0.36386,-0.023069
0.383,-0.35108,-0.023438
0.39423,-0.35147,-0.021295
0.40578,-0.35172,-0.019063
0.41763,-0.35187,-0.016785
0.42978,-0.35192,-0.014476
0.4422,-0.35189,-0.012145
0.45489,-0.35179,-0.0097852
0.46783,-0.35164,-0.0074062
0.48102,-0.35144,-0.0050087
0.49444,-0.35122,-0.0026025
0.50808,-0.35099,-0.00018899
0.49996,-0.36233,0.015852
0.49237,-0.37331,0.031532
0.48527,-0.38395,0.046659
0.47864,-0.39427,0.061228
0.47245,-0.40428,0.075267
0.4667,-0.414,0.088814
0.46138,-0.42344,0.10188
0.45645,-0.4326,0.11448
0.45192,-0.44152,0.12659
0.44777,-0.45018,0.13821
0.46493,-0.4779,0.16155
0.4825,-0.50621,0.18416
0.50048,-0.53511,0.20611
0.51887,-0.56461,0.22741
0.53768,-0.59472,0.24806
0.5569,-0.62543,0.26804
0.57654,-0.65675,0.28729
0.59658,-0.68869,0.30574
0.61703,-0.72124,0.32332
0.63789,-0.75442,0.33999
0.59418,-0.67055,0.29283
0.55562,-0.59034,0.26517
0.52165,-0.51352,0.24779
0.49195,-0.43993,0.23642
0.46627,-0.36949,0.22886
0.44443,-0.30213,0.22393
0.42631,-0.23781,0.2209
0.41179,-0.17649,0.21933
0.40076,-0.11811,0.21889
0.39317,-0.062643,0.21937
0.36317,-0.083904,0.21293
0.33583,-0.10342,0.20588
0.311,-0.12132,0.19863
0.28854,-0.1377,0.19144
0.26833,-0.15264,0.18444
0.25026,-0.16623,0.17768
0.23423,-0.17853,0.17119
0.22014,-0.18961,0.16497
0.20791,-0.19951,0.15901
0.19748,-0.20829,0.1533
0.2001,-0.1956,0.11581
0.20396,-0.18263,0.087239
0.20899,-0.1693,0.065036
0.21516,-0.15555,0.047569
0.22244,-0.14137,0.033747
0.23081,-0.12671,0.022816
0.24025,-0.11157,0.014238
0.25075,-0.095924,0.0076198
0.26232,-0.079771,0.002665
0.27494,-0.063101,-0.00085536
0.24905,-0.050875,-0.00028591
0.22483,-0.039588,-0.00022905
0.20222,-0.029242,-0.00044358
0.18118,-0.019838,-0.00075233
0.16166,-0.011371,-0.0010319
0.14361,-0.0038364,-0.0012003
0.12699,0.0027722,-0.0012038
0.11175,0.0084632,-0.001008
0.097857,0.013251,-0.00082379
0.085255,0.017152,-0.00096905
0.092701,0.0098965,-0.00050929
0.10093,0.0014224,0.0012051
0.10996,-0.0083325,0.0050965
0.11981,-0.019408,0.011066
0.13049,-0.031843,0.019021
0.14204,-0.045672,0.028869
0.15446,-0.060931,0.040529
0.16777,-0.077652,0.053922
0.18199,-0.095863,0.068981
0.19713,-0.11559,0.085642
0.19058,-0.094952,0.053669
0.18466,-0.075621,0.0312
0.17935,-0.057494,0.015836
0.17463,-0.040493,0.0060525
0.17046,-0.024558,0.00083427
0.16685,-0.0096357,-0.00052189
0.16376,0.0043685,-0.001951
0.16121,0.017526,-0.0064429
0.1592,0.029855,-0.013717
0.15772,0.041369,-0.02356
0.16758,0.026977,-0.023929
0.17878,0.010442,-0.024372
0.19134,-0.0082642,-0.024867
0.20527,-0.029172,-0.025398
0.22056,-0.052312,-0.025943
0.23725,-0.07771,-0.026487
0.25532,-0.1054,-0.027007
0.2748,-0.1354,-0.027489
0.29569,-0.16773,-0.027911
0.318,-0.20243,-0.02826
0.30596,-0.21712,-0.02388
0.29456,-0.23086,-0.021045
0.28381,-0.24367,-0.019185
0.27372,-0.25557,-0.01797
0.2643,-0.26659,-0.017194
0.25556,-0.27674,-0.016736
0.24751,-0.28602,-0.016513
0.24016,-0.29446,-0.016476
0.23351,-0.30207,-0.01659
0.22759,-0.30887,-0.016835
0.2298,-0.30782,-0.026543
0.23214,-0.30678,-0.03682
0.23461,-0.30574,-0.047328
0.2372,-0.30472,-0.057899
0.23992,-0.3037,-0.068445
0.24277,-0.3027,-0.078937
0.24573,-0.3017,-0.089358
0.24882,-0.30072,-0.099713
0.25203,-0.29975,-0.10999
0.25536,-0.2988,-0.12021
0.2616,-0.29243,-0.12273
0.2683,-0.28576,-0.12518
0.27546,-0.27881,-0.12751
0.28308,-0.27156,-0.12969
0.29114,-0.26404,-0.13168
0.29963,-0.25625,-0.13348
0.30855,-0.24819,-0.13505
0.3179,-0.23987,-0.13641
0.32766,-0.23129,-0.13752
0.33782,-0.22246,-0.13841
0.3455,-0.22051,-0.12526
0.35336,-0.21861,-0.11501
0.36139,-0.21673,-0.10674
0.36959,-0.21486,-0.099858
0.37796,-0.213,-0.093977
0.3865,-0.21114,-0.088845
0.39521,-0.20929,-0.084281
0.40409,-0.20743,-0.080166
0.41313,-0.20558,-0.076414
0.42235,-0.20373,-0.07297
0.44005,-0.17547,-0.047842
0.45906,-0.14698,-0.031325
0.47938,-0.11821,-0.020408
0.50103,-0.089155,-0.013331
0.52399,-0.059788,-0.0090081
0.54828,-0.030109,-0.0067418
0.57388,-0.00011806,-0.0060573
0.60079,0.030182,-0.0065696
0.62901,0.0608,-0.0067985
0.65854,0.091728,-0.006302
0.63024,0.079983,-0.0053155
0.60307,0.068509,-0.0039488
0.57697,0.057297,-0.0022483
0.55189,0.046336,-0.00026836
0.52777,0.035621,0.0019397
0.50459,0.025143,0.0043251
0.48229,0.014898,0.0068452
0.46085,0.0048804,0.0094622
0.44022,-0.0049147,0.012146
0.42039,-0.014491,0.01487
0.42023,-0.040961,0.01289
0.4211,-0.067956,0.011586
0.42293,-0.095508,0.010709
0.42568,-0.12364,0.010101
0.42931,-0.15238,0.0096601
0.43379,-0.18174,0.0093177
0.43908,-0.21174,0.0090271
0.44516,-0.24239,0.008755
0.45201,-0.2737,0.0084787
0.4596,-0.30568,0.0081806
0.48057,-0.31251,0.0035123
0.50182,-0.31949,-0.00047231
0.52333,-0.32664,-0.003955
0.54507,-0.33399,-0.0070541
0.567,-0.34154,-0.0098442
0.5891,-0.34931,-0.012378
0.61135,-0.35731,-0.014689
0.63373,-0.36556,-0.016805
0.65619,-0.37406,-0.018743
0.67874,-0.38284,-0.020525
0.64431,-0.35954,-0.02048
0.6118,-0.3365,-0.020517
0.58104,-0.31378,-0.020901
0.55194,-0.29144,-0.021411
0.52438,-0.26953,-0.021933
0.49826,-0.24808,-0.02241
0.47351,-0.22715,-0.022806
0.45005,-0.20676,-0.023098
0.42782,-0.18694,-0.023274
0.40675,-0.16771,-0.023327
0.40376,-0.14164,-0.025367
0.40088,-0.11656,-0.027705
0.39813,-0.092474,-0.03031
0.39551,-0.069373,-0.033154
0.39301,-0.047259,-0.036211
0.39065,-0.026133,-0.039458
0.38844,-0.0059911,-0.042875
0.38637,0.013168,-0.046445
0.38447,0.031346,-0.050153
0.38273,0.048545,-0.053987
0.38013,0.037012,-0.056965
0.37768,0.025239,-0.059893
0.37538,0.013225,-0.062775
0.37325,0.00096834,-0.065611
0.37127,-0.011532,-0.068401
0.36945,-0.024277,-0.071142
0.36779,-0.037269,-0.073833
0.36631,-0.050509,-0.076455
0.36498,-0.063999,-0.079012
0.36383,-0.077739,-0.0815
0.36304,-0.092726,-0.055368
0.36209,-0.10793,-0.038784
0.36111,-0.12337,-0.028448
0.36019,-0.13908,-0.022404
0.35938,-0.15508,-0.019444
0.35871,-0.17137,-0.018777
0.35829,-0.18799,-0.018021
0.35817,-0.20496,-0.015872
0.35834,-0.22229,-0.012608
0.35879,-0.23996,-0.0084379
0.36595,-0.20069,-0.0094584
0.3749,-0.16226,-0.0092892
0.38562,-0.12468,-0.0083708
0.39811,-0.087958,-0.0068955
0.41234,-0.052098,-0.0049587
0.42833,-0.017108,-0.002604
0.44606,0.017001,0.00014086
0.46555,0.050225,0.0032632
0.48678,0.082554,0.0067515
0.50976,0.11398,0.010601
0.52418,0.093056,0.008541
0.53965,0.06994,0.0063821
0.55618,0.044622,0.0041562
0.57374,0.017092,0.0018894
0.59235,-0.01266,-0.00040166
0.612,-0.044644,-0.002701
0.63268,-0.078867,-0.0049988
0.65439,-0.11534,-0.0072846
0.67713,-0.15406,-0.0095522
0.70089,-0.19503,-0.011796
0.69781,-0.22308,-0.019285
0.69497,-0.25128,-0.023647
0.69233,-0.2796,-0.025949
0.68985,-0.30804,-0.026764
0.68752,-0.33656,-0.026918
0.68527,-0.36513,-0.027918
0.6831,-0.39375,-0.029721
0.68103,-0.42241,-0.032222
0.67904,-0.45109,-0.035328
0.67714,-0.47979,-0.03897
0.67501,-0.50269,-0.029608
0.67311,-0.52579,-0.02601
0.67153,-0.54911,-0.02521
0.67038,-0.57269,-0.022901
0.66965,-0.59655,-0.018894
0.66931,-0.62069,-0.013533
0.66936,-0.64512,-0.0070057
0.66976,-0.66983,0.00052135
0.6705,-0.69483,0.0089571
0.67159,-0.72013,0.0182
0.62497,-0.59351,0.01074
0.58375,-0.47884,0.0056416
0.54756,-0.37536,0.0017872
0.51607,-0.28241,-0.0013067
0.489,-0.19942,-0.0038551
0.46609,-0.12584,-0.0059664
0.44712,-0.061218,-0.0076946
0.43189,-0.005118,-0.0090694
0.42022,0.042829,-0.01011
0.41195,0.082951,-0.010825
0.38295,0.046935,-0.011209
0.35733,0.010021,-0.011158
0.3349,-0.02786,-0.010946
0.31545,-0.066772,-0.010896
0.29885,-0.10678,-0.011034
0.28498,-0.14796,-0.011306
0.27375,-0.19036,-0.01169
0.26509,-0.23404,-0.012172
0.25895,-0.27907,-0.012743
0.25529,-0.3255,-0.013395
0.24812,-0.31073,-0.013625
0.24122,-0.29628,-0.013992
0.23455,-0.28214,-0.014491
0.22813,-0.26831,-0.015109
0.22195,-0.2548,-0.015836
0.216,-0.24158,-0.016662
0.21027,-0.22868,-0.017575
0.20477,-0.21608,-0.018566
0.19949,-0.20378,-0.019628
0.19443,-0.19178,-0.02075
0.23055,-0.24326,-0.025978
0.27063,-0.30106,-0.031577
0.31471,-0.36531,-0.037475
0.36283,-0.43611,-0.043614
0.41501,-0.51358,-0.049954
0.47124,-0.5978,-0.056465
0.53149,-0.68885,-0.06312
0.59572,-0.7868,-0.069895
0.66387,-0.89173,-0.076759
0.73588,-1.0037,-0.083684
0.76372,-0.96477,-0.078688
0.79293,-0.92536,-0.076301
0.82347,-0.88551,-0.075226
0.85527,-0.84528,-0.074876
0.88829,-0.80473,-0.074961
0.92245,-0.76389,-0.075348
0.95773,-0.72282,-0.075961
0.99405,-0.68154,-0.076773
1.0314,-0.6401,-0.077758
1.0697,-0.59852,-0.078919
1.0721,-0.5984,-0.044821
1.0744,-0.59811,-0.03566
1.0768,-0.59795,-0.030768
1.0798,-0.59815,-0.01652
1.0833,-0.59865,0.0049406
1.0871,-0.59944,0.032174
1.0912,-0.60049,0.064135
1.0957,-0.60179,0.099921
1.1004,-0.60332,0.13876
1.1054,-0.60507,0.17997
1.0695,-0.53327,0.15802
1.037,-0.46528,0.14693
1.0073,-0.40086,0.14024
0.9802,-0.33986,0.13545
0.95555,-0.28217,0.13154
0.93318,-0.22769,0.12808
0.91292,-0.17635,0.12484
0.89467,-0.12805,0.12174
0.87831,-0.082753,0.11872
0.86374,-0.04038,0.11574
0.86834,-0.067251,0.070871
0.87342,-0.095254,0.03977
0.87885,-0.12428,0.016999
0.88454,-0.15426,-0.00020186
0.89046,-0.18515,-0.013332
0.89657,-0.21693,-0.023284
0.90287,-0.24958,-0.030628
0.90933,-0.28307,-0.035776
0.91595,-0.31738,-0.039041
0.92268,-0.35248,-0.041502
1.0196,-0.29926,-0.044575
1.1229,-0.24431,-0.048289
1.2324,-0.18773,-0.052677
1.3478,-0.1296,-0.057741
1.469,-0.070019,-0.063446
1.5958,-0.009096,-0.069769
1.728,0.053073,-0.076667
1.8655,0.11639,-0.084125
2.008,0.18075,-0.092106
2.1554,0.24606,-0.10061
2.0184,0.19356,-0.091357
1.8924,0.14446,-0.084635
1.7759,0.098294,-0.079413
1.6679,0.054676,-0.075399
1.5675,0.013305,-0.072453
1.4738,-0.026077,-0.07052
1.3863,-0.063706,-0.068974
1.3043,-0.099807,-0.066724
1.2275,-0.13454,-0.063735
1.1555,-0.16804,-0.06001
1.162,-0.16549,-0.061793
1.169,-0.16239,-0.064093
1.1765,-0.15877,-0.066675
1.1845,-0.15464,-0.069413
1.193,-0.15004,-0.072224
1.202,-0.14498,-0.075063
1.2114,-0.13949,-0.077889
1.2213,-0.13359,-0.080677
1.2316,-0.12728,-0.083398
1.2423,-0.1206,-0.086032
1.1896,-0.15866,-0.085661
1.1385,-0.19648,-0.085164
1.0888,-0.23405,-0.084548
1.0406,-0.27137,-0.083823
0.99398,-0.30844,-0.08299
0.94889,-0.34527,-0.082054
0.90538,-0.38185,-0.081018
0.86344,-0.41818,-0.079886
0.82309,-0.45427,-0.078664
0.78436,-0.49012,-0.077356
0.79246,-0.39748,-0.074922
0.80303,-0.31105,-0.073308
0.816,-0.23061,-0.072426
0.8313,-0.15595,-0.072197
0.84887,-0.086882,-0.072571
0.86865,-0.023257,-0.073509
0.8906,0.035071,-0.074989
0.91467,0.088225,-0.076988
0.94082,0.13631,-0.079495
0.969,0.17942,-0.082493
0.97585,0.16948,-0.088242
0.98254,0.15882,-0.092185
0.989,0.14745,-0.095213
0.9952,0.13541,-0.097728
1.0011,0.12268,-0.10003
1.0068,0.1093,-0.10242
1.0121,0.095265,-0.10487
1.0172,0.080568,-0.10732
1.022,0.065215,-0.10975
1.0266,0.049209,-0.11211
1.0348,0.056934,-0.11237
1.0432,0.064678,-0.1137
1.0519,0.072415,-0.11531
1.061,0.080134,-0.11695
1.0704,0.087828,-0.11857
1.0801,0.095494,-0.12016
1.0902,0.10313,-0.12174
1.1005,0.11073,-0.12328
1.1112,0.11829,-0.12486
1.1221,0.1258,-0.12649
1.0944,0.12536,-0.12385
1.0679,0.12508,-0.1208
1.0426,0.12496,-0.11756
1.0184,0.12497,-0.1143
0.99514,0.12509,-0.11116
0.97278,0.1253,-0.10821
0.95125,0.12558,-0.10549
0.93054,0.12591,-0.10275
0.9106,0.12628,-0.099832
0.8914,0.12667,-0.096702
0.83926,0.093283,-0.092788
0.78896,0.059119,-0.092132
0.74045,0.024165,-0.095144
0.69384,-0.011595,-0.10079
0.64922,-0.048176,-0.1085
0.60661,-0.085589,-0.1179
0.56605,-0.12385,-0.12876
0.52756,-0.16296,-0.14086
0.49118,-0.20294,-0.15404
0.45691,-0.24381,-0.16815
0.46937,-0.21947,-0.12281
0.48054,-0.19612,-0.094149
0.4911,-0.1737,-0.075528
0.50142,-0.15217,-0.063478
0.51169,-0.13148,-0.05607
0.52202,-0.11161,-0.052148
0.53249,-0.092521,-0.05099
0.54328,-0.074174,-0.050593
0.55465,-0.056524,-0.048363
0.56654,-0.039541,-0.044504
0.56771,-0.034724,-0.045671
0.56893,-0.03002,-0.045861
0.57015,-0.025428,-0.045507
0.57137,-0.020947,-0.044813
0.57256,-0.016573,-0.04389
0.57373,-0.012306,-0.042793
0.57488,-0.0081424,-0.041561
0.57601,-0.0040804,-0.040208
0.57712,-0.00011732,-0.038752
0.57821,0.003749,-0.037195
0.57647,0.022773,-0.041799
0.57621,0.040249,-0.042612
0.57707,0.056144,-0.042937
0.57883,0.07043,-0.045097
0.58146,0.083138,-0.048652
0.58494,0.094293,-0.053299
0.58923,0.10392,-0.058843
0.59432,0.11202,-0.065104
0.60018,0.11864,-0.071967
0.60679,0.12376,-0.079318
0.58222,0.11141,-0.061468
0.55973,0.096534,-0.048164
0.53915,0.079167,-0.037982
0.52034,0.059311,-0.03012
0.50314,0.036962,-0.024109
0.48745,0.012104,-0.019658
0.47313,-0.015275,-0.016466
0.46017,-0.045138,-0.012634
0.44846,-0.07749,-0.007588
0.43792,-0.11236,-0.0013657
0.39533,-0.1275,-0.00080999
0.35564,-0.14166,-0.00010181
0.31875,-0.15489,0.00080975
0.28457,-0.16722,0.0019637
0.253,-0.17867,0.0034016
0.22395,-0.1893,0.0044774
0.19735,-0.19918,0.0047162
0.17314,-0.20832,0.0041262
0.15125,-0.21677,0.002717
0.13164,-0.22455,0.00049542
0.14573,-0.2135,0.0021268
0.16114,-0.20237,0.0035854
0.17786,-0.19117,0.0049208
0.1959,-0.17991,0.0061703
0.21525,-0.16858,0.0073667
0.23592,-0.15719,0.0085347
0.2579,-0.14574,0.0096977
0.28119,-0.13423,0.010873
0.3058,-0.12266,0.012078
0.33171,-0.11105,0.013323
0.31188,-0.12187,0.012991
0.29319,-0.13255,0.011739
0.27556,-0.14311,0.0097377
0.25894,-0.15354,0.0070842
0.24329,-0.16387,0.003846
0.22855,-0.17409,6.3746e-05
0.21469,-0.18422,-0.0042293
0.20167,-0.19427,-0.0090131
0.18944,-0.20423,-0.014267
0.17799,-0.21412,-0.01998
0.16979,-0.21984,-0.020828
0.16176,-0.22546,-0.02143
0.1539,-0.23097,-0.021832
0.14624,-0.23638,-0.022079
0.13877,-0.24169,-0.022196
0.13151,-0.24689,-0.022208
0.12449,-0.25198,-0.022126
0.1177,-0.25696,-0.021961
0.11117,-0.26184,-0.021719
0.1049,-0.2666,-0.021414
0.11196,-0.25305,-0.024383
0.11972,-0.23963,-0.027566
0.12817,-0.22635,-0.030939
0.13731,-0.21321,-0.03449
0.14714,-0.20022,-0.038204
0.15764,-0.1874,-0.042078
0.16881,-0.17474,-0.0461
0.18065,-0.16225,-0.050268
0.19315,-0.14994,-0.054576
0.2063,-0.13782,-0.059024
0.17797,-0.16005,-0.054396
0.15297,-0.18256,-0.05008
0.13114,-0.20539,-0.046016
0.11232,-0.22857,-0.04218
0.09639,-0.25213,-0.038552
0.083261,-0.27611,-0.035132
0.072857,-0.30052,-0.031918
0.065127,-0.32539,-0.028921
0.060036,-0.35074,-0.026151
0.05756,-0.37658,-0.023626
0.056665,-0.36536,-0.024981
0.055984,-0.35432,-0.026
0.055529,-0.34347,-0.026742
0.055311,-0.33279,-0.027262
0.05534,-0.32229,-0.027596
0.055625,-0.31196,-0.027777
0.056175,-0.30179,-0.027828
0.056999,-0.29178,-0.027772
0.058104,-0.28194,-0.027622
0.059497,-0.27224,-0.027393
0.053041,-0.27482,-0.017329
0.047609,-0.27711,-0.011528
0.043186,-0.27915,-0.0087652
0.039762,-0.28096,-0.0082442
0.037352,-0.2826,-0.0078733
0.035977,-0.28411,-0.0061501
0.035581,-0.28551,-0.0033442
0.034766,-0.28698,0.00036641
0.032949,-0.28858,0.004848
0.030131,-0.29032,0.0099957
0.030662,-0.27432,0.016541
0.030502,-0.25916,0.023347
0.029665,-0.24478,0.030324
0.028241,-0.23114,0.037409
0.027342,-0.21805,0.044524
0.027296,-0.20544,0.051624
0.028081,-0.19328,0.058672
0.029672,-0.18156,0.065648
0.032053,-0.17023,0.072525
0.035207,-0.15928,0.079298
0.030101,-0.16852,0.080252
0.026488,-0.17779,0.081308
0.024368,-0.18711,0.082398
0.02374,-0.19649,0.083485
0.024182,-0.20598,0.084529
0.023456,-0.21584,0.085566
0.021238,-0.22609,0.086565
0.017526,-0.23674,0.087507
0.012324,-0.24779,0.088358
0.0056316,-0.25924,0.089102
0.011685,-0.25319,0.086824
0.016451,-0.24726,0.087199
0.01998,-0.24144,0.089587
0.022316,-0.23572,0.093587
0.023498,-0.23011,0.098925
0.02356,-0.2246,0.10542
0.023209,-0.21915,0.11293
0.023896,-0.21362,0.12134
0.025645,-0.20804,0.13058
0.028434,-0.20241,0.14062
0.031022,-0.22988,0.15516
0.033693,-0.25898,0.16897
0.036443,-0.28968,0.18195
0.039255,-0.322,0.19412
0.042128,-0.35593,0.20548
0.045053,-0.39147,0.21612
0.048029,-0.42864,0.22609
0.051052,-0.46744,0.23549
0.054119,-0.50787,0.24436
0.057226,-0.54995,0.25278
0.052739,-0.53917,0.18999
0.048769,-0.52903,0.14213
0.045277,-0.51937,0.10458
0.042242,-0.51008,0.074649
0.039653,-0.50109,0.050681
0.037504,-0.49235,0.031605
0.035791,-0.48384,0.016689
0.034511,-0.47552,0.0054081
0.033375,-0.46738,-0.0026282
0.031849,-0.45946,-0.0077346
0.033518,-0.47765,-0.0077801
0.036869,-0.4961,-0.0081088
0.043271,-0.51475,-0.0085963
0.052709,-0.53365,-0.0091484
0.065173,-0.55282,-0.0096807
0.080659,-0.57231,-0.010134
0.099161,-0.59213,-0.010456
0.12067,-0.6123,-0.010645
0.14519,-0.63284,-0.010672
0.1727,-0.65376,-0.010548
0.16177,-0.6451,-0.010576
0.15187,-0.63666,-0.010642
0.14289,-0.62843,-0.010722
0.13472,-0.62039,-0.010784
0.12728,-0.61255,-0.010786
0.1205,-0.60489,-0.010703
0.1143,-0.59741,-0.0105
0.10863,-0.5901,-0.010159
0.10344,-0.58296,-0.0096501
0.098675,-0.57598,-0.008956
0.090221,-0.56345,-0.0064957
0.082268,-0.55108,-0.0042578
0.074802,-0.53884,-0.0024063
0.06781,-0.52674,-0.00095592
0.061275,-0.51477,0.00013703
0.055184,-0.50294,0.00091988
0.049524,-0.49124,0.0014429
0.044283,-0.47968,0.0017438
0.039451,-0.46825,0.0018585
0.035017,-0.45695,0.0018125
0.031066,-0.49293,0.0044962
0.027974,-0.53027,0.0074009
0.025739,-0.56897,0.010484
0.024359,-0.60904,0.013703
0.023828,-0.65048,0.017024
0.024142,-0.69329,0.020406
0.024687,-0.7375,0.023818
0.024364,-0.78315,0.027223
0.023151,-0.83022,0.030594
0.021048,-0.87871,0.033896
0.02225,-0.83058,0.055991
0.022381,-0.78456,0.078971
0.021541,-0.74054,0.10285
0.020287,-0.69843,0.12763
0.020082,-0.65809,0.1533
0.020947,-0.61945,0.17984
0.022808,-0.58244,0.20719
0.025582,-0.547,0.23535
0.029211,-0.51308,0.26425
0.033638,-0.48063,0.29385
0.035502,-0.47056,0.18121
0.038118,-0.46166,0.10494
0.041357,-0.45354,0.052707
0.045136,-0.44599,0.01783
0.049408,-0.43891,-0.0036575
0.054137,-0.43223,-0.014254
0.059288,-0.42585,-0.016575
0.06471,-0.41935,-0.023159
0.070377,-0.4126,-0.036906
0.07631,-0.40564,-0.057156
0.067677,-0.44928,-0.063354
0.059526,-0.49521,-0.070903
0.051851,-0.54344,-0.079684
0.044648,-0.59401,-0.089591
0.03791,-0.64691,-0.10051
0.031633,-0.70218,-0.11233
0.025808,-0.75982,-0.12494
0.020429,-0.81983,-0.13824
0.015484,-0.88224,-0.1521
0.010969,-0.94703,-0.16644
0.017815,-0.91925,-0.13491
0.026524,-0.89161,-0.11104
0.037073,-0.8642,-0.092066
0.049441,-0.8371,-0.076576
0.0636,-0.81035,-0.063785
0.079529,-0.78395,-0.053248
0.097205,-0.75793,-0.044683
0.11661,-0.7323,-0.037912
0.13774,-0.70708,-0.032804
0.16057,-0.68226,-0.029266
0.13682,-0.67466,-0.029876
0.11507,-0.66716,-0.030471
0.095244,-0.65974,-0.031026
0.077258,-0.65242,-0.031551
0.06105,-0.64518,-0.03205
0.046559,-0.63803,-0.032534
0.033731,-0.63097,-0.033004
0.022519,-0.62399,-0.033462
0.012877,-0.61709,-0.033909
0.0047666,-0.61028,-0.034344
0.012928,-0.58333,-0.036565
0.022754,-0.55757,-0.038955
0.034236,-0.53293,-0.041485
0.047366,-0.50933,-0.044138
0.062139,-0.4867,-0.046907
0.07855,-0.46498,-0.049785
0.096597,-0.44413,-0.052764
0.11628,-0.42408,-0.055838
0.13759,-0.40481,-0.058997
0.16054,-0.38627,-0.062234
0.13726,-0.36298,-0.049381
0.11564,-0.34075,-0.039888
0.095713,-0.31957,-0.032601
0.0775,-0.29942,-0.026849
0.061024,-0.28027,-0.022234
0.046303,-0.26208,-0.018498
0.033356,-0.24481,-0.01547
0.022201,-0.22844,-0.013025
0.012853,-0.21292,-0.011075
0.0053278,-0.19823,-0.0095497
0.0069482,-0.18043,-0.010522
0.0086621,-0.16378,-0.01218
0.010472,-0.14823,-0.014266
0.012381,-0.13371,-0.016619
0.014391,-0.12018,-0.019142
0.016505,-0.10759,-0.021769
0.018727,-0.095892,-0.024461
0.021057,-0.085044,-0.027191
0.023498,-0.075004,-0.029943
0.026051,-0.065735,-0.032703
0.021847,-0.084027,-0.025344
0.01774,-0.10439,-0.019581
0.013725,-0.1268,-0.015241
0.009791,-0.15124,-0.012189
0.0059222,-0.17768,-0.010307
0.0021007,-0.2061,-0.009488
-0.0016923,-0.2365,-0.009629
-0.0054759,-0.26885,-0.010564
-0.0092653,-0.3032,-0.011194
-0.013078,-0.33954,-0.011213
-0.011981,-0.33418,-0.01271
-0.010781,-0.32877,-0.014809
-0.009488,-0.32321,-0.020102
-0.0080984,-0.31756,-0.027906
-0.0066099,-0.31184,-0.037774
-0.0050192,-0.30607,-0.049401
-0.0033253,-0.30028,-0.06258
-0.0015254,-0.29447,-0.077158
0.00038103,-0.28867,-0.093024
0.0023966,-0.28287,-0.11009
0.0097786,-0.26775,-0.13504
0.017964,-0.25313,-0.1597
0.026934,-0.23901,-0.18388
0.036672,-0.22541,-0.20749
0.047161,-0.21233,-0.23048
0.058386,-0.19978,-0.25286
0.070335,-0.18775,-0.27459
0.082991,-0.17626,-0.2957
0.096344,-0.1653,-0.31615
0.11037,-0.15488,-0.33594
0.1166,-0.13795,-0.26165
0.12296,-0.12195,-0.20839
0.12948,-0.10702,-0.16845
0.13613,-0.09325,-0.1375
0.14291,-0.080672,-0.11287
0.14982,-0.069301,-0.092919
0.15685,-0.05914,-0.076503
0.16399,-0.050186,-0.062856
0.17123,-0.042434,-0.051423
0.17857,-0.035878,-0.041801
0.17929,-0.044391,-0.045403
0.17986,-0.054369,-0.04857
0.18028,-0.065843,-0.051327
0.18053,-0.078845,-0.053704
0.18061,-0.093409,-0.055731
0.1805,-0.10957,-0.057439
0.1802,-0.12736,-0.05886
0.17971,-0.14682,-0.060021
0.17901,-0.16798,-0.06095
0.1781,-0.19088,-0.061667
0.1748,-0.19223,-0.038302
0.17142,-0.1936,-0.022365
0.16798,-0.195,-0.011784
0.16449,-0.19644,-0.0052146
0.16096,-0.19794,-0.0017469
0.15739,-0.19949,-0.00070581
0.15381,-0.2011,0.00072797
0.15024,-0.20274,0.0038339
0.14667,-0.20442,0.0083457
0.14312,-0.20612,0.014053
0.13718,-0.21601,0.022531
0.13127,-0.22615,0.033062
0.12541,-0.23653,0.045637
0.11959,-0.24715,0.060225
0.11382,-0.258,0.076765
0.10808,-0.26908,0.095193
0.10239,-0.28039,0.11542
0.096738,-0.29193,0.13737
0.091125,-0.3037,0.16094
0.085549,-0.31569,0.18605
0.096387,-0.29258,0.16975
0.10751,-0.27049,0.15658
0.1189,-0.24946,0.14551
0.13054,-0.22948,0.13588
0.14243,-0.21057,0.12728
0.15457,-0.19273,0.11944
0.16694,-0.17597,0.11217
0.17955,-0.1603,0.10537
0.1924,-0.14571,0.098929
0.20547,-0.13221,0.092801
0.19298,-0.12563,0.074405
0.18132,-0.11915,0.06021
0.17041,-0.1128,0.048995
0.16018,-0.10659,0.039974
0.15058,-0.10052,0.032617
0.14156,-0.094622,0.026554
0.13308,-0.088882,0.021525
0.1251,-0.08331,0.017334
0.11758,-0.077905,0.013838
0.11049,-0.072673,0.010924
0.10841,-0.080843,0.018322
0.10627,-0.089607,0.026662
0.10405,-0.098986,0.035579
0.10176,-0.109,0.044801
0.099376,-0.11965,0.054128
0.096903,-0.13095,0.063413
0.094331,-0.14292,0.072557
0.091652,-0.15555,0.08149
0.088862,-0.16885,0.090167
0.085954,-0.18283,0.098561
0.088136,-0.1813,0.10493
0.090335,-0.17989,0.11111
0.092551,-0.1786,0.11709
0.094783,-0.17742,0.12287
0.097032,-0.17636,0.12845
0.099298,-0.17542,0.13383
0.10158,-0.17458,0.13898
0.10388,-0.17387,0.14392
0.1062,-0.17326,0.14863
0.10854,-0.17277,0.15311
0.11533,-0.16396,0.15165
0.12208,-0.15555,0.15225
0.12879,-0.14754,0.15442
0.13547,-0.13992,0.15782
0.14211,-0.13269,0.16222
0.14871,-0.12584,0.16744
0.15528,-0.11935,0.17335
0.16182,-0.11324,0.17986
0.16833,-0.10748,0.18689
0.1748,-0.10208,0.19438
0.17128,-0.09491,0.16687
0.16754,-0.088107,0.14413
0.16361,-0.081667,0.12498
0.1595,-0.07558,0.10862
0.15524,-0.069837,0.094489
0.15083,-0.064426,0.082176
0.1463,-0.059337,0.071384
0.14165,-0.054558,0.061881
0.13691,-0.050079,0.053489
0.13209,-0.045889,0.046061
0.15117,-0.049236,0.051171
0.17157,-0.052926,0.056188
0.1933,-0.05696,0.061082
0.21637,-0.06134,0.065826
0.24079,-0.066068,0.070412
0.26655,-0.071145,0.074834
0.29366,-0.076573,0.079101
0.32212,-0.082354,0.083222
0.35194,-0.088488,0.087214
0.38311,-0.094978,0.091088
0.34407,-0.089587,0.086516
0.30782,-0.084668,0.082252
0.27419,-0.080192,0.078278
0.24302,-0.076135,0.074574
0.21417,-0.072478,0.071118
0.18752,-0.0692,0.067888
0.16294,-0.066286,0.064864
0.14034,-0.063719,0.062026
0.11961,-0.061487,0.059358
0.10067,-0.059576,0.056843
0.092935,-0.055662,0.052401
0.085731,-0.051899,0.048589
0.079024,-0.048282,0.045284
0.072781,-0.044809,0.042395
0.06697,-0.041479,0.039853
0.061564,-0.038289,0.0376
0.056535,-0.035238,0.035596
0.05186,-0.032324,0.033804
0.047517,-0.029547,0.032196
0.043484,-0.026904,0.03075
0.050764,-0.032804,0.028486
0.058742,-0.039391,0.02616
0.067446,-0.046684,0.023771
0.076901,-0.054698,0.021321
0.087129,-0.063452,0.01882
0.098149,-0.07296,0.016282
0.10998,-0.083239,0.013724
0.12264,-0.094304,0.011171
0.13613,-0.10617,0.0086481
0.15048,-0.11885,0.0061817
0.14593,-0.11056,0.0095763
0.1415,-0.1025,0.013024
0.13718,-0.094702,0.016495
0.13296,-0.087176,0.019973
0.12883,-0.079944,0.023449
0.12478,-0.073025,0.026918
0.12081,-0.066439,0.030376
0.1169,-0.060204,0.033822
0.11305,-0.054339,0.037256
0.10926,-0.048862,0.040675
0.1016,-0.05255,0.033811
0.094091,-0.056913,0.02805
0.086702,-0.06194,0.023163
0.079404,-0.067624,0.018981
0.072177,-0.073957,0.01538
0.064999,-0.080934,0.012267
0.057857,-0.08855,0.0095697
0.050735,-0.096801,0.0072344
0.043623,-0.10568,0.0052188
0.036512,-0.1152,0.0034902
0.046309,-0.1007,0.010072
0.056002,-0.087808,0.018433
0.065603,-0.076457,0.028363
0.075124,-0.0666,0.039712
0.084577,-0.058203,0.05237
0.09397,-0.051241,0.066251
0.10331,-0.045697,0.081283
0.11261,-0.041566,0.097402
0.12186,-0.038847,0.11455
0.13107,-0.037549,0.13267
0.1385,-0.039241,0.12996
0.14614,-0.04102,0.12865
0.15399,-0.042883,0.12849
0.16206,-0.044826,0.12932
0.17033,-0.046846,0.13099
0.17881,-0.048943,0.1334
0.18751,-0.051114,0.13647
0.19642,-0.05336,0.14013
0.20553,-0.05568,0.14432
0.21486,-0.058073,0.14901
0.21492,-0.058369,0.11849
0.21473,-0.05865,0.092639
0.21429,-0.058912,0.070774
0.21364,-0.059151,0.052406
0.2128,-0.059363,0.037163
0.21177,-0.059547,0.024756
0.21057,-0.059699,0.01496
0.20923,-0.059819,0.0075889
0.20775,-0.059905,0.0024937
0.20615,-0.059957,-0.0004532
0.20735,-0.060104,-0.0015619
0.20858,-0.060323,-0.0044675
0.20981,-0.060628,-0.010675
0.21105,-0.061016,-0.019868
0.21228,-0.061486,-0.031793
0.2135,-0.062037,-0.046247
0.21471,-0.062666,-0.06306
0.21592,-0.063372,-0.082089
0.2171,-0.064149,-0.10321
0.21828,-0.06499,-0.12631
0.21695,-0.064153,-0.10172
0.21556,-0.063136,-0.082034
0.2143,-0.061382,-0.065984
0.21318,-0.058878,-0.05274
0.21223,-0.055614,-0.041721
0.21146,-0.05158,-0.032532
0.21088,-0.046772,-0.024884
0.21051,-0.041185,-0.018572
0.21035,-0.034817,-0.01344
0.21041,-0.027667,-0.0093748
0.21967,-0.036165,-0.013325
0.22931,-0.044345,-0.017965
0.23932,-0.052208,-0.023251
0.24972,-0.059753,-0.029155
0.2605,-0.066982,-0.035651
0.27168,-0.073895,-0.042723
0.28324,-0.080494,-0.050354
0.29519,-0.086781,-0.058534
0.30753,-0.092757,-0.067251
0.32026,-0.098425,-0.076501
0.31443,-0.096476,-0.073301
0.30886,-0.094537,-0.070689
0.30353,-0.092601,-0.068518
0.29842,-0.090662,-0.06669
0.29353,-0.088714,-0.065129
0.28884,-0.086753,-0.063784
0.28435,-0.084773,-0.062611
0.28004,-0.082772,-0.061583
0.27591,-0.080745,-0.060676
0.27195,-0.078689,-0.059873
0.24981,-0.073215,-0.038976
0.229,-0.067933,-0.023743
0.20945,-0.062844,-0.013063
0.19107,-0.057948,-0.0061892
0.1738,-0.053247,-0.0025972
0.15758,-0.048739,-0.0016649
0.14239,-0.044429,0.00052481
0.1282,-0.040321,0.0050951
0.11496,-0.036423,0.011872
0.10261,-0.032738,0.020718
0.1131,-0.035615,0.010202
0.12422,-0.038526,0.0031759
0.13599,-0.041478,-0.00076224
0.14844,-0.044476,-0.001972
0.16153,-0.047508,-0.0037004
0.17526,-0.050564,-0.0077142
0.18965,-0.05364,-0.013807
0.20472,-0.056735,-0.021793
0.22047,-0.059848,-0.031513
0.2369,-0.062976,-0.042823
0.2407,-0.0642,-0.040948
0.24452,-0.065441,-0.039246
0.24836,-0.066697,-0.037671
0.25224,-0.06797,-0.036191
0.25614,-0.069259,-0.034779
0.26007,-0.070566,-0.033416
0.26403,-0.071889,-0.032088
0.26801,-0.073229,-0.030785
0.27203,-0.074587,-0.029501
0.27607,-0.075963,-0.028229
0.26487,-0.069947,-0.025331
0.2541,-0.06396,-0.022721
0.24376,-0.057999,-0.020347
0.23383,-0.052064,-0.018171
0.2243,-0.046153,-0.016166
0.21514,-0.040265,-0.014314
0.20635,-0.034398,-0.012604
0.19792,-0.028551,-0.011025
0.18984,-0.022724,-0.0095715
0.18209,-0.016916,-0.0082403
0.19816,-0.021178,-0.017396
0.21493,-0.025657,-0.029891
0.2324,-0.030362,-0.045194
0.25059,-0.035304,-0.062862
0.26949,-0.040491,-0.082534
0.28912,-0.045933,-0.10392
0.30947,-0.051638,-0.12678
0.33054,-0.057616,-0.15093
0.35234,-0.063874,-0.17621
0.37486,-0.070421,-0.20251
0.37006,-0.079708,-0.15699
0.36459,-0.087571,-0.12373
0.35861,-0.094175,-0.098456
0.35219,-0.099644,-0.078667
0.34541,-0.10407,-0.062841
0.33833,-0.10754,-0.050005
0.33099,-0.11012,-0.039509
0.32342,-0.11186,-0.030908
0.31566,-0.11282,-0.023882
0.30775,-0.11306,-0.018195
0.27929,-0.10305,-0.041563
0.25278,-0.09373,-0.07312
0.22799,-0.085011,-0.11101
0.20476,-0.076836,-0.15413
0.18294,-0.069153,-0.20177
0.16242,-0.061922,-0.25344
0.14312,-0.05511,-0.30881
0.12495,-0.048693,-0.36761
0.10786,-0.042652,-0.42961
0.091827,-0.036977,-0.49465
0.090213,-0.036095,-0.38668
0.088071,-0.035056,-0.304
0.085558,-0.033909,-0.23868
0.082771,-0.032689,-0.18609
0.079779,-0.031416,-0.14329
0.07663,-0.030107,-0.10831
0.073362,-0.028775,-0.07977
0.070005,-0.027429,-0.056685
0.066583,-0.026079,-0.038313
0.063118,-0.02473,-0.02408
0.07885,-0.029588,-0.020524
0.096462,-0.034534,-0.017256
0.11597,-0.039555,-0.014301
0.13738,-0.044644,-0.011684
0.16071,-0.049792,-0.0094448
0.18596,-0.054994,-0.0076259
0.21315,-0.060245,-0.0062792
0.24228,-0.065544,-0.0054566
0.27335,-0.070891,-0.0052138
0.30638,-0.076288,-0.0055913
0.30075,-0.068681,-0.0070322
0.29538,-0.060916,-0.011333
0.29027,-0.052987,-0.017852
0.2854,-0.044894,-0.026163
0.28078,-0.036632,-0.035989
0.27639,-0.028201,-0.047136
0.27224,-0.0196,-0.059475
0.26832,-0.010826,-0.072904
0.26463,-0.0018799,-0.087353
0.26115,0.0072393,-0.10276
0.23073,0.009315,-0.13793
0.2025,0.011083,-0.17604
0.17632,0.012561,-0.21681
0.15209,0.013762,-0.26007
0.1297,0.0147,-0.30567
0.10905,0.015381,-0.35352
0.090082,0.015816,-0.4035
0.072731,0.016006,-0.45552
0.056949,0.015957,-0.50945
0.042697,0.01567,-0.56522
0.052628,0.015858,-0.51267
0.063014,0.015958,-0.46849
0.073898,0.015968,-0.43031
0.085308,0.015886,-0.39666
0.097263,0.015711,-0.36646
0.10978,0.015439,-0.33902
0.12286,0.01507,-0.31378
0.13653,0.0146,-0.29039
0.15078,0.014027,-0.26855
0.16562,0.013348,-0.24807
0.16701,0.012088,-0.2345
0.1683,0.010979,-0.22256
0.16948,0.010012,-0.21191
0.17057,0.0091787,-0.20232
0.17158,0.0084723,-0.19359
0.1725,0.0078868,-0.1856
0.17334,0.0074178,-0.17824
0.17411,0.0070605,-0.17141
0.17481,0.0068118,-0.16507
0.17544,0.0066676,-0.15915
0.1799,-0.0084838,-0.13749
0.18476,-0.022851,-0.11861
0.19004,-0.03644,-0.10202
0.19577,-0.049259,-0.087375
0.20195,-0.061313,-0.074414
0.2086,-0.072609,-0.062931
0.21573,-0.083153,-0.052776
0.22336,-0.092951,-0.04382
0.23149,-0.10201,-0.035972
0.24015,-0.11033,-0.029146
0.21581,-0.098571,-0.033672
0.19354,-0.087704,-0.037797
0.17317,-0.077657,-0.041593
0.15455,-0.068365,-0.045121
0.13755,-0.059767,-0.048446
0.12204,-0.051809,-0.051609
0.10792,-0.044442,-0.054654
0.095089,-0.03762,-0.057607
0.08345,-0.031302,-0.060495
0.072923,-0.025451,-0.063332
0.07793,-0.02585,-0.074128
0.083214,-0.026155,-0.085272
0.088781,-0.026364,-0.096669
0.094635,-0.026472,-0.10823
0.10078,-0.026476,-0.11988
0.10722,-0.026374,-0.13156
0.11395,-0.026164,-0.14323
0.12098,-0.025843,-0.15485
0.12831,-0.025411,-0.16638
0.13594,-0.024865,-0.17782
0.14472,-0.030241,-0.17183
0.15375,-0.035774,-0.16737
0.16302,-0.041467,-0.16408
0.17254,-0.047321,-0.16174
0.18232,-0.053336,-0.16013
0.19235,-0.059511,-0.15911
0.20264,-0.065846,-0.15857
0.21318,-0.07234,-0.1584
0.22397,-0.078991,-0.15852
0.235,-0.085797,-0.15889
0.25628,-0.09819,-0.13381
0.27852,-0.11117,-0.113
0.30172,-0.12473,-0.095517
0.32589,-0.13889,-0.080689
0.35103,-0.15365,-0.068032
0.37716,-0.169,-0.057181
0.40428,-0.18496,-0.047871
0.43239,-0.20153,-0.039892
0.46152,-0.21871,-0.033086
0.49166,-0.23652,-0.027327
0.42939,-0.19689,-0.029978
0.37265,-0.15926,-0.031772
0.3213,-0.12357,-0.033015
0.27521,-0.08982,-0.033918
0.23426,-0.057962,-0.034625
0.19834,-0.027978,-0.035226
0.16736,0.00015776,-0.035781
0.14122,0.026465,-0.036323
0.11983,0.050965,-0.036875
0.10314,0.073678,-0.037445
0.093205,0.076145,-0.027962
0.084283,0.078033,-0.0203
0.076314,0.07938,-0.014169
0.069246,0.080218,-0.0093526
0.063029,0.080577,-0.0056947
0.057621,0.080485,-0.0030718
0.052982,0.079967,-0.0013913
0.049077,0.079045,-0.00057897
0.045881,0.077739,-0.00033491
0.043379,0.076067,0.00050503
0.043807,0.075216,-0.00071265
0.044409,0.074259,-0.0044711
0.045171,0.073188,-0.012263
0.046098,0.071995,-0.023824
0.047194,0.070674,-0.038944
0.048466,0.069216,-0.057444
0.049919,0.067615,-0.07916
0.051561,0.065865,-0.10394
0.053398,0.063961,-0.13164
0.055439,0.061897,-0.16211
0.054509,0.06422,-0.16463
0.053719,0.066493,-0.16666
0.053067,0.068718,-0.16821
0.052549,0.070896,-0.16933
0.052162,0.073029,-0.17006
0.051903,0.075117,-0.17043
0.051769,0.077162,-0.17046
0.051757,0.079164,-0.17018
0.051863,0.081126,-0.1696
0.052085,0.083048,-0.16874
0.049649,0.073656,-0.12766
0.047709,0.064285,-0.096206
0.046274,0.054991,-0.071759
0.045349,0.04582,-0.052601
0.044942,0.036814,-0.037559
0.04506,0.028008,-0.025806
0.045716,0.019433,-0.016751
0.046924,0.011113,-0.0099526
0.048701,0.0030662,-0.0050913
0.051068,-0.0046947,-0.0019269
0.055847,0.0019468,-0.0030068
0.061278,0.0096416,-0.0042877
0.067353,0.018371,-0.005745
0.074067,0.028114,-0.0073503
0.081412,0.038852,-0.0090772
0.089382,0.050568,-0.010897
0.097973,0.063242,-0.012786
0.10718,0.076859,-0.01472
0.11699,0.091401,-0.016681
0.12742,0.10685,-0.018653
0.11826,0.096256,-0.015378
0.10966,0.086405,-0.012418
0.10159,0.07726,-0.0097792
0.094009,0.068781,-0.0074599
0.086904,0.06093,-0.0054573
0.080247,0.053672,-0.0037647
0.074016,0.046973,-0.0023756
0.068189,0.040802,-0.0012815
0.062746,0.035129,-0.00047487
0.057668,0.029926,5.2634e-05
0.056019,0.025421,0.00012106
0.054551,0.021136,0.00017362
0.053258,0.017058,0.00021427
0.052131,0.013174,0.00024606
0.051163,0.0094716,0.00027118
0.050346,0.0059394,0.00029126
0.049675,0.0025677,0.0003075
0.049143,-0.00065301,0.00032071
0.048745,-0.0037311,0.00033152
0.048476,-0.0066742,0.00034024
0.049793,-0.0021342,0.00035632
0.0514,0.0028037,0.00037034
0.053307,0.0081488,0.0003828
0.05552,0.013911,0.00039362
0.058049,0.0201,0.00040298
0.060901,0.026727,0.00040954
0.064086,0.033801,0.00041357
0.067613,0.041334,0.00041471
0.071491,0.049335,0.00041347
0.075728,0.057814,0.00040911
0.065054,0.048636,0.00050908
0.055512,0.040385,0.00089866
0.047013,0.033013,0.0018512
0.039479,0.026471,0.0033283
0.032835,0.020713,0.0052972
0.027012,0.015695,0.007729
0.021946,0.011376,0.010599
0.017575,0.0077177,0.013886
0.013843,0.0046845,0.017572
0.010697,0.0022451,0.021643
0.011156,0.00038305,0.01862
0.011783,-0.0014351,0.015921
0.012574,-0.0032182,0.013507
0.013524,-0.0049731,0.01135
0.014629,-0.0067045,0.0094254
0.015885,-0.008415,0.007714
0.01729,-0.010105,0.0062014
0.018841,-0.011775,0.0048767
0.020537,-0.013421,0.0037312
0.022379,-0.01504,0.0027583
0.01933,-0.013306,0.0025636
0.016205,-0.012182,0.0023816
0.012758,-0.011988,0.0022103
0.0089752,-0.012711,0.0020481
0.00484,-0.014343,0.0018939
0.00033707,-0.016882,0.0017468
-0.0045469,-0.020334,0.0016064
-0.0098227,-0.024711,0.0014722
-0.015499,-0.030027,0.0013446
-0.021581,-0.036301,0.0012236
-0.017592,-0.027657,5.8944e-05
-0.013843,-0.020409,-0.00033165
-0.010221,-0.014573,-0.0017087
-0.0072854,-0.0096984,-0.0039026
-0.0056805,-0.0052667,-0.0067484
-0.0054126,-0.0012134,-0.010189
-0.0064541,0.0024822,-0.014282
-0.0087517,0.0057897,-0.019159
-0.012214,0.0086888,-0.024951
-0.015916,0.012322,-0.031749
-0.017793,0.014085,-0.030242
-0.019747,0.015971,-0.028791
-0.021777,0.017978,-0.027391
-0.023882,0.020101,-0.026043
-0.026059,0.022339,-0.024744
-0.028309,0.024688,-0.023493
-0.030628,0.027147,-0.022288
-0.033017,0.029711,-0.021129
-0.035474,0.03238,-0.020013
-0.037998,0.035151,-0.018939
-0.025086,0.021066,-0.014939
-0.014805,0.011156,-0.012544
-0.0070575,0.0049295,-0.011265
-0.0031526,6.6417e-06,-0.010777
-0.0031908,-0.0042532,-0.010737
-0.0054073,-0.009144,-0.01067
-0.0059764,-0.017517,-0.01024
-0.0045688,-0.029665,-0.009407
-0.00098086,-0.045787,-0.0082662
0.0049833,-0.066077,-0.0069488
0.0011547,-0.056682,-0.0052253
-0.0022643,-0.048113,-0.0036794
-0.0052149,-0.040391,-0.0023596
-0.0076381,-0.033534,-0.0013011
-0.0094741,-0.027562,-0.00052895
-0.010663,-0.022494,-6.0851e-05
-0.011144,-0.01835,9.1194e-05
-0.010856,-0.015142,0.00023527
-0.0097602,-0.012865,0.00071449
-0.009053,-0.010571,0.0015273
-0.0060964,-0.0080122,0.0024118
-0.0034028,-0.0060464,0.0033958
0.00026225,-0.0055957,0.0044844
0.0049179,-0.0066652,0.0057284
0.010659,-0.0093314,0.0071967
0.017618,-0.013711,0.0089447
0.025956,-0.019902,0.011003
0.03634,-0.027344,0.013378
0.049128,-0.035863,0.016062
0.064456,-0.045559,0.019035
0.066566,-0.044611,0.014172
0.069004,-0.043253,0.010242
0.071774,-0.041488,0.0070997
0.074879,-0.039319,0.0046328
0.078324,-0.036748,0.0027526
0.082113,-0.033777,0.0013876
0.086248,-0.030406,0.00047919
0.090733,-0.026637,-2.14e-05
0.095572,-0.022471,-0.00017198
0.10077,-0.01791,-0.00044726
0.11171,-0.036368,-0.00036006
0.12463,-0.055679,-0.00027722
0.13954,-0.075866,-0.00020516
0.15649,-0.096948,-0.00015014
0.1755,-0.11894,-0.00011819
0.19661,-0.14186,-0.00011412
0.21985,-0.16571,-0.00010642
0.24526,-0.19051,-7.6816e-05
0.27287,-0.21625,-2.0309e-05
0.3027,-0.24295,6.6924e-05
0.27939,-0.22501,-0.00016655
0.25706,-0.20771,-0.00025197
0.23568,-0.19105,-0.00038823
0.21527,-0.17502,-0.00076152
0.19581,-0.15965,-0.0013959
0.1773,-0.14492,-0.0023073
0.15973,-0.13085,-0.0035055
0.14306,-0.1175,-0.0049965
0.12728,-0.10488,-0.0067838
0.11239,-0.092989,-0.00887
0.10937,-0.090617,-0.0093041
0.1064,-0.088284,-0.0095818
0.10348,-0.08599,-0.0097193
0.10061,-0.083734,-0.0097336
0.097779,-0.081515,-0.0096405
0.094995,-0.079332,-0.0094552
0.092256,-0.077184,-0.0091914
0.089561,-0.075071,-0.0088619
0.086911,-0.072991,-0.0084779
0.084305,-0.070944,-0.0080499
0.090768,-0.076528,-0.005
0.097463,-0.082369,-0.0028269
0.10439,-0.08847,-0.0014281
0.11156,-0.094837,-0.00071571
0.11896,-0.10147,-0.00058993
0.1266,-0.10839,-0.00028538
0.13448,-0.11558,0.00049656
0.1426,-0.12305,0.0017068
0.15095,-0.13081,0.0033036
0.15954,-0.13886,0.005251
0.15334,-0.13607,0.018491
0.14688,-0.13389,0.037007
0.14013,-0.13231,0.059554
0.13305,-0.13132,0.085251
0.12563,-0.13091,0.11345
0.11786,-0.13109,0.14365
0.1097,-0.13186,0.17548
0.10116,-0.13323,0.20862
0.092225,-0.1352,0.2428
0.082881,-0.13779,0.27784
0.069211,-0.12642,0.22008
0.056979,-0.11619,0.17871
0.045977,-0.10693,0.14776
0.036055,-0.09855,0.12384
0.027095,-0.090952,0.10487
0.019002,-0.084066,0.089515
0.011699,-0.077831,0.076863
0.0051176,-0.072196,0.066297
-0.00079956,-0.067114,0.057373
-0.0061035,-0.062544,0.049763
-0.0073983,-0.053299,0.054698
-0.008243,-0.04489,0.059394
-0.0086816,-0.037299,0.063896
-0.0087561,-0.030506,0.068242
-0.0085063,-0.024494,0.072467
-0.0079693,-0.019249,0.076596
-0.0071795,-0.014757,0.080654
-0.0061679,-0.011006,0.084657
-0.0049614,-0.0079869,0.08862
-0.0035824,-0.0056932,0.092554
-0.0041424,-0.0064001,0.095009
-0.0047423,-0.0071503,0.097285
-0.0053822,-0.0079438,0.099378
-0.0060625,-0.0087806,0.10129
-0.0067832,-0.0096607,0.10302
-0.0075446,-0.010584,0.10458
-0.0083469,-0.01155,0.10596
-0.0091904,-0.01256,0.10718
-0.010075,-0.013612,0.10823
-0.011001,-0.014708,0.10912
-0.01001,-0.016668,0.10537
-0.0077132,-0.019872,0.10198
-0.0041012,-0.024337,0.098834
0.00084808,-0.030093,0.095853
0.0071708,-0.037182,0.092978
0.014909,-0.04565,0.090167
0.024112,-0.055554,0.087396
0.034829,-0.066947,0.084647
0.047112,-0.079889,0.081912
0.06101,-0.094436,0.079186
0.054937,-0.083763,0.085232
0.049108,-0.073809,0.090072
0.043539,-0.064556,0.093866
0.038247,-0.055992,0.096757
0.033249,-0.0481,0.098868
0.02856,-0.040866,0.10031
0.024195,-0.034279,0.10116
0.020168,-0.028323,0.10151
0.01649,-0.022989,0.10142
0.013175,-0.018263,0.10094
0.01584,-0.022709,0.10554
0.018797,-0.027772,0.11033
0.022058,-0.033482,0.11534
0.025632,-0.039871,0.12058
0.02953,-0.046969,0.12606
0.03376,-0.054807,0.13181
0.038329,-0.063413,0.13784
0.043245,-0.072815,0.14417
0.04851,-0.083038,0.15079
0.05413,-0.094103,0.15772
0.069911,-0.10735,0.12251
0.087093,-0.12215,0.092708
0.10569,-0.13849,0.067596
0.12571,-0.1564,0.046671
0.14717,-0.17586,0.029569
0.17008,-0.19691,0.016011
0.19444,-0.21956,0.0057883
0.22026,-0.24381,-0.0012714
0.24754,-0.2697,-0.0053058
0.27628,-0.29722,-0.006723
0.2575,-0.26902,-0.0060153
0.23828,-0.24385,-0.0054399
0.21854,-0.22164,-0.0049292
0.19921,-0.20136,-0.0044617
0.18268,-0.18055,-0.0040252
0.16902,-0.15906,-0.0036248
0.15818,-0.13685,-0.0032669
0.15013,-0.11391,-0.0029568
0.14482,-0.090189,-0.002699
0.14223,-0.065682,-0.0024972
0.14167,-0.087206,-0.0028342
0.14323,-0.10749,-0.0030687
0.14694,-0.12656,-0.0032281
0.15281,-0.14446,-0.0033501
0.16088,-0.16124,-0.0034747
0.17119,-0.17691,-0.0036409
0.18371,-0.19157,-0.0038748
0.19622,-0.20742,-0.0040502
0.20752,-0.22563,-0.0040984
0.21761,-0.24624,-0.0039903
0.22901,-0.27005,-0.0048635
0.23965,-0.29599,-0.0054692
0.2495,-0.32409,-0.0059859
0.25853,-0.35437,-0.0069088
0.2667,-0.38686,-0.0082907
0.27398,-0.42156,-0.010159
0.28033,-0.45851,-0.012529
0.28573,-0.4977,-0.015407
0.29014,-0.53916,-0.01879
0.29354,-0.58288,-0.022672
0.29303,-0.53159,-0.015628
0.29103,-0.48475,-0.011252
0.28752,-0.44207,-0.0085309
0.28252,-0.40331,-0.0069494
0.27603,-0.36827,-0.0062035
0.26806,-0.33675,-0.0053921
0.25864,-0.30857,-0.0040953
0.24776,-0.28358,-0.0023929
0.23543,-0.26164,-0.00033701
0.22167,-0.24262,0.002031
0.23294,-0.25705,-0.0020947
0.24402,-0.27238,-0.0043478
0.25489,-0.2886,-0.0051548
0.26555,-0.30568,-0.0060922
0.27599,-0.32362,-0.0079934
0.28621,-0.34242,-0.010704
0.2962,-0.36208,-0.01411
0.30596,-0.38261,-0.01813
0.3155,-0.40399,-0.022701
0.3248,-0.42625,-0.027775
0.32235,-0.41198,-0.023178
0.31918,-0.39831,-0.020032
0.31533,-0.38522,-0.017779
0.31084,-0.37271,-0.016098
0.30572,-0.36076,-0.014799
0.30002,-0.34936,-0.013768
0.29376,-0.3385,-0.012928
0.28697,-0.32817,-0.012232
0.27966,-0.31836,-0.011646
0.27187,-0.30907,-0.011147
0.27726,-0.3163,-0.014399
0.28259,-0.32383,-0.018213
0.28786,-0.33167,-0.02256
0.29308,-0.33982,-0.027422
0.29824,-0.34827,-0.032793
0.30334,-0.35703,-0.038672
0.30838,-0.3661,-0.045062
0.31337,-0.37547,-0.051968
0.31831,-0.38515,-0.059393
0.32319,-0.39514,-0.067345
0.30794,-0.3786,-0.060343
0.29335,-0.36278,-0.052757
0.2794,-0.34764,-0.045064
0.26603,-0.33313,-0.037603
0.25322,-0.31922,-0.030609
0.24093,-0.30587,-0.024255
0.22914,-0.29305,-0.018666
0.2178,-0.28072,-0.013941
0.20691,-0.26887,-0.010157
0.19643,-0.25746,-0.0073761
0.1801,-0.22984,-0.0085643
0.1644,-0.20479,-0.010231
0.14925,-0.18217,-0.012343
0.13456,-0.16186,-0.014871
0.12024,-0.14372,-0.017795
0.10671,-0.12724,-0.021092
0.095091,-0.11133,-0.024743
0.085348,-0.095882,-0.028734
0.077403,-0.080827,-0.033052
0.071187,-0.066107,-0.037688
0.06801,-0.06268,-0.039696
0.064872,-0.059348,-0.041689
0.061776,-0.056113,-0.043666
0.058722,-0.052973,-0.045631
0.055714,-0.049929,-0.047582
0.052752,-0.046982,-0.049521
0.04984,-0.04413,-0.051449
0.04698,-0.041373,-0.053365
0.044174,-0.038711,-0.05527
0.041425,-0.036144,-0.057166
0.039962,-0.037551,-0.047467
0.03862,-0.038773,-0.039223
0.037413,-0.039811,-0.032188
0.036352,-0.040664,-0.026177
0.03545,-0.041331,-0.021045
0.034715,-0.041812,-0.016677
0.034157,-0.042106,-0.012981
0.033783,-0.042213,-0.0098856
0.033571,-0.042156,-0.0073308
0.033219,-0.042181,-0.005269
0.036507,-0.045985,-0.009289
0.040091,-0.049863,-0.01455
0.044375,-0.05351,-0.021014
0.049367,-0.056934,-0.028636
0.055074,-0.060144,-0.037368
0.061503,-0.063148,-0.047154
0.06866,-0.065953,-0.057936
0.076549,-0.068568,-0.069655
0.085173,-0.071,-0.082252
0.094536,-0.073254,-0.095674
0.083292,-0.066801,-0.072171
0.073213,-0.060757,-0.053932
0.064186,-0.055108,-0.039657
0.05611,-0.04984,-0.028473
0.048896,-0.044935,-0.019765
0.042462,-0.040375,-0.013085
0.036735,-0.036143,-0.0081008
0.031648,-0.032221,-0.0045536
0.02714,-0.028592,-0.0022427
0.023155,-0.02524,-0.0010064
0.024977,-0.026005,-0.00099343
0.026954,-0.026742,-0.00098159
0.029086,-0.027455,-0.00097543
0.031375,-0.028145,-0.00097941
0.033822,-0.028817,-0.00099972
0.036426,-0.029471,-0.0010393
0.039189,-0.030112,-0.0010609
0.042111,-0.030742,-0.001047
0.045194,-0.031363,-0.00098866
0.048437,-0.031977,-0.00087639
0.046638,-0.032637,-0.0010467
0.044968,-0.033328,-0.0011505
0.043421,-0.034044,-0.001189
0.041994,-0.03478,-0.0011948
0.040682,-0.03553,-0.0012617
0.03948,-0.036288,-0.0013946
0.038387,-0.037051,-0.0015929
0.037398,-0.037814,-0.0018554
0.036512,-0.038574,-0.0021818
0.035725,-0.039326,-0.0025709
0.031246,-0.034539,-0.0031692
0.027067,-0.030031,-0.0039929
0.023187,-0.025809,-0.0050638
0.019605,-0.02188,-0.0064009
0.016321,-0.018251,-0.0080217
0.013334,-0.014927,-0.009941
0.010642,-0.011915,-0.012172
0.0082441,-0.0092178,-0.014725
0.0061378,-0.0068415,-0.017608
0.0043216,-0.0047896,-0.020826
0.0054085,-0.0065054,-0.021981
0.0066414,-0.0084218,-0.023153
0.0080164,-0.010535,-0.024343
0.00953,-0.01284,-0.025552
0.011179,-0.015334,-0.026783
0.012961,-0.018015,-0.028037
0.014873,-0.02088,-0.029316
0.016913,-0.023927,-0.030623
0.01908,-0.027154,-0.031959
0.021371,-0.03056,-0.033328
0.01751,-0.024776,-0.027251
0.014146,-0.019496,-0.021848
0.011288,-0.014726,-0.017094
0.0089421,-0.010471,-0.012969
0.0071156,-0.0067371,-0.0094527
0.0058132,-0.0035263,-0.0065243
0.0050386,-0.00084159,-0.0041641
0.0047934,0.0013152,-0.0023521
0.0050763,0.0029422,-0.0010702
0.0058828,0.0040361,-0.000304
0.0059289,0.0027244,-0.00051678
0.0070919,-0.00017446,-0.00080847
0.0094646,-0.0048487,-0.0012221
0.013229,-0.011592,-0.0018082
0.018609,-0.020746,-0.0026155
0.025851,-0.032671,-0.0036849
0.035207,-0.047737,-0.0050448
0.046932,-0.066315,-0.0067061
0.061278,-0.088771,-0.0086608
0.07849,-0.11546,-0.010881
0.071092,-0.1062,-0.015179
0.064188,-0.097208,-0.019846
0.056444,-0.089384,-0.024772
0.047856,-0.082735,-0.029889
0.038428,-0.07726,-0.035153
0.028159,-0.072962,-0.040535
0.017049,-0.069839,-0.046014
0.0050912,-0.067895,-0.051576
-0.0077193,-0.067131,-0.057206
-0.021391,-0.067551,-0.062891
-0.00079878,-0.067205,-0.060971
0.017572,-0.06956,-0.059844
0.033698,-0.07467,-0.05925
0.047592,-0.082607,-0.059008
0.059294,-0.093448,-0.058987
0.069148,-0.10709,-0.059099
0.081236,-0.12101,-0.059314
0.096909,-0.13448,-0.059606
0.11618,-0.14762,-0.059948
0.13904,-0.16053,-0.060326
0.13709,-0.18527,-0.072665
0.13959,-0.20821,-0.085498
0.14657,-0.22938,-0.098763
0.15736,-0.2493,-0.11239
0.16598,-0.27183,-0.12627
0.1711,-0.29786,-0.14033
0.17269,-0.3274,-0.1545
0.17076,-0.36048,-0.16874
0.16529,-0.39709,-0.183
0.15625,-0.43724,-0.19723
0.15016,-0.3996,-0.21991
0.14409,-0.36438,-0.23956
0.13798,-0.3315,-0.2569
0.13178,-0.30085,-0.27246
0.12544,-0.27235,-0.28658
0.11892,-0.2459,-0.29953
0.11218,-0.22144,-0.31145
0.10519,-0.1989,-0.3225
0.097915,-0.17819,-0.33275
0.090331,-0.15928,-0.34228
0.092897,-0.16923,-0.35779
0.094949,-0.17981,-0.37437
0.096479,-0.19104,-0.3918
0.097473,-0.20291,-0.40997
0.097919,-0.21541,-0.42868
0.097805,-0.22855,-0.44786
0.097118,-0.24232,-0.46733
0.095845,-0.2567,-0.48706
0.093975,-0.27168,-0.50691
0.091495,-0.28725,-0.52685
0.10755,-0.29007,-0.46836
0.12302,-0.29444,-0.42143
0.13787,-0.30027,-0.38227
0.15203,-0.30748,-0.34867
0.16549,-0.31602,-0.31916
0.1782,-0.32587,-0.29281
0.19015,-0.337,-0.26895
0.20133,-0.34939,-0.24714
0.21171,-0.36301,-0.22704
0.22127,-0.37786,-0.20841
0.2112,-0.36165,-0.22529
0.20138,-0.34582,-0.23884
0.19181,-0.33037,-0.24995
0.18249,-0.31531,-0.25926
0.17341,-0.30065,-0.26726
0.16456,-0.28638,-0.27428
0.15595,-0.27251,-0.28058
0.14755,-0.25904,-0.28632
0.13937,-0.24597,-0.29165
0.13139,-0.23329,-0.29663
0.11214,-0.1993,-0.2911
0.094855,-0.16875,-0.28808
0.07941,-0.14137,-0.28686
0.065672,-0.11695,-0.28696
0.05353,-0.095293,-0.28808
0.042879,-0.076232,-0.28999
0.033631,-0.059614,-0.29252
0.025704,-0.045305,-0.29556
0.019026,-0.033187,-0.29901
0.013534,-0.023156,-0.30278
0.014093,-0.026535,-0.28696
0.0138,-0.030694,-0.27202
0.012663,-0.035623,-0.25783
0.010682,-0.041317,-0.24428
0.007852,-0.047773,-0.23126
0.0041615,-0.054995,-0.21872
-0.0004056,-0.062987,-0.2066
-0.0058703,-0.071757,-0.19486
-0.012256,-0.081316,-0.18347
-0.01959,-0.091674,-0.1724
-0.012631,-0.084691,-0.17266
-0.0063465,-0.078034,-0.17324
-0.00074054,-0.071718,-0.17411
0.004183,-0.065754,-0.17524
0.0084209,-0.060155,-0.17661
0.01197,-0.054932,-0.17819
0.014826,-0.050097,-0.17997
0.016988,-0.045659,-0.18193
0.018452,-0.041629,-0.18404
0.019216,-0.038015,-0.18629
0.021662,-0.043871,-0.17284
0.024258,-0.050153,-0.16032
0.027003,-0.05686,-0.14861
0.0299,-0.063994,-0.13761
0.032951,-0.071552,-0.12728
0.036159,-0.079537,-0.11753
0.039527,-0.087946,-0.10833
0.043059,-0.096782,-0.099644
0.046757,-0.10604,-0.091442
0.050626,-0.11573,-0.08369
0.054622,-0.11611,-0.083624
0.057936,-0.1169,-0.083447
0.060568,-0.11811,-0.083189
0.062515,-0.11972,-0.082861
0.063781,-0.12174,-0.082484
0.065188,-0.12372,-0.08205
0.067307,-0.12538,-0.081568
0.070139,-0.12671,-0.081034
0.073683,-0.12772,-0.080459
0.07794,-0.12841,-0.07984
0.064774,-0.1123,-0.076068
0.053262,-0.096743,-0.072745
0.043375,-0.081818,-0.069803
0.035086,-0.067619,-0.067181
0.028034,-0.054399,-0.064843
0.020957,-0.042862,-0.062762
0.013789,-0.033101,-0.060911
0.0065854,-0.025144,-0.059253
-0.00061212,-0.019021,-0.057763
-0.0077744,-0.014763,-0.056406
-0.0063463,-0.022958,-0.043877
-0.0041416,-0.033103,-0.033184
-0.0011643,-0.045238,-0.024163
0.0025849,-0.059408,-0.016754
0.0071075,-0.075656,-0.010961
0.012405,-0.094028,-0.0067989
0.018481,-0.11457,-0.0042792
0.025336,-0.13732,-0.0033884
0.032971,-0.16233,-0.0036108
0.041381,-0.18969,-0.0026865
0.053747,-0.20739,-0.0023469
0.066527,-0.22635,-0.00171
0.079724,-0.2466,-0.00071895
0.093338,-0.26816,0.00068642
0.10737,-0.29105,0.0025562
0.12182,-0.31528,0.0049354
0.13668,-0.34085,0.0078557
0.15194,-0.36778,0.011342
0.16761,-0.39607,0.015408
0.18367,-0.42572,0.020059
0.17177,-0.40877,0.014839
0.15988,-0.39239,0.010755
0.14799,-0.37657,0.0074758
0.13611,-0.36129,0.0047929
0.12424,-0.34654,0.0025718
0.11237,-0.33231,0.00071833
0.10051,-0.31859,-0.00082541
0.088654,-0.30538,-0.0021011
0.076799,-0.29266,-0.0031359
0.064945,-0.28044,-0.003953
0.074913,-0.27968,-0.0049095
0.084145,-0.27966,-0.0056604
0.092665,-0.28034,-0.0062255
0.10049,-0.28169,-0.0066164
0.10764,-0.28367,-0.006847
0.11414,-0.28626,-0.0069852
0.11998,-0.28943,-0.0072685
0.12518,-0.29314,-0.0077127
0.12976,-0.2974,-0.0083108
0.13371,-0.30217,-0.0090558
0.1314,-0.2962,-0.0085103
0.12887,-0.29011,-0.008155
0.12614,-0.28392,-0.0079168
0.1232,-0.27765,-0.0077568
0.1201,-0.27129,-0.0076561
0.11711,-0.26474,-0.0076051
0.11426,-0.25801,-0.0076023
0.11157,-0.2511,-0.0076494
0.10905,-0.24402,-0.0077506
0.10671,-0.23678,-0.0079106
0.10006,-0.22673,-0.009267
0.094281,-0.21653,-0.010841
0.089293,-0.20621,-0.012548
0.084098,-0.19621,-0.014344
0.078315,-0.18672,-0.016202
0.071963,-0.17773,-0.018105
0.065059,-0.16924,-0.020044
0.057617,-0.16124,-0.022015
0.049649,-0.15374,-0.024014
0.041164,-0.14674,-0.026041
0.042672,-0.13868,-0.033657
0.043631,-0.13099,-0.04183
0.04405,-0.12367,-0.050465
0.043936,-0.11671,-0.059497
0.043295,-0.11012,-0.068876
0.042133,-0.10389,-0.078574
0.040455,-0.098025,-0.088561
0.038272,-0.09252,-0.098822
0.036268,-0.087094,-0.10934
0.034885,-0.081566,-0.1201
0.041556,-0.097475,-0.065678
0.048483,-0.11412,-0.029828
0.055692,-0.1316,-0.0097491
0.0632,-0.15002,-0.0038099
0.071185,-0.1697,0.002455
0.079803,-0.19094,0.021111
0.089062,-0.21373,0.051564
0.098962,-0.23808,0.093244
0.1095,-0.264,0.14558
0.12068,-0.29146,0.20801
0.12676,-0.31448,0.14168
0.13414,-0.33832,0.093399
0.13867,-0.36455,0.0578
0.14025,-0.39318,0.031676
0.13885,-0.4242,0.012961
0.13439,-0.45763,0.0002693
0.12681,-0.49349,-0.0073706
0.11602,-0.53178,-0.010664
0.10192,-0.57249,-0.012134
0.084352,-0.61554,-0.016714
0.097776,-0.61932,-0.01761
0.11062,-0.62321,-0.019039
0.12291,-0.62722,-0.02092
0.13463,-0.63135,-0.023206
0.14582,-0.63558,-0.025853
0.15647,-0.63993,-0.028827
0.16659,-0.64439,-0.032091
0.17619,-0.64896,-0.035622
0.18529,-0.65364,-0.03939
0.19388,-0.65842,-0.043399
0.20027,-0.68859,-0.052872
0.20663,-0.71931,-0.062858
0.21296,-0.75056,-0.073302
0.21923,-0.78232,-0.084181
0.22546,-0.81457,-0.095467
0.23162,-0.84728,-0.10715
0.23772,-0.88044,-0.11919
0.24375,-0.91402,-0.13157
0.2497,-0.948,-0.14425
0.25557,-0.98237,-0.15722
0.22251,-0.91605,-0.17326
0.19105,-0.85443,-0.188
0.16101,-0.79708,-0.20197
0.13224,-0.74362,-0.21549
0.10461,-0.69374,-0.2287
0.078006,-0.64714,-0.24171
0.052328,-0.60359,-0.25454
0.027487,-0.56286,-0.26725
0.0034053,-0.52477,-0.27981
-0.019986,-0.48914,-0.29225
-0.03788,-0.43464,-0.21253
-0.053585,-0.38653,-0.15584
-0.067344,-0.34394,-0.11359
-0.079384,-0.30614,-0.081303
-0.089905,-0.27255,-0.056416
-0.099082,-0.24266,-0.037332
-0.10707,-0.21605,-0.023
-0.114,-0.19233,-0.012675
-0.11999,-0.1712,-0.0058202
-0.12514,-0.15237,-0.0020211
-0.14784,-0.14176,-0.00072386
-0.17073,-0.13287,0.00098403
-0.19386,-0.12575,0.0044732
-0.21728,-0.12039,0.0096169
-0.24106,-0.11682,0.01631
-0.26526,-0.11504,0.024468
-0.28995,-0.11509,0.034014
-0.31518,-0.11697,0.044885
-0.34103,-0.1207,0.057013
-0.36754,-0.12632,0.070342
-0.39439,-0.13742,0.054079
-0.42183,-0.15026,0.040763
-0.4499,-0.16483,0.029845
-0.47864,-0.18113,0.020949
-0.50808,-0.19916,0.013803
-0.53822,-0.21892,0.008224
-0.56909,-0.24041,0.0040837
-0.60071,-0.26362,0.0012994
-0.63308,-0.28855,-0.00017873
-0.66624,-0.31514,-0.0012272
-0.63679,-0.31167,-0.00046998
-0.60838,-0.30867,0.0034703
-0.58093,-0.30609,0.010273
-0.55442,-0.3039,0.019307
-0.52877,-0.30208,0.030202
-0.50397,-0.30059,0.042715
-0.47996,-0.29941,0.056669
-0.45671,-0.29853,0.071932
-0.43419,-0.29792,0.088381
-0.41237,-0.29758,0.10593
-0.3854,-0.28667,0.09995
-0.35957,-0.27667,0.096534
-0.33483,-0.26751,0.094705
-0.31115,-0.25911,0.093912
-0.28846,-0.25143,0.093812
-0.26675,-0.24441,0.094202
-0.24596,-0.23802,0.09494
-0.22606,-0.23223,0.095946
-0.20702,-0.227,0.097155
-0.1888,-0.22231,0.098533
-0.16936,-0.20396,0.070321
-0.15131,-0.1869,0.048837
-0.13456,-0.17101,0.03237
-0.11906,-0.1562,0.01984
-0.10474,-0.1424,0.010532
-0.091539,-0.12955,0.003944
-0.079408,-0.11759,-0.00028845
-0.068295,-0.10647,-0.0024412
-0.058153,-0.096142,-0.0027845
-0.04893,-0.086516,-0.0036505
-0.051694,-0.085591,-0.0048358
-0.054487,-0.08465,-0.0061954
-0.057307,-0.083697,-0.0076168
-0.060155,-0.082738,-0.009022
-0.063029,-0.081773,-0.010355
-0.065931,-0.080806,-0.01158
-0.068858,-0.079837,-0.012672
-0.071811,-0.078867,-0.013619
-0.074789,-0.077898,-0.014412
-0.077792,-0.07693,-0.015051
-0.099014,-0.082156,-0.0087167
-0.1226,-0.087817,-0.0052939
-0.14864,-0.093935,-0.0042421
-0.17723,-0.10055,-0.0044359
-0.20846,-0.10775,-0.0035054
-0.24242,-0.11553,-0.0015904
-0.27914,-0.12391,0.0010107
-0.3187,-0.13291,0.0040532
-0.36112,-0.14253,0.0073433
-0.40645,-0.1528,0.010731
-0.36122,-0.13153,0.005634
-0.31894,-0.11231,0.0032624
-0.27954,-0.095036,0.0023678
-0.24294,-0.07959,0.0023354
-0.20908,-0.065884,0.00285
-0.17792,-0.053831,0.0037457
-0.14942,-0.043354,0.0049354
-0.12351,-0.034375,0.0063755
-0.10017,-0.026821,0.0080476
-0.07934,-0.020621,0.0099483
-0.087427,-0.022455,0.0093552
-0.09584,-0.024459,0.0085897
-0.10462,-0.026458,0.0076598
-0.11378,-0.028404,0.0065785
-0.12331,-0.030291,0.0053627
-0.13322,-0.032116,0.0040334
-0.1435,-0.033877,0.0026142
-0.15415,-0.03557,0.0011313
-0.16518,-0.037193,-0.00038853
-0.17657,-0.038744,-0.0019177
-0.16426,-0.038283,-0.0048504
-0.15253,-0.03681,-0.0057283
-0.14135,-0.034377,-0.0057091
-0.13038,-0.032253,-0.0065427
-0.11946,-0.031234,-0.0080871
-0.10863,-0.031302,-0.010151
-0.097922,-0.032446,-0.012603
-0.087368,-0.034656,-0.015349
-0.076997,-0.03793,-0.018323
-0.066832,-0.042267,-0.02148
-0.087966,-0.044879,-0.03334
-0.11174,-0.04827,-0.047753
-0.13821,-0.052445,-0.064619
-0.16742,-0.057407,-0.08382
-0.19941,-0.063154,-0.10522
-0.23423,-0.069685,-0.12871
-0.27192,-0.076996,-0.15415
-0.31251,-0.085082,-0.18143
-0.35604,-0.093937,-0.21046
-0.40254,-0.10355,-0.24112
-0.41393,-0.10277,-0.19894
-0.42473,-0.10237,-0.16723
-0.43511,-0.10232,-0.14246
-0.44519,-0.1026,-0.12253
-0.45504,-0.10318,-0.10609
-0.46471,-0.10406,-0.092305
-0.47424,-0.1052,-0.080589
-0.48368,-0.10648,-0.070553
-0.49313,-0.10751,-0.061929
-0.50261,-0.10828,-0.054512
-0.49529,-0.10709,-0.07151
-0.48797,-0.10584,-0.089008
-0.48066,-0.10452,-0.10661
-0.47338,-0.10313,-0.12418
-0.46613,-0.10171,-0.1417
-0.45886,-0.1004,-0.1592
-0.45158,-0.099215,-0.1767
-0.44429,-0.098143,-0.19425
-0.437,-0.097183,-0.21186
-0.4297,-0.096331,-0.22956
-0.42781,-0.093796,-0.15478
-0.42506,-0.091795,-0.10321
-0.42175,-0.090171,-0.067329
-0.41807,-0.088832,-0.042847
-0.4141,-0.087722,-0.02714
-0.40992,-0.086803,-0.018512
-0.40557,-0.086045,-0.015801
-0.4013,-0.085305,-0.012873
-0.3973,-0.08448,-0.005454
-0.39353,-0.083582,0.0059984
-0.35428,-0.082043,0.016597
-0.31688,-0.082773,0.028673
-0.2813,-0.085628,0.042108
-0.24753,-0.090493,0.056799
-0.21554,-0.097279,0.072637
-0.18531,-0.10592,0.089541
-0.15682,-0.11639,0.10742
-0.13006,-0.12865,0.12622
-0.105,-0.1427,0.14585
-0.081639,-0.15855,0.16627
-0.097129,-0.16728,0.13068
-0.11435,-0.17617,0.10166
-0.13322,-0.18523,0.077735
-0.15368,-0.1945,0.057912
-0.1757,-0.20399,0.041477
-0.19923,-0.21371,0.027919
-0.22426,-0.22367,0.01686
-0.25077,-0.23387,0.0080182
-0.27873,-0.24432,0.0011847
-0.30815,-0.25501,-0.0038009
-0.2767,-0.23004,-0.0033814
-0.24677,-0.20734,-0.0028987
-0.2184,-0.1867,-0.0023719
-0.19162,-0.16795,-0.001817
-0.16646,-0.15093,-0.0012444
-0.14295,-0.13549,-0.00066295
-0.12111,-0.12151,-7.709e-05
-0.10095,-0.10888,0.00050894
-0.082505,-0.097506,0.0010939
-0.06578,-0.087288,0.001677
-0.061551,-0.084977,-0.00015582
-0.057554,-0.082646,-0.00091609
-0.053761,-0.080305,-0.001102
-0.050126,-0.07797,-0.0020438
-0.046639,-0.075641,-0.0037809
-0.043296,-0.07332,-0.0062518
-0.040094,-0.071008,-0.0094056
-0.037027,-0.068706,-0.013201
-0.034092,-0.066415,-0.017601
-0.031286,-0.064136,-0.022577
-0.040845,-0.078346,-0.019806
-0.051587,-0.094346,-0.017323
-0.063511,-0.11221,-0.015138
-0.076619,-0.132,-0.013254
-0.090913,-0.15379,-0.011666
-0.1064,-0.17761,-0.010365
-0.12308,-0.20352,-0.009333
-0.14097,-0.23155,-0.0085542
-0.16006,-0.26172,-0.00801
-0.18038,-0.29406,-0.0076833
