0.018595,0.18867,-0.0035963
0.015668,0.15445,-0.0028972
0.01442,0.12415,-0.0019421
0.015464,0.097466,-0.00098195
0.018752,0.074143,-0.00024466
0.024243,0.053955,9.71e-05
0.031903,0.036692,0.00036123
0.04171,0.022176,0.0012844
0.053658,0.010273,0.0029511
0.067758,0.00091109,0.0054197
0.084033,-0.0059168,0.0087112
0.089049,-0.0070327,0.0047121
0.094258,-0.0080813,0.0021181
0.099681,-0.0090664,0.00091022
0.10534,-0.0099912,0.00070623
0.11129,-0.01085,-0.00048247
0.11754,-0.011643,-0.0029475
0.12413,-0.012373,-0.0066519
0.13108,-0.013053,-0.01158
0.1384,-0.013798,-0.017687
0.14611,-0.014639,-0.024965
0.13983,-0.01346,-0.019594
0.13401,-0.010413,-0.015214
0.12865,-0.0051034,-0.01156
0.12371,0.0024607,-0.0084823
0.11917,0.012278,-0.0058488
0.11498,0.024355,-0.0035888
0.11114,0.038703,-0.0016301
0.10763,0.05534,6.2168e-05
0.10444,0.074286,0.001529
0.10157,0.095563,0.0027891
0.11358,0.079572,-0.00031793
0.12668,0.064698,-0.0056393
0.14089,0.050899,-0.013173
0.15624,0.038142,-0.022928
0.17275,0.026408,-0.034875
0.19048,0.015687,-0.049017
0.20946,0.0059753,-0.065305
0.22973,-0.0027207,-0.08374
0.25132,-0.010392,-0.10426
0.27427,-0.017024,-0.12688
0.2645,-0.01454,-0.11928
0.25501,-0.011956,-0.11366
0.24577,-0.0092877,-0.1095
0.23678,-0.0065471,-0.10649
0.22802,-0.0037453,-0.10436
0.21949,-0.00089058,-0.10297
0.21119,0.0020094,-0.10217
0.2031,0.004949,-0.10189
0.19523,0.0079226,-0.10204
0.18758,0.010926,-0.10258
0.18491,0.018036,-0.087007
0.18238,0.025923,-0.071507
0.17999,0.034592,-0.056514
0.17777,0.044052,-0.042402
0.17573,0.054309,-0.029431
0.17387,0.065373,-0.017826
0.1722,0.077254,-0.0077436
0.17073,0.089965,0.00067871
0.16948,0.10352,0.0073444
0.16844,0.11793,0.012168
0.1548,0.10436,0.0092936
0.14206,0.092217,0.006217
0.13017,0.081352,0.0030163
0.11908,0.071638,-0.00026576
0.10874,0.062964,-0.0035973
0.099103,0.055227,-0.0069627
0.090132,0.048338,-0.010346
0.081791,0.042216,-0.013741
0.074046,0.036788,-0.017138
0.066865,0.031987,-0.020535
0.078288,0.025817,-0.018465
0.090882,0.019855,-0.016885
0.10465,0.014097,-0.015692
0.11958,0.0085361,-0.014824
0.13569,0.0031661,-0.014238
0.15298,-0.0020197,-0.013914
0.17146,-0.0070282,-0.013842
0.19112,-0.011867,-0.014021
0.21198,-0.016542,-0.014456
0.23404,-0.02106,-0.015156
0.23826,-0.020406,-0.014167
0.24251,-0.019652,-0.012668
0.24677,-0.018791,-0.010772
0.25107,-0.017818,-0.0085774
0.2554,-0.016729,-0.0061656
0.25977,-0.015519,-0.003604
0.26419,-0.014185,-0.00094807
0.26866,-0.012723,0.0017603
0.27319,-0.011131,0.004486
0.27778,-0.0094065,0.0072052
0.27558,-0.012695,0.019906
0.27405,-0.015413,0.02587
0.27297,-0.017701,0.027365
0.27148,-0.020149,0.032947
0.26947,-0.02284,0.043536
0.26696,-0.025768,0.058819
0.26395,-0.028933,0.078541
0.26047,-0.032335,0.1025
0.2565,-0.035974,0.13052
0.25206,-0.039854,0.16246
0.2516,-0.045986,0.19453
0.25102,-0.051527,0.22834
0.25035,-0.056473,0.26369
0.24959,-0.060824,0.30047
0.24869,-0.065136,0.33847
0.24753,-0.070376,0.37752
0.24611,-0.076548,0.41748
0.24444,-0.083644,0.4583
0.24253,-0.091645,0.49983
0.2404,-0.10054,0.54202
0.26038,-0.087928,0.44905
0.27725,-0.079494,0.38078
0.29208,-0.074348,0.32809
0.30552,-0.071737,0.28594
0.31829,-0.06871,0.25151
0.33073,-0.064412,0.22297
0.343,-0.058788,0.19899
0.35518,-0.051809,0.17873
0.36735,-0.043452,0.16151
0.37958,-0.033706,0.14692
0.37925,-0.028604,0.13456
0.37924,-0.023183,0.12079
0.37936,-0.017563,0.10685
0.37951,-0.011837,0.093631
0.3796,-0.0060714,0.081746
0.37955,-0.0003156,0.07164
0.37931,0.0053942,0.063608
0.37886,0.011031,0.057854
0.37815,0.016574,0.054523
0.37717,0.022007,0.053687
0.3885,0.015821,0.054706
0.39995,0.0096138,0.055825
0.4115,0.0033855,0.05714
0.42314,-0.002863,0.058716
0.43486,-0.0091315,0.060612
0.44665,-0.015417,0.06287
0.45851,-0.021718,0.06553
0.47043,-0.02803,0.068622
0.48241,-0.03435,0.072173
0.49444,-0.040674,0.076208
0.49079,-0.02474,0.082505
0.48765,-0.0062917,0.088884
0.485,0.014673,0.095303
0.48285,0.038156,0.10178
0.48118,0.064152,0.10833
0.47998,0.092668,0.115
0.47926,0.1237,0.1218
0.479,0.15724,0.12875
0.4792,0.1933,0.13586
0.47988,0.23187,0.14313
0.42772,0.23277,0.13577
0.37977,0.23318,0.12861
0.33578,0.23312,0.1217
0.29551,0.23261,0.11508
0.25876,0.23165,0.10874
0.22533,0.23027,0.1027
0.19505,0.22847,0.096946
0.16776,0.22629,0.091481
0.1433,0.22372,0.0863
0.12154,0.22078,0.08139
0.11612,0.19257,0.051591
0.11028,0.16646,0.034129
0.1043,0.14239,0.025718
0.098727,0.12065,0.02035
0.094233,0.10178,0.010145
0.090649,0.085449,-0.0043329
0.087821,0.071376,-0.022546
0.085618,0.059337,-0.044142
0.083929,0.049149,-0.068847
0.082661,0.040668,-0.0965
0.094599,0.040637,-0.098853
0.10767,0.040572,-0.10158
0.12189,0.040467,-0.10466
0.13731,0.040314,-0.1081
0.15395,0.040101,-0.11188
0.17182,0.039819,-0.11601
0.19096,0.039454,-0.12044
0.21138,0.038993,-0.12522
0.2331,0.038419,-0.13026
0.25613,0.037719,-0.13562
0.23864,0.044275,-0.10175
0.22238,0.051722,-0.074123
0.20725,0.059931,-0.051458
0.19314,0.068818,-0.033019
0.17999,0.078321,-0.018256
0.16774,0.088392,-0.0068534
0.15633,0.098993,0.0014505
0.14573,0.11009,0.0068026
0.13588,0.12165,0.0093315
0.12674,0.1336,0.009798
0.12442,0.12166,0.005739
0.12228,0.11087,-0.0052512
0.12016,0.10107,-0.023056
0.11796,0.092119,-0.047154
0.11555,0.08387,-0.077124
0.11283,0.076219,-0.11272
0.10968,0.069069,-0.15365
0.10603,0.062343,-0.1998
0.10176,0.055971,-0.25094
0.096803,0.049895,-0.307
0.092821,0.044862,-0.22043
0.089024,0.041081,-0.15543
0.085365,0.038197,-0.10613
0.081785,0.035978,-0.069041
0.078221,0.034258,-0.041783
0.074607,0.032913,-0.022815
0.070874,0.031843,-0.010995
0.066953,0.030962,-0.0055282
0.062903,0.030184,-0.0042507
0.059392,0.029408,0.0011754
0.062626,0.022971,-0.0024906
0.066196,0.016873,-0.0051157
0.07008,0.011113,-0.0069864
0.07426,0.0056898,-0.0083178
0.078714,0.00060471,-0.0093297
0.08337,-0.004148,-0.010596
0.088213,-0.00857,-0.012159
0.093242,-0.012661,-0.013966
0.098454,-0.016417,-0.015969
0.10385,-0.019835,-0.018141
0.097078,-0.01517,-0.014535
0.090511,-0.0097057,-0.013075
0.084963,-0.0032956,-0.0085634
0.080477,0.0040817,-0.0010681
0.077063,0.012446,0.0091415
0.074742,0.021824,0.021853
0.073537,0.032244,0.036901
0.073475,0.043739,0.054134
0.074585,0.056341,0.073414
0.076894,0.070078,0.094609
0.077034,0.080832,0.074002
0.077639,0.092433,0.055436
0.078697,0.1049,0.038643
0.080208,0.11826,0.02344
0.082174,0.13254,0.0096548
0.084606,0.14774,-0.0028232
0.087513,0.16391,-0.014113
0.09091,0.18105,-0.024283
0.094813,0.19919,-0.033421
0.099238,0.21833,-0.041563
0.093342,0.21003,-0.043734
0.088121,0.20212,-0.043754
0.083083,0.19441,-0.043554
0.077736,0.18673,-0.044868
0.072106,0.17906,-0.047559
0.066204,0.1714,-0.051508
0.060041,0.16375,-0.056657
0.053619,0.15607,-0.062927
0.046941,0.14838,-0.070301
0.040009,0.14066,-0.07872
0.044556,0.12629,-0.064312
0.048803,0.1123,-0.052685
0.052771,0.098703,-0.043605
0.056474,0.085501,-0.036862
0.05992,0.072699,-0.032341
0.063111,0.060292,-0.029927
0.066201,0.048334,-0.029146
0.070128,0.037206,-0.027221
0.075085,0.026981,-0.023716
0.081085,0.017657,-0.018659
0.075479,0.025832,-0.01958
0.070344,0.034308,-0.020749
0.065704,0.043086,-0.02215
0.061576,0.052167,-0.02373
0.057978,0.061558,-0.025474
0.054924,0.071264,-0.027347
0.052428,0.081299,-0.029346
0.0505,0.09167,-0.031436
0.049154,0.10239,-0.033609
0.048396,0.11348,-0.035834
0.049173,0.10472,-0.033512
0.050512,0.09648,-0.030302
0.052461,0.088763,-0.026044
0.055058,0.08157,-0.020574
0.058332,0.074902,-0.013792
0.062306,0.068749,-0.0055818
0.066995,0.063103,0.0041194
0.072415,0.057951,0.0154
0.078572,0.053284,0.028299
0.085475,0.04909,0.04289
0.081035,0.048614,0.036209
0.076388,0.047901,0.028829
0.071669,0.04702,0.021131
0.066994,0.04603,0.013473
0.062464,0.044988,0.0061466
0.058163,0.04394,-0.00057271
0.054159,0.04293,-0.0064626
0.050508,0.041994,-0.011326
0.047254,0.041165,-0.014999
0.044431,0.040472,-0.017335
0.04996,0.039665,-0.010847
0.056976,0.039494,0.0003136
0.065351,0.039885,0.01593
0.074963,0.040775,0.035809
0.085692,0.042102,0.059737
0.09742,0.043805,0.087536
0.11003,0.04583,0.11902
0.1234,0.048121,0.15398
0.13744,0.05063,0.19224
0.15202,0.053304,0.23364
0.15786,0.042917,0.2152
0.16619,0.033209,0.20258
0.17659,0.023934,0.19428
0.18875,0.01492,0.18929
0.20248,0.0060596,0.18697
0.21763,-0.0027379,0.18683
0.23409,-0.011527,0.18858
0.25178,-0.020364,0.19194
0.27065,-0.02928,0.19677
0.29062,-0.038316,0.20291
0.2488,-0.031121,0.18147
0.21068,-0.024389,0.16148
0.17617,-0.018135,0.14298
0.14514,-0.012394,0.12586
0.11751,-0.0071807,0.11011
0.093157,-0.0025216,0.095607
0.071996,0.0015725,0.082328
0.053925,0.0050835,0.070166
0.038855,0.0080059,0.05911
0.026696,0.010329,0.049072
0.026223,0.013542,0.044512
0.026027,0.017239,0.03994
0.026113,0.02143,0.035439
0.026483,0.026126,0.031022
0.02714,0.031335,0.026758
0.028083,0.037064,0.022654
0.029312,0.043323,0.018768
0.030827,0.050117,0.015106
0.032625,0.057454,0.011717
0.034704,0.065339,0.0086087
0.031057,0.054562,0.017003
0.027712,0.044804,0.026296
0.024636,0.036031,0.03642
0.0218,0.028215,0.047293
0.019174,0.021328,0.058909
0.016731,0.015349,0.071223
0.014444,0.010257,0.084255
0.012286,0.0060351,0.097975
0.010232,0.002668,0.11241
0.0082605,0.00014096,0.12751
0.0043435,-0.00016861,0.12825
0.00059901,-0.00028856,0.13047
-0.0029717,-0.00025479,0.13397
-0.0063679,-9.7171e-05,0.13855
-0.0096418,3.3418e-05,0.14411
-0.012899,-0.00014885,0.15053
-0.016152,-0.00065735,0.15776
-0.019413,-0.0014958,0.16572
-0.022697,-0.0026655,0.17439
-0.026024,-0.0041677,0.18374
-0.0227,-0.0036278,0.17301
-0.016907,-0.0048389,0.16259
-0.0086677,-0.0078003,0.15262
0.0024194,-0.01145,0.14332
0.016587,-0.015246,0.13484
0.033868,-0.019228,0.12729
0.054304,-0.023439,0.12073
0.077941,-0.027925,0.11527
0.10482,-0.032733,0.11094
0.135,-0.03791,0.10783
0.11876,-0.034331,0.084766
0.10394,-0.030743,0.064318
0.09034,-0.027209,0.046794
0.077794,-0.023791,0.03244
0.066143,-0.020545,0.021404
0.055248,-0.017526,0.013811
0.044975,-0.014781,0.0097444
0.035923,-0.012194,0.006247
0.028921,-0.0095693,-0.00044571
0.023937,-0.0069008,-0.010372
0.027755,-0.0085618,-0.011399
0.03186,-0.010232,-0.012512
0.036231,-0.011917,-0.013708
0.040843,-0.013624,-0.014945
0.045672,-0.015366,-0.016205
0.050668,-0.017223,-0.017448
0.055807,-0.019209,-0.018655
0.061073,-0.021324,-0.019774
0.066454,-0.023562,-0.020787
0.071938,-0.025922,-0.021651
0.07081,-0.02575,-0.02222
0.069644,-0.025621,-0.022728
0.068441,-0.025533,-0.023186
0.0672,-0.025486,-0.02358
0.065922,-0.025477,-0.023924
0.064605,-0.025509,-0.024204
0.063251,-0.025579,-0.024426
0.061859,-0.025689,-0.024582
0.060431,-0.025836,-0.024679
0.058967,-0.026022,-0.024711
0.062132,-0.023606,-0.027735
0.064911,-0.022469,-0.032005
0.06737,-0.022426,-0.037442
0.070319,-0.021523,-0.043722
0.073972,-0.019251,-0.050777
0.07833,-0.015618,-0.058627
0.083399,-0.010623,-0.067313
0.089179,-0.0042671,-0.076887
0.095676,0.003454,-0.087415
0.10289,0.012543,-0.098973
0.090651,0.0049982,-0.071995
0.079971,-0.0013275,-0.049614
0.070709,-0.0065046,-0.031487
0.062736,-0.010599,-0.017316
0.05594,-0.01367,-0.0068664
0.050215,-0.015771,4.9617e-05
0.045462,-0.016953,0.0035921
0.041572,-0.017264,0.0040138
0.037992,-0.016943,0.0057068
0.034502,-0.016146,0.010709
0.036757,-0.016994,0.010558
0.039177,-0.017498,0.010408
0.04178,-0.017591,0.010263
0.044562,-0.01726,0.010114
0.04752,-0.016491,0.0099588
0.050653,-0.015267,0.0097865
0.05396,-0.013572,0.0095974
0.057441,-0.011392,0.009379
0.061097,-0.0087102,0.0091317
0.06493,-0.0055119,0.0088427
0.065154,-0.0075101,0.010659
0.06541,-0.0094481,0.0128
0.065703,-0.011325,0.015268
0.066038,-0.013137,0.018051
0.066419,-0.014884,0.02115
0.066851,-0.016561,0.024553
0.067338,-0.018167,0.028264
0.067887,-0.019697,0.032267
0.0685,-0.021151,0.036565
0.069182,-0.022523,0.041143
0.065045,-0.025217,0.035639
0.061499,-0.026528,0.030529
0.058531,-0.026524,0.025784
0.055903,-0.025748,0.021385
0.052763,-0.026056,0.017374
0.049049,-0.027601,0.013771
0.044775,-0.03037,0.010594
0.03995,-0.034365,0.0078596
0.034573,-0.039599,0.0055875
0.028641,-0.046101,0.0037987
0.038841,-0.039676,0.0019595
0.048387,-0.035463,3.0831e-05
0.057336,-0.033392,-0.0019418
0.065735,-0.033425,-0.0039125
0.073622,-0.035564,-0.0058472
0.081489,-0.038864,-0.0077848
0.090668,-0.040636,-0.0099387
0.10131,-0.040684,-0.012316
0.11348,-0.03896,-0.014935
0.12728,-0.035404,-0.017785
0.11163,-0.017077,-0.016595
0.098502,0.0016565,-0.015318
0.087857,0.020749,-0.014259
0.079656,0.040177,-0.01365
0.073918,0.059947,-0.013462
0.070666,0.080085,-0.013667
0.06993,0.10064,-0.014263
0.071743,0.12165,-0.015241
0.076144,0.1432,-0.016599
0.083169,0.16534,-0.018326
0.073471,0.13964,-0.014111
0.065866,0.11504,-0.0057365
0.060751,0.09185,0.0089628
0.05814,0.070297,0.02968
0.058063,0.050577,0.056204
0.060548,0.032839,0.088413
0.065616,0.017177,0.1262
0.073261,0.0036127,0.1695
0.083453,-0.0078917,0.21822
0.096131,-0.017426,0.27227
0.083162,-0.0076926,0.22232
0.073447,0.004233,0.179
0.06676,0.018298,0.1412
0.06293,0.034473,0.10824
0.061841,0.052752,0.079598
0.063406,0.073146,0.054962
0.067574,0.095686,0.034113
0.074313,0.12041,0.01693
0.083606,0.14735,0.003347
0.095447,0.17656,-0.0066541
0.10095,0.18319,-0.0093525
0.10705,0.1898,-0.011403
0.11373,0.19638,-0.012789
0.12101,0.20293,-0.013493
0.12884,0.20944,-0.013826
0.13717,0.21589,-0.014728
0.14599,0.22228,-0.016261
0.15534,0.22861,-0.018419
0.16521,0.23487,-0.021199
0.17562,0.24107,-0.024599
0.16687,0.21875,-0.019697
0.15866,0.19748,-0.015186
0.15096,0.17721,-0.011361
0.14377,0.15789,-0.0084542
0.13708,0.13951,-0.0066525
0.13092,0.12204,-0.0050131
0.1253,0.10548,-0.0021709
0.12021,0.089817,0.0019955
0.11561,0.075025,0.0075862
0.11149,0.061085,0.01469
0.099145,0.067235,0.021104
0.088342,0.072784,0.027233
0.079014,0.077736,0.032988
0.071105,0.082095,0.038345
0.064565,0.085863,0.043315
0.059351,0.08904,0.047928
0.055426,0.091622,0.052217
0.052759,0.093606,0.056222
0.051325,0.094984,0.059977
0.051055,0.095773,0.063516
0.048788,0.090648,0.048972
0.046712,0.085861,0.036586
0.044859,0.081346,0.026189
0.043217,0.077064,0.01766
0.041771,0.072983,0.010916
0.040508,0.069071,0.005898
0.039418,0.065296,0.0025633
0.038494,0.061633,0.00088216
0.037739,0.058051,0.00052856
0.037252,0.054488,-0.00092448
0.034259,0.053231,0.00064793
0.031661,0.051764,0.0023246
0.029335,0.050141,0.0073313
0.0273,0.048363,0.015594
0.025533,0.046458,0.027054
0.02346,0.044772,0.041644
0.020907,0.043417,0.059319
0.017897,0.042393,0.080054
0.014453,0.041695,0.10382
0.010602,0.041314,0.13057
0.014672,0.042811,0.11198
0.018443,0.044667,0.096232
0.021939,0.046869,0.082733
0.025183,0.049401,0.071054
0.028186,0.052253,0.060868
0.03096,0.055414,0.051938
0.033543,0.058856,0.044075
0.036308,0.06235,0.037152
0.039365,0.065823,0.031055
0.042715,0.069267,0.025694
0.044711,0.072505,0.024502
0.046769,0.075807,0.022875
0.048884,0.079174,0.020895
0.051053,0.082606,0.018646
0.053271,0.086105,0.016221
0.055537,0.089671,0.013705
0.057848,0.093304,0.011187
0.060204,0.097004,0.0087479
0.062605,0.10077,0.006466
0.06505,0.10461,0.0044107
0.057736,0.092869,0.0030886
0.050965,0.082011,0.0023104
0.044719,0.07199,0.0018812
0.03898,0.062764,0.0016908
0.033732,0.054298,0.0016833
0.028957,0.046557,0.0018342
0.024625,0.039518,0.0021401
0.020669,0.03318,0.0026098
0.017071,0.027518,0.0032608
0.013814,0.0225,0.0041147
0.012776,0.020929,0.0021399
0.0118,0.01947,0.00076941
0.010883,0.018113,4.6565e-06
0.010022,0.016848,-0.00018689
0.0091997,0.015666,-0.00062412
0.0084052,0.014556,-0.0016609
0.0076319,0.01351,-0.0032969
0.0068746,0.012521,-0.0055317
0.0061291,0.011582,-0.0083656
0.0053926,0.010688,-0.011799
0.0038044,0.0094603,-0.0062206
0.0021012,0.0084748,-0.002445
0.00029119,0.0077355,-0.00040694
-0.0016167,0.0072479,0.00010481
-0.0035776,0.0070214,0.0015015
-0.0055825,0.0070641,0.0045648
-0.0076401,0.0073824,0.0093068
-0.0097607,0.0079809,0.015747
-0.011955,0.0088627,0.023907
-0.014235,0.010029,0.033805
-0.0071027,0.0059837,0.019491
-0.0019104,0.0037867,0.0091416
0.00146,0.0034153,0.0026821
0.0032335,0.0047576,2.815e-05
0.0061659,0.0059227,-0.0012708
0.011363,0.006034,-0.0062053
0.018895,0.0049829,-0.01498
0.028845,0.0026786,-0.027628
0.041291,-0.00095724,-0.044163
0.056313,-0.0059944,-0.064587
0.042011,0.0015083,-0.057863
0.030165,0.0072637,-0.051609
0.02084,0.011249,-0.045779
0.014098,0.013444,-0.040344
0.010003,0.013836,-0.035279
0.0082283,0.012682,-0.030568
0.0048061,0.012726,-0.02619
-0.0012984,0.014738,-0.022149
-0.010042,0.018746,-0.018448
-0.021371,0.024752,-0.015094
-0.014291,0.024346,-0.014284
-0.0074297,0.024789,-0.013304
-0.00077182,0.026071,-0.012209
0.0057024,0.028192,-0.01105
0.012016,0.031167,-0.0098664
0.018192,0.035022,-0.0086912
0.024258,0.039794,-0.0075477
0.030235,0.045526,-0.0064547
0.036147,0.052267,-0.0054237
0.042019,0.060064,-0.0044645
0.045942,0.065434,-0.0077733
0.050126,0.07103,-0.011982
0.054581,0.076849,-0.017082
0.059318,0.082888,-0.023067
0.064346,0.089142,-0.029929
0.069677,0.095607,-0.03766
0.075319,0.10228,-0.046251
0.081282,0.10915,-0.055696
0.087575,0.11621,-0.065983
0.094203,0.12347,-0.077106
0.08231,0.10364,-0.086082
0.071818,0.08544,-0.094424
0.062666,0.068782,-0.10218
0.054798,0.053587,-0.10942
0.048166,0.039782,-0.11617
0.042727,0.027303,-0.12249
0.038444,0.016093,-0.12842
0.035288,0.0061007,-0.13399
0.033236,-0.0027156,-0.13922
0.03227,-0.010392,-0.14415
0.029595,0.0020672,-0.0983
0.02935,0.014661,-0.064344
0.031311,0.027385,-0.039245
0.035396,0.040342,-0.021163
0.041665,0.053727,-0.0090337
0.050291,0.067789,-0.0023244
0.061203,0.083034,-0.00066641
0.072806,0.10119,0.0027421
0.084973,0.12286,0.011393
0.09783,0.14841,0.025325
0.10996,0.1539,0.021899
0.11998,0.16138,0.018454
0.12818,0.17068,0.015084
0.13796,0.17926,0.011856
0.15035,0.18641,0.0088303
0.16534,0.19212,0.0060551
0.18295,0.1964,0.0035771
0.20319,0.19924,0.0014321
0.22605,0.20064,-0.00034414
0.25154,0.20059,-0.001724
0.24197,0.17945,-0.0030954
0.23315,0.15941,-0.0074036
0.22502,0.14038,-0.015022
0.21752,0.12226,-0.025056
0.21062,0.10499,-0.036963
0.20427,0.088496,-0.050412
0.19845,0.072734,-0.065187
0.19312,0.057653,-0.081147
0.18826,0.043211,-0.09819
0.18385,0.02937,-0.11625
0.16317,0.027403,-0.064966
0.14415,0.025487,-0.031052
0.12667,0.023619,-0.01079
0.11061,0.021792,-0.0019057
0.095878,0.020021,0.0007101
0.082517,0.018385,0.010904
0.070439,0.01688,0.029344
0.059559,0.015494,0.055589
0.049806,0.014219,0.089355
0.041119,0.013044,0.13048
0.04262,0.016905,0.083744
0.044555,0.021159,0.049143
0.046895,0.025784,0.024566
0.049612,0.030756,0.0086523
0.052677,0.036048,0.00051759
0.056048,0.041623,-0.0014033
0.05959,0.047381,-0.0074948
0.063257,0.053279,-0.020218
0.067038,0.059294,-0.039396
0.070923,0.06541,-0.064862
0.063265,0.060053,-0.052279
0.056057,0.054701,-0.041896
0.049297,0.049397,-0.033256
0.042984,0.044184,-0.026036
0.037112,0.039097,-0.020002
0.031681,0.034174,-0.014981
0.026686,0.029447,-0.010842
0.022127,0.024949,-0.0074852
0.018,0.020712,-0.0048301
0.014306,0.016767,-0.0028125
0.016199,0.017949,-0.0037569
0.018401,0.018933,-0.0048341
0.020911,0.01971,-0.0060426
0.023729,0.020268,-0.0073815
0.026853,0.0206,-0.008852
0.030286,0.020698,-0.010456
0.034028,0.020553,-0.012197
0.038079,0.020158,-0.014078
0.042443,0.019508,-0.016106
0.047119,0.018597,-0.018285
0.036477,0.015822,-0.021088
0.027373,0.013309,-0.02425
0.01974,0.011005,-0.027781
0.013512,0.0088628,-0.031687
0.0086287,0.006837,-0.035971
0.005034,0.004885,-0.040632
0.0026813,0.0029697,-0.045659
0.00099832,0.0015243,-0.051039
-0.00087076,0.0012544,-0.056752
-0.0029361,0.0021734,-0.06278
-0.00058922,0.0019189,-0.062513
0.0024762,0.003532,-0.062049
0.0062607,0.0070191,-0.061497
0.011001,0.012191,-0.060935
0.017432,0.018431,-0.060401
0.025597,0.025722,-0.059904
0.035479,0.034103,-0.059428
0.047057,0.043614,-0.058948
0.060316,0.054292,-0.05843
0.075241,0.066171,-0.057846
0.074734,0.065716,-0.035852
0.074059,0.065089,-0.019484
0.073245,0.064317,-0.0082954
0.072321,0.063427,-0.0019591
0.071314,0.062445,-0.00017027
0.070246,0.061417,0.0025333
0.069141,0.060377,0.0095196
0.068023,0.059344,0.020685
0.066915,0.058334,0.035952
0.065837,0.057361,0.05526
0.07296,0.060608,0.043132
0.080575,0.063811,0.032531
0.088702,0.066968,0.023435
0.097364,0.070069,0.015825
0.10658,0.073106,0.0096881
0.11638,0.076069,0.0050105
0.12679,0.078947,0.0017827
0.13782,0.081726,-5.4548e-06
0.14951,0.084392,-0.00047519
0.16186,0.086924,-0.0016479
0.15236,0.064174,-0.0004226
0.14455,0.042659,0.00031868
0.13833,0.022267,0.0025152
0.13362,0.0028929,0.0059289
0.13036,-0.015549,0.010382
0.12848,-0.033134,0.015745
0.12795,-0.049923,0.021921
0.12874,-0.065965,0.028835
0.13082,-0.081301,0.036425
0.1342,-0.095958,0.044638
0.13508,-0.088582,0.046775
0.13655,-0.080678,0.049338
0.13862,-0.072246,0.052276
0.14128,-0.063288,0.055552
0.14455,-0.053802,0.059131
0.14841,-0.043789,0.062988
0.15287,-0.033251,0.067097
0.15794,-0.022187,0.071439
0.16361,-0.0106,0.07599
0.16988,0.0015106,0.080736
0.17525,-0.013777,0.063153
0.18118,-0.029423,0.049699
0.18768,-0.045432,0.039238
0.1948,-0.061812,0.030997
0.20256,-0.078571,0.024433
0.21098,-0.095721,0.019157
0.22009,-0.11327,0.014885
0.22991,-0.13124,0.011404
0.24045,-0.14964,0.0085544
0.25173,-0.16848,0.0062134
0.24903,-0.16344,0.0061178
0.24656,-0.15841,0.0054302
0.2443,-0.15341,0.0043571
0.24227,-0.1484,0.0030813
0.24045,-0.14341,0.0017565
0.23885,-0.13841,0.00050293
0.23746,-0.1334,-0.00058432
0.23628,-0.12837,-0.0014343
0.2353,-0.12333,-0.0019919
0.23453,-0.11826,-0.0022167
0.2405,-0.12237,-0.0023516
0.24652,-0.12655,-0.0025462
0.2526,-0.1308,-0.0028022
0.25873,-0.13513,-0.0031223
0.2649,-0.13952,-0.0035075
0.27113,-0.14399,-0.0039599
0.27739,-0.14853,-0.0044801
0.2837,-0.15314,-0.00507
0.29005,-0.15782,-0.0057299
0.29643,-0.16257,-0.0064618
0.29156,-0.16709,-0.0066322
0.28673,-0.17149,-0.0069102
0.28196,-0.17575,-0.0072834
0.27726,-0.17988,-0.0077466
0.27263,-0.18385,-0.008296
0.26809,-0.18766,-0.0089318
0.26365,-0.19131,-0.0096532
0.25932,-0.19479,-0.010462
0.2551,-0.19809,-0.01136
0.251,-0.2012,-0.012349
0.2743,-0.21686,-0.009334
0.29869,-0.23309,-0.0071272
0.32417,-0.24989,-0.0057957
0.35073,-0.26727,-0.0053943
0.37839,-0.28523,-0.0056632
0.40715,-0.30377,-0.0051754
0.43701,-0.3229,-0.0037235
0.46797,-0.34262,-0.0012957
0.50003,-0.36294,0.0021184
0.53318,-0.38386,0.0065207
0.5252,-0.38667,-0.0054234
0.51769,-0.38938,-0.0089699
0.51051,-0.39198,-0.012909
0.50351,-0.39444,-0.02357
0.49668,-0.39676,-0.04054
0.49001,-0.39894,-0.063547
0.48345,-0.40097,-0.092387
0.47701,-0.40284,-0.12691
0.47066,-0.40455,-0.16698
0.46439,-0.4061,-0.21249
0.44131,-0.36092,-0.19748
0.4212,-0.31682,-0.18417
0.40392,-0.27369,-0.17197
0.38937,-0.23144,-0.16057
0.37747,-0.19,-0.14976
0.36811,-0.14929,-0.13946
0.36123,-0.10924,-0.12959
0.35675,-0.069803,-0.12011
0.35462,-0.030915,-0.111
0.35478,0.0074673,-0.10226
0.33078,-0.0072596,-0.08489
0.30763,-0.021014,-0.069161
0.28538,-0.033771,-0.055101
0.26406,-0.04551,-0.042735
0.24372,-0.05621,-0.032077
0.22439,-0.065854,-0.02314
0.2061,-0.074422,-0.015933
0.18888,-0.081901,-0.010463
0.17278,-0.088275,-0.0067359
0.15783,-0.093532,-0.0047566
0.1542,-0.095854,-0.0045942
0.1507,-0.098046,-0.0045563
0.14732,-0.10011,-0.0045554
0.14406,-0.10205,-0.0045081
0.14093,-0.10388,-0.0044323
0.13791,-0.10558,-0.0043407
0.13501,-0.10717,-0.0042428
0.13222,-0.10865,-0.0041436
0.12955,-0.11001,-0.0040477
0.12699,-0.11126,-0.0039554
0.13627,-0.10602,-0.0049661
0.14705,-0.099295,-0.0070942
0.15931,-0.091039,-0.011683
0.17306,-0.081213,-0.018606
0.18831,-0.069787,-0.02776
0.2051,-0.056736,-0.039053
0.22343,-0.042043,-0.052412
0.24333,-0.025694,-0.06777
0.26483,-0.0076819,-0.085073
0.28794,0.011996,-0.10428
0.28097,-0.021853,-0.071272
0.27568,-0.054497,-0.046838
0.27202,-0.086083,-0.02935
0.26995,-0.11674,-0.017771
0.26945,-0.14657,-0.01141
0.2705,-0.17567,-0.0097925
0.27321,-0.20424,-0.0084485
0.27767,-0.23245,-0.0030435
0.28389,-0.26036,0.0062271
0.29188,-0.28806,0.019209
0.29636,-0.29685,0.016004
0.30092,-0.30563,0.013534
0.30555,-0.3144,0.01157
0.31025,-0.32316,0.0099605
0.31501,-0.33191,0.0085994
0.31981,-0.34064,0.007415
0.32467,-0.34936,0.0063549
0.32957,-0.35807,0.0053843
0.33451,-0.36676,0.0044766
0.33948,-0.37543,0.0036144
0.34791,-0.3808,-0.0036851
0.35663,-0.38616,-0.0095387
0.36566,-0.39152,-0.013942
0.37497,-0.39687,-0.016891
0.38458,-0.4022,-0.01838
0.39446,-0.40751,-0.01922
0.40457,-0.41274,-0.02144
0.41491,-0.41789,-0.025141
0.42547,-0.42294,-0.030328
0.43625,-0.42792,-0.037008
0.39338,-0.40132,-0.030255
0.3542,-0.37546,-0.024667
0.3185,-0.35026,-0.020142
0.28609,-0.3257,-0.01662
0.2568,-0.30171,-0.014064
0.23047,-0.27826,-0.012448
0.20696,-0.25533,-0.010986
0.18616,-0.23291,-0.0087384
0.16781,-0.21106,-0.0057093
0.14997,-0.19118,-0.0019058
0.15706,-0.19824,0.0058503
0.16459,-0.20527,0.016529
0.1748,-0.21046,0.029975
0.18767,-0.21378,0.046064
0.20322,-0.21519,0.064683
0.22149,-0.21466,0.085744
0.24248,-0.21215,0.10916
0.26624,-0.20763,0.13486
0.29278,-0.20107,0.16278
0.32214,-0.19246,0.19285
0.29469,-0.17677,0.20303
0.26866,-0.16161,0.20827
0.24403,-0.14702,0.20977
0.22077,-0.13304,0.20845
0.19887,-0.11969,0.20494
0.17828,-0.10699,0.19974
0.15899,-0.094967,0.19321
0.14096,-0.083622,0.18562
0.12417,-0.072971,0.17721
0.10859,-0.06302,0.16817
0.10693,-0.056368,0.18085
0.10547,-0.049793,0.19272
0.10421,-0.043299,0.2038
0.10317,-0.036886,0.21415
0.10232,-0.030555,0.2238
0.10169,-0.024308,0.23278
0.10127,-0.018144,0.24113
0.10106,-0.012066,0.24887
0.10106,-0.006074,0.25601
0.10128,-0.00016823,0.26257
0.10483,-0.006885,0.25789
0.10871,-0.014163,0.25672
0.11289,-0.021964,0.2583
0.11739,-0.030261,0.2621
0.12219,-0.039032,0.26773
0.1273,-0.04826,0.27491
0.1327,-0.057933,0.2834
0.13839,-0.068042,0.29303
0.14437,-0.078579,0.30365
0.15063,-0.08954,0.31515
0.14142,-0.07921,0.29848
0.13289,-0.06933,0.28231
0.125,-0.059897,0.26671
0.11774,-0.050903,0.25173
0.11107,-0.042341,0.23737
0.10496,-0.034203,0.22363
0.099409,-0.026479,0.21051
0.09438,-0.01916,0.19798
0.089859,-0.012239,0.18601
0.085828,-0.0057043,0.17458
0.082223,-0.020759,0.13967
0.08029,-0.036261,0.11158
0.079994,-0.052177,0.088576
0.081312,-0.068484,0.06949
0.084225,-0.085165,0.05352
0.088716,-0.1022,0.040103
0.094772,-0.11959,0.028849
0.10238,-0.13731,0.019475
0.11153,-0.15535,0.011783
0.12222,-0.17371,0.0056212
0.11775,-0.16701,0.0096632
0.11353,-0.16041,0.013821
0.10955,-0.15391,0.018053
0.10581,-0.14751,0.02234
0.10232,-0.1412,0.026685
0.099073,-0.13496,0.031096
0.096067,-0.1288,0.035588
0.093301,-0.1227,0.040173
0.090775,-0.11667,0.044868
0.088489,-0.11068,0.049684
0.084257,-0.10332,0.051295
0.080152,-0.096031,0.052382
0.076184,-0.088827,0.053033
0.072363,-0.08172,0.053318
0.068698,-0.07472,0.0533
0.065199,-0.067839,0.053029
0.061874,-0.061089,0.052549
0.058734,-0.05448,0.051895
0.055788,-0.048026,0.051097
0.053044,-0.041737,0.050177
0.047885,-0.038979,0.034028
0.043001,-0.036478,0.021986
0.0384,-0.034189,0.013182
0.034091,-0.032069,0.0069874
0.030086,-0.030081,0.0029373
0.026396,-0.028191,0.00067781
0.023033,-0.026367,-6.2186e-05
0.02,-0.024585,-0.00055908
0.017303,-0.022824,-0.0022073
0.014953,-0.021063,-0.0048907
0.017465,-0.024127,-0.0080561
0.020232,-0.027446,-0.012043
0.023259,-0.031031,-0.016862
0.026552,-0.034896,-0.022521
0.030116,-0.039053,-0.029023
0.033956,-0.043514,-0.036371
0.038078,-0.048289,-0.044563
0.042486,-0.053389,-0.053601
0.047185,-0.058825,-0.063479
0.052178,-0.064605,-0.074201
0.059925,-0.070424,-0.06539
0.068417,-0.076501,-0.05759
0.077676,-0.082871,-0.050653
0.087721,-0.089569,-0.044469
0.098573,-0.096625,-0.038936
0.11025,-0.10407,-0.033972
0.12277,-0.11193,-0.029503
0.13614,-0.12024,-0.025466
0.15039,-0.12901,-0.021802
0.16552,-0.13828,-0.018463
0.1602,-0.15216,-0.029854
0.15591,-0.1657,-0.04251
0.15265,-0.17887,-0.056119
0.15042,-0.19167,-0.070484
0.14922,-0.20407,-0.085464
0.14905,-0.21608,-0.10097
0.14992,-0.22768,-0.11694
0.15181,-0.23886,-0.13332
0.15474,-0.24961,-0.15006
0.15869,-0.25994,-0.16716
0.15104,-0.24737,-0.17299
0.14366,-0.23498,-0.17875
0.13652,-0.22279,-0.18438
0.12964,-0.2108,-0.18986
0.123,-0.19901,-0.19514
0.1166,-0.18744,-0.20022
0.11044,-0.1761,-0.20507
0.10451,-0.16501,-0.20968
0.09882,-0.15418,-0.21405
0.093358,-0.1436,-0.21817
0.10201,-0.14794,-0.1731
0.11196,-0.15207,-0.13439
0.12321,-0.15599,-0.10121
0.13573,-0.15965,-0.073036
0.14953,-0.16303,-0.049476
0.16459,-0.1661,-0.030278
0.18092,-0.16886,-0.015259
0.19851,-0.17128,-0.004299
0.21735,-0.17335,0.0026846
0.23746,-0.17504,0.005741
0.23922,-0.17204,0.0060792
0.24091,-0.16906,0.0074387
0.24254,-0.16613,0.0093777
0.24412,-0.16325,0.011495
0.24565,-0.16043,0.013564
0.24712,-0.15767,0.015459
0.24854,-0.15497,0.017112
0.24989,-0.15233,0.018489
0.25119,-0.14975,0.019577
0.25242,-0.14724,0.020373
0.24345,-0.1533,0.020475
0.23495,-0.15927,0.02077
0.22693,-0.16516,0.021173
0.21936,-0.17097,0.021623
0.21223,-0.17669,0.022075
0.20554,-0.18234,0.022499
0.19928,-0.1879,0.022871
0.19342,-0.19337,0.023173
0.18797,-0.19877,0.023394
0.18292,-0.20408,0.023525
0.16715,-0.19701,0.02316
0.15242,-0.1892,0.023382
0.13865,-0.18077,0.024053
0.12581,-0.1718,0.025091
0.11382,-0.1624,0.02644
0.10265,-0.15266,0.028065
0.092264,-0.14267,0.029942
0.082617,-0.13249,0.032052
0.073682,-0.12221,0.034384
0.065432,-0.11191,0.03693
0.069008,-0.1097,0.03691
0.074035,-0.1067,0.037035
0.080523,-0.10291,0.037278
0.088486,-0.098335,0.037619
0.097943,-0.092962,0.03804
0.10892,-0.086787,0.038527
0.12143,-0.079804,0.039069
0.13551,-0.072005,0.039658
0.15119,-0.063382,0.040284
0.16848,-0.053928,0.040942
0.16648,-0.073442,0.031104
0.16543,-0.093539,0.0231
0.1653,-0.11424,0.016538
0.16606,-0.13556,0.011137
0.16768,-0.15751,0.0066878
0.17015,-0.18009,0.0030359
0.17345,-0.20332,6.1901e-05
0.17758,-0.2272,-0.0023276
0.18253,-0.25173,-0.0042063
0.1883,-0.27692,-0.0056349
0.17831,-0.24838,-0.0055254
0.16902,-0.22106,-0.0052689
0.16043,-0.19496,-0.0049973
0.15251,-0.17011,-0.0048278
0.14524,-0.14651,-0.0047569
0.1386,-0.12417,-0.00478
0.13258,-0.1031,-0.0048916
0.12718,-0.083323,-0.0050863
0.12238,-0.064831,-0.0053593
0.11818,-0.047633,-0.0057066
0.11916,-0.038123,-0.0050111
0.12046,-0.028869,-0.0043353
0.12207,-0.019871,-0.0036901
0.124,-0.011129,-0.0030852
0.12623,-0.0026436,-0.0025302
0.12878,0.0055854,-0.0020339
0.13163,0.013558,-0.0016047
0.13479,0.021272,-0.001251
0.13827,0.028729,-0.00098054
0.14205,0.035927,-0.0008027
0.14787,0.033814,-0.0004283
0.15387,0.031462,0.00081117
0.16004,0.028886,0.002565
0.16638,0.026097,0.0045774
0.17288,0.023102,0.0066651
0.17953,0.019906,0.0086995
0.18635,0.016513,0.010593
0.19331,0.012924,0.01229
0.20042,0.0091414,0.013756
0.20768,0.0051637,0.014973
0.20266,0.00021825,0.013299
0.19769,-0.0047509,0.012501
0.19277,-0.0097334,0.012344
0.18792,-0.014722,0.012683
0.18313,-0.019712,0.013429
0.17841,-0.024698,0.014525
0.17376,-0.029678,0.015933
0.16919,-0.034648,0.017627
0.16471,-0.039605,0.01959
0.16032,-0.044547,0.02181
0.1614,-0.04406,0.016622
0.16251,-0.043535,0.012034
0.16364,-0.042973,0.0080344
0.16481,-0.042376,0.0046163
0.16599,-0.041746,0.001773
0.16721,-0.041085,-0.00050004
0.16845,-0.040393,-0.002207
0.16972,-0.039673,-0.0033511
0.17102,-0.038926,-0.003935
0.17235,-0.03815,-0.0040816
0.17612,-0.05032,-0.0067366
0.18014,-0.063153,-0.012559
0.18441,-0.076688,-0.021243
0.18895,-0.090963,-0.032554
0.19376,-0.10601,-0.04631
0.19887,-0.12186,-0.062368
0.20427,-0.13855,-0.080612
0.20997,-0.15609,-0.10095
0.21598,-0.17452,-0.1233
0.22231,-0.19384,-0.14761
0.22995,-0.17749,-0.1105
0.23832,-0.16101,-0.081753
0.24747,-0.14443,-0.059286
0.25741,-0.12778,-0.041795
0.26816,-0.11107,-0.028423
0.27972,-0.094306,-0.018589
0.2921,-0.077496,-0.011888
0.3053,-0.060649,-0.0080262
0.31932,-0.043771,-0.0067862
0.33421,-0.026877,-0.0059656
0.31251,-0.042781,-0.0030898
0.29207,-0.058718,0.0015715
0.27289,-0.074668,0.0081897
0.25498,-0.090607,0.016872
0.23837,-0.10651,0.027684
0.22305,-0.12235,0.040665
0.20903,-0.13811,0.055834
0.19631,-0.15374,0.073203
0.1849,-0.16922,0.092772
0.17479,-0.18452,0.11454
0.17823,-0.18063,0.0803
0.18219,-0.17639,0.053269
0.18664,-0.17182,0.03229
0.19158,-0.16695,0.016581
0.197,-0.16183,0.0055892
0.20288,-0.15646,-0.0010805
0.20922,-0.15088,-0.0037235
0.21595,-0.14511,-0.0052051
0.22299,-0.13919,-0.010246
0.23032,-0.13314,-0.018798
0.20447,-0.13405,-0.014731
0.18062,-0.13438,-0.011204
0.15874,-0.13413,-0.0081936
0.1388,-0.13334,-0.0056953
0.12076,-0.132,-0.0037136
0.10458,-0.13014,-0.0022594
0.090226,-0.12776,-0.0013468
0.077676,-0.12488,-0.00095216
0.066913,-0.1215,-0.00033742
0.057914,-0.11763,0.00079042
0.067575,-0.13027,-0.00043983
0.078467,-0.14358,-0.0009324
0.090622,-0.15757,-0.0015194
0.10407,-0.17228,-0.0028023
0.11886,-0.18771,-0.0047358
0.13502,-0.20387,-0.0072778
0.15258,-0.22078,-0.010388
0.17158,-0.23846,-0.014029
0.19203,-0.2569,-0.018167
0.21394,-0.27612,-0.022769
0.24118,-0.2822,-0.025617
0.271,-0.28781,-0.029174
0.30343,-0.29294,-0.033417
0.33848,-0.29759,-0.038332
0.37614,-0.30177,-0.043894
0.41642,-0.30549,-0.050082
0.45929,-0.30875,-0.056868
0.50473,-0.31157,-0.064231
0.55271,-0.31394,-0.072146
0.60319,-0.31589,-0.080599
0.59418,-0.28197,-0.028368
0.5852,-0.24949,-0.01064
0.57665,-0.21836,-0.0027804
0.56899,-0.18854,0.023767
0.56216,-0.16,0.066791
0.55608,-0.13273,0.12441
0.55071,-0.10671,0.19531
0.54603,-0.081949,0.27847
0.54198,-0.058437,0.37305
0.53856,-0.036176,0.47831
0.51255,-0.047312,0.44253
0.48805,-0.058259,0.41645
0.46488,-0.069022,0.39567
0.4429,-0.079613,0.37796
0.42204,-0.090041,0.36201
0.40221,-0.10032,0.34714
0.38336,-0.11046,0.33292
0.36544,-0.12048,0.31914
0.34839,-0.13038,0.30565
0.33218,-0.14017,0.29241
0.35,-0.14093,0.24204
0.36848,-0.14155,0.20264
0.38758,-0.14204,0.17071
0.40728,-0.14241,0.14416
0.42754,-0.14266,0.12161
0.44837,-0.14279,0.10218
0.46974,-0.14282,0.085267
0.49164,-0.14273,0.070436
0.51409,-0.14254,0.057394
0.53705,-0.14225,0.045904
0.55962,-0.14806,0.029192
0.58214,-0.15427,0.014814
0.60458,-0.16092,0.0032189
0.62693,-0.16801,-0.0053597
0.64916,-0.17555,-0.010814
0.67126,-0.18356,-0.013125
0.69315,-0.19203,-0.015008
0.71475,-0.20092,-0.019957
0.73605,-0.21026,-0.027914
0.75702,-0.22004,-0.038807
0.75101,-0.1872,-0.035543
0.74713,-0.15528,-0.033096
0.74524,-0.12429,-0.031113
0.74525,-0.094228,-0.02942
0.74705,-0.065096,-0.027921
0.75057,-0.036893,-0.02657
0.75573,-0.0096148,-0.025337
0.76246,0.01674,-0.024209
0.7707,0.042177,-0.023176
0.78042,0.066696,-0.022236
0.75776,0.060247,-0.016783
0.73594,0.054369,-0.013721
0.7149,0.04902,-0.012651
0.69462,0.044137,-0.011553
0.67508,0.03967,-0.0088356
0.65622,0.035586,-0.0045902
0.638,0.031861,0.0011219
0.6204,0.028468,0.0082495
0.60336,0.025385,0.016755
0.58686,0.022589,0.026601
0.57109,0.005374,0.028799
0.55575,-0.012066,0.031492
0.54085,-0.029728,0.034566
0.52637,-0.047614,0.037946
0.51232,-0.065724,0.041585
0.49869,-0.084058,0.04545
0.48547,-0.10262,0.049521
0.47268,-0.1214,0.053784
0.4603,-0.14041,0.058229
0.44833,-0.15965,0.062849
0.45818,-0.14206,0.060482
0.46829,-0.12502,0.056879
0.47866,-0.10853,0.052471
0.48929,-0.092549,0.047562
0.50018,-0.077074,0.04236
0.51131,-0.062086,0.037014
0.52269,-0.047564,0.031632
0.5343,-0.033492,0.026291
0.54614,-0.019853,0.021053
0.55821,-0.0066331,0.015967
0.58575,-0.013116,0.014495
0.61387,-0.020059,0.014592
0.64254,-0.027464,0.015883
0.67176,-0.035334,0.018148
0.70149,-0.043675,0.02126
0.73172,-0.052493,0.025145
0.76242,-0.061793,0.029765
0.79358,-0.071581,0.035109
0.82519,-0.081864,0.041182
0.85723,-0.092647,0.048005
0.82016,-0.076564,0.057704
0.78425,-0.061169,0.061533
0.74951,-0.046502,0.061668
0.71595,-0.032597,0.059483
0.68353,-0.019477,0.055823
0.65223,-0.0071637,0.051217
0.62202,0.0043263,0.046011
0.59287,0.014977,0.040446
0.56475,0.024776,0.034702
0.53765,0.033711,0.028923
0.53842,0.030314,0.026471
0.5395,0.026922,0.025714
0.54084,0.023535,0.026108
0.54243,0.020151,0.027325
0.54425,0.01677,0.029161
0.54629,0.013389,0.031484
0.54853,0.010007,0.03421
0.55097,0.0066209,0.037284
0.5536,0.0032306,0.04067
0.55641,-0.00016725,0.044345
0.55875,-0.0084861,0.014586
0.56153,-0.017096,-0.0050687
0.56463,-0.025978,-0.017405
0.56798,-0.035126,-0.024098
0.57153,-0.04453,-0.026279
0.57505,-0.05416,-0.029236
0.57841,-0.063999,-0.035565
0.58162,-0.074054,-0.044886
0.58468,-0.084324,-0.05689
0.58761,-0.094814,-0.071322
0.58102,-0.073817,-0.04291
0.57399,-0.054202,-0.030972
0.56681,-0.035913,-0.028545
0.56011,-0.01895,-0.022723
0.55399,-0.0032617,-0.011355
0.54839,0.011209,0.004574
0.54327,0.024511,0.024443
0.53861,0.036686,0.047825
0.53439,0.04777,0.074403
0.53059,0.057795,0.10393
0.50437,0.06089,0.076893
0.47905,0.063389,0.056153
0.45451,0.065315,0.039641
0.43073,0.066678,0.026205
0.40767,0.067491,0.015166
0.38532,0.067762,0.006114
0.36368,0.067499,-0.00121
0.34276,0.066709,-0.0069732
0.32254,0.065399,-0.01129
0.30304,0.063574,-0.014239
0.29998,0.06321,-0.017228
0.29731,0.062851,-0.018331
0.29493,0.062499,-0.018689
0.29272,0.062156,-0.019949
0.29066,0.061821,-0.021958
0.28876,0.061492,-0.024538
0.28701,0.061168,-0.027567
0.2854,0.060846,-0.030949
0.28392,0.060527,-0.034615
0.28259,0.06021,-0.038503
0.23932,0.050524,-0.038589
0.20056,0.041913,-0.040184
0.16597,0.034296,-0.04319
0.13526,0.027599,-0.047556
0.10813,0.021752,-0.053257
0.084334,0.016691,-0.060273
0.063632,0.012356,-0.068585
0.045809,0.008688,-0.078179
0.030672,0.0056358,-0.089036
0.018053,0.003151,-0.10114
0.021788,0.00107,-0.082
0.025722,-0.0020075,-0.065026
0.029835,-0.0060818,-0.050167
0.034105,-0.011167,-0.03739
0.038511,-0.017288,-0.02667
0.043029,-0.024482,-0.017992
0.047643,-0.032792,-0.011344
0.052338,-0.042265,-0.0067213
0.057102,-0.05295,-0.0041199
0.061931,-0.064897,-0.0035114
0.064672,-0.068971,-0.0035838
0.067492,-0.073166,-0.0036472
0.07039,-0.077482,-0.0037034
0.073364,-0.08192,-0.0037526
0.076413,-0.086482,-0.0037959
0.079533,-0.091167,-0.0038331
0.082725,-0.095978,-0.0038645
0.085984,-0.10091,-0.0038896
0.08931,-0.10598,-0.0039083
0.092699,-0.11117,-0.0039197
0.087237,-0.10273,-0.0036199
0.082123,-0.094517,-0.0033165
0.077338,-0.086555,-0.003018
0.072866,-0.078854,-0.002726
0.068691,-0.071425,-0.0024397
0.0648,-0.064279,-0.0021559
0.061179,-0.057429,-0.0018713
0.057818,-0.050884,-0.0015816
0.054705,-0.044655,-0.0012833
0.051829,-0.038752,-0.00097132
0.056076,-0.045773,-0.0015117
0.060563,-0.053402,-0.0017761
0.065291,-0.06165,-0.0018284
0.070247,-0.070534,-0.0020245
0.075432,-0.080064,-0.0024165
0.080849,-0.090253,-0.0029881
0.086501,-0.10111,-0.0037236
0.092388,-0.11264,-0.0046082
0.098512,-0.12487,-0.0056281
0.10487,-0.13778,-0.0067703
0.10633,-0.12614,-0.0097095
0.10792,-0.1149,-0.013333
0.10965,-0.10407,-0.017651
0.11152,-0.093651,-0.022669
0.11353,-0.083656,-0.028385
0.1157,-0.07409,-0.034798
0.11802,-0.06496,-0.041905
0.12051,-0.056272,-0.0497
0.12317,-0.04803,-0.058176
0.126,-0.040238,-0.067328
0.10556,-0.050461,-0.055819
0.087701,-0.0606,-0.045503
0.072258,-0.070691,-0.036296
0.059069,-0.080763,-0.028141
0.048002,-0.090847,-0.020994
0.038946,-0.10097,-0.014822
0.031814,-0.11117,-0.0095994
0.026541,-0.12146,-0.00531
0.023087,-0.13187,-0.0019386
0.021431,-0.14241,0.00052558
0.020009,-0.13844,0.0019457
0.01891,-0.13452,0.0022903
0.018098,-0.13063,0.0031222
0.017254,-0.12681,0.0052147
0.016141,-0.12307,0.0086147
0.014758,-0.11941,0.013364
0.013105,-0.11583,0.019498
0.011179,-0.11232,0.02705
0.0089729,-0.10887,0.036049
0.0064817,-0.10549,0.046522
0.0092794,-0.12082,0.039891
0.012156,-0.13724,0.03328
0.015101,-0.15476,0.026901
0.018105,-0.17336,0.020969
0.021156,-0.19307,0.015693
0.024238,-0.21389,0.011279
0.027339,-0.23581,0.0079182
0.030443,-0.25885,0.0057941
0.033534,-0.28301,0.0050768
0.036638,-0.3083,0.0050195
0.033012,-0.27919,0.0061694
0.029354,-0.25185,0.012432
0.025613,-0.2262,0.024166
0.021783,-0.20213,0.040956
0.017853,-0.17959,0.062478
0.013819,-0.15848,0.088478
0.0097294,-0.13875,0.11875
0.0055914,-0.12034,0.15314
0.0013979,-0.10321,0.1915
-0.0028508,-0.087329,0.23371
-0.0020144,-0.09344,0.21985
-0.00098875,-0.099688,0.20661
-0.00044417,-0.10615,0.19383
-0.00039398,-0.11283,0.18147
-0.0008453,-0.11972,0.16945
-0.0018016,-0.12683,0.15775
-0.003274,-0.13416,0.14635
-0.0052654,-0.14171,0.13524
-0.0077808,-0.14948,0.1244
-0.010822,-0.15747,0.11385
-0.004637,-0.15596,0.094303
0.00041226,-0.15433,0.078488
0.0044434,-0.1526,0.06545
0.0075481,-0.15078,0.054542
0.0097969,-0.14889,0.045308
0.011248,-0.14695,0.037422
0.011949,-0.14496,0.030647
0.0121,-0.14292,0.024811
0.012666,-0.14076,0.019831
0.013793,-0.13848,0.015606
0.012447,-0.13482,0.017723
0.011311,-0.1312,0.019703
0.010393,-0.12763,0.021544
0.0097,-0.12411,0.023252
0.0091639,-0.12063,0.024833
0.0084696,-0.11724,0.026281
0.0075741,-0.11392,0.027606
0.0064701,-0.11068,0.028816
0.0051502,-0.10751,0.029924
0.0036079,-0.10441,0.030937
0.006831,-0.11136,0.030913
0.0081214,-0.1187,0.031328
0.0097581,-0.12624,0.032184
0.013331,-0.13387,0.03348
0.018855,-0.14158,0.035172
0.026347,-0.14938,0.037227
0.035826,-0.15727,0.039627
0.047312,-0.16524,0.042356
0.060824,-0.17331,0.045405
0.076383,-0.18148,0.048765
0.076685,-0.18483,0.04733
0.07687,-0.18814,0.045242
0.076927,-0.1914,0.042673
0.076846,-0.19461,0.039763
0.076621,-0.19777,0.036633
0.076251,-0.20086,0.033375
0.075732,-0.20388,0.030069
0.075066,-0.20684,0.02677
0.074255,-0.20972,0.023528
0.073302,-0.21253,0.020377
0.061329,-0.20442,0.019356
0.050831,-0.19651,0.01891
0.041691,-0.18878,0.018917
0.033805,-0.18124,0.019293
0.02708,-0.17387,0.019982
0.021432,-0.16668,0.020945
0.016788,-0.15966,0.022153
0.013083,-0.15281,0.023586
0.010258,-0.14612,0.025229
0.0082622,-0.13959,0.02707
0.0092396,-0.14852,0.028481
0.010353,-0.15769,0.029375
0.011596,-0.16712,0.029764
0.012964,-0.17679,0.029674
0.014454,-0.18671,0.029141
0.016062,-0.19689,0.028207
0.017785,-0.20731,0.026921
0.019622,-0.21798,0.025327
0.021571,-0.2289,0.023473
0.023631,-0.24008,0.021401
0.021085,-0.26641,0.019545
0.019014,-0.29412,0.017448
0.017422,-0.32324,0.015135
0.016313,-0.35376,0.01263
0.015689,-0.38569,0.0099542
0.015554,-0.41905,0.007131
0.015908,-0.45384,0.0041805
0.016431,-0.49007,0.0011323
0.016426,-0.52777,-0.0019717
0.015867,-0.56695,-0.0051093
0.014112,-0.5174,0.0074692
0.012562,-0.47077,0.022511
0.011191,-0.42695,0.03974
0.009974,-0.38582,0.058978
0.0088885,-0.34729,0.080095
0.0079121,-0.31127,0.103
0.0070241,-0.27768,0.1276
0.0062021,-0.24643,0.15383
0.0054266,-0.21747,0.18163
0.0046768,-0.19071,0.21095
0.0065301,-0.19553,0.14858
0.0069596,-0.20103,0.10286
0.0062595,-0.20706,0.068702
0.0072745,-0.21347,0.042963
0.010461,-0.22018,0.023673
0.01577,-0.22718,0.0095458
0.02317,-0.23443,-0.00031129
0.032639,-0.24192,-0.0065327
0.044164,-0.24966,-0.0095887
0.057709,-0.25759,-0.010895
0.054125,-0.25824,-0.010663
0.050663,-0.2588,-0.01049
0.047323,-0.25926,-0.010353
0.044101,-0.25963,-0.010241
0.040997,-0.25992,-0.010146
0.038009,-0.26012,-0.010062
0.035134,-0.26023,-0.0099862
0.032372,-0.26026,-0.0099125
0.029718,-0.26021,-0.0098382
0.027174,-0.26008,-0.009759
0.032736,-0.24606,-0.010335
0.038844,-0.23239,-0.011638
0.045489,-0.21909,-0.013829
0.052666,-0.20614,-0.017039
0.060372,-0.19355,-0.02137
0.068608,-0.18132,-0.0269
0.077375,-0.16946,-0.03369
0.086675,-0.15797,-0.041786
0.096513,-0.14685,-0.051223
0.1069,-0.13611,-0.062027
0.091515,-0.15284,-0.071817
0.077266,-0.17056,-0.081903
0.064132,-0.18928,-0.092274
0.052097,-0.20899,-0.10293
0.041151,-0.22969,-0.11387
0.031284,-0.2514,-0.1251
0.022489,-0.27411,-0.1366
0.014761,-0.29782,-0.14838
0.0080957,-0.32254,-0.16044
0.002489,-0.34827,-0.17277
0.0033408,-0.34864,-0.15415
0.0042086,-0.34931,-0.13566
0.005095,-0.35025,-0.1177
0.0060043,-0.35144,-0.10056
0.006941,-0.35287,-0.084483
0.0079105,-0.35451,-0.069634
0.0089181,-0.35635,-0.056153
0.0099692,-0.35837,-0.044155
0.011069,-0.36055,-0.033732
0.012223,-0.36289,-0.024964
0.0077608,-0.32302,-0.023271
0.0039879,-0.28591,-0.022664
0.00090848,-0.25148,-0.022881
-0.0014747,-0.21963,-0.023786
-0.0031574,-0.19028,-0.025309
-0.0041362,-0.16335,-0.027414
-0.0044076,-0.13876,-0.030087
-0.0039764,-0.11641,-0.033321
-0.0037289,-0.096216,-0.037128
-0.0042723,-0.078063,-0.041515
-0.0023385,-0.065381,-0.04886
-0.0015216,-0.05398,-0.055973
8.9328e-05,-0.043843,-0.062841
0.0030062,-0.03491,-0.069494
0.007247,-0.027113,-0.075975
0.012817,-0.020398,-0.082335
0.01971,-0.014732,-0.088616
0.02791,-0.010099,-0.094855
0.037392,-0.006504,-0.10107
0.048125,-0.0039674,-0.10726
0.05434,-0.0042259,-0.081493
0.060927,-0.0044868,-0.060224
0.067891,-0.0047601,-0.042788
0.075243,-0.0050544,-0.028712
0.082997,-0.0053771,-0.017656
0.091171,-0.0057362,-0.0093694
0.099782,-0.0061391,-0.0036663
0.10885,-0.0065943,-0.00040508
0.11839,-0.0071102,0.000542
0.1284,-0.0077189,0.0017979
0.10649,-0.0071912,0.00035733
0.086626,-0.0073913,-0.00081458
0.068788,-0.008288,-0.0037644
0.052958,-0.0098752,-0.0081431
0.039119,-0.012149,-0.01372
0.027251,-0.01511,-0.02035
0.017339,-0.018764,-0.027951
0.0093703,-0.023124,-0.036493
0.0033363,-0.02821,-0.045976
-0.00076741,-0.034048,-0.056416
0.00014018,-0.031037,-0.073519
0.0011952,-0.028205,-0.092415
0.0024098,-0.02556,-0.11298
0.0037972,-0.023104,-0.13507
0.0053715,-0.020842,-0.15855
0.0071473,-0.018778,-0.18326
0.009139,-0.016915,-0.20905
0.01136,-0.015256,-0.23577
0.013825,-0.013802,-0.26326
0.016545,-0.012556,-0.29142
0.021366,-0.014695,-0.22303
0.026652,-0.017073,-0.16974
0.032415,-0.019701,-0.12738
0.038661,-0.022584,-0.093401
0.04539,-0.025724,-0.066108
0.052599,-0.029119,-0.044397
0.06028,-0.032765,-0.027525
0.068426,-0.036657,-0.014987
0.07703,-0.040789,-0.0064441
0.086082,-0.045155,-0.0016549
0.070461,-0.046011,-0.0016491
0.05637,-0.046781,-0.0016326
0.043785,-0.04746,-0.0016134
0.032685,-0.048047,-0.0015962
0.023049,-0.048546,-0.0015864
0.014858,-0.048968,-0.0015866
0.0080934,-0.049326,-0.0015996
0.0027367,-0.049641,-0.0016259
-0.0012278,-0.049942,-0.0016663
-0.0038146,-0.050261,-0.0017194
-0.0015052,-0.040606,-0.00050384
0.0012061,-0.03213,7.6411e-05
0.0043134,-0.024803,0.00026059
0.0078118,-0.0186,0.00021294
0.0117,-0.013495,0.00020476
0.015977,-0.0094693,0.00030103
0.020645,-0.0065116,0.00047706
0.025708,-0.0046179,0.00072923
0.031173,-0.003792,0.0010655
0.037046,-0.0040349,0.0014994
0.036159,-0.0042471,0.0020749
0.035203,-0.0051483,0.0027132
0.034178,-0.0067476,0.0034102
0.033081,-0.0090457,0.004165
0.031913,-0.012043,0.0049764
0.030671,-0.015742,0.0058447
0.029354,-0.020144,0.006769
0.027961,-0.02525,0.007749
0.026488,-0.031064,0.0087826
0.024933,-0.037587,0.0098681
0.027782,-0.043032,0.0077086
0.030777,-0.048843,0.0058885
0.033915,-0.055021,0.0043902
0.037194,-0.061568,0.0031962
0.040614,-0.068485,0.002287
0.044172,-0.075774,0.0016429
0.047866,-0.083436,0.0012443
0.051696,-0.091474,0.0010721
0.055661,-0.099889,0.0010947
0.059758,-0.10869,0.0010338
0.038355,-0.10941,0.00098193
0.020616,-0.11059,0.0010115
0.0064218,-0.11222,0.0010934
-0.004328,-0.11432,0.0011734
-0.011713,-0.11688,0.0011986
-0.015791,-0.11991,0.001279
-0.017231,-0.12334,0.0015166
-0.020928,-0.12651,0.0019405
-0.027924,-0.12928,0.0025769
-0.038244,-0.13164,0.0034466
-0.032329,-0.13997,0.015142
-0.028084,-0.14824,0.035681
-0.025517,-0.15652,0.064282
-0.024643,-0.16484,0.10035
-0.025467,-0.17325,0.1434
-0.026027,-0.18208,0.19296
-0.025011,-0.19155,0.24863
-0.022402,-0.20169,0.31003
-0.01818,-0.21254,0.37678
-0.012331,-0.22412,0.4486
-0.0091553,-0.19992,0.44647
-0.0061907,-0.17759,0.44365
-0.0034271,-0.15702,0.44007
-0.00085649,-0.13812,0.4358
0.0015295,-0.12081,0.43082
0.0037379,-0.10499,0.42521
0.0057758,-0.090595,0.41898
0.0076495,-0.077545,0.4122
0.0093649,-0.065773,0.40489
0.010928,-0.055217,0.39713
0.0079407,-0.049589,0.36706
0.0052226,-0.044392,0.34089
0.0028069,-0.039604,0.31765
0.00072455,-0.035209,0.2967
-0.00099755,-0.031189,0.27755
-0.0023333,-0.027529,0.2599
-0.0032603,-0.024213,0.24348
-0.0037532,-0.02123,0.22812
-0.0037947,-0.018567,0.21367
-0.0034765,-0.016193,0.20003
-0.0028973,-0.01568,0.16453
-0.0012425,-0.015466,0.1341
0.0015581,-0.015552,0.10789
0.0054751,-0.015921,0.085297
0.01049,-0.016555,0.065875
0.016597,-0.017437,0.049284
0.023803,-0.018553,0.035289
0.032125,-0.019891,0.023721
0.04159,-0.021441,0.014486
0.052228,-0.023202,0.0075279
0.058778,-0.024395,0.0072059
0.065731,-0.025697,0.0068424
0.073093,-0.027108,0.0064441
0.080866,-0.028631,0.0060121
0.089055,-0.030268,0.0055545
0.097661,-0.032019,0.0050734
0.10669,-0.033887,0.0045792
0.11614,-0.035873,0.0040739
0.12601,-0.037978,0.0035663
0.13632,-0.040205,0.0030611
0.11346,-0.032905,0.0040899
0.093124,-0.026394,0.0053233
0.075173,-0.020664,0.0067785
0.059463,-0.015709,0.0084685
0.045863,-0.011521,0.010409
0.034245,-0.0080953,0.012609
0.024488,-0.005423,0.015083
0.016476,-0.0034962,0.017834
0.010126,-0.0021529,0.020869
0.0054589,-0.00077266,0.024189
0.0060051,-0.00037516,0.0094079
0.0067066,2.4587e-05,0.0015438
0.0075262,0.0004441,-0.0003207
0.0083798,0.00098326,-0.0056709
0.00918,0.0016806,-0.017711
0.0098743,0.0025395,-0.036663
0.010437,0.0035582,-0.062754
0.010859,0.004731,-0.096203
0.011138,0.0060505,-0.13719
0.011277,0.0075066,-0.18587
0.01449,0.0056469,-0.12616
0.017997,0.0038887,-0.07847
0.021744,0.0022252,-0.042317
0.025704,0.00064482,-0.017382
0.029883,-0.00087183,-0.0034351
0.034331,-0.0023572,0.0001439
0.039165,-0.0039457,0.0077416
0.044501,-0.005709,0.026038
0.05043,-0.0076635,0.054975
0.057022,-0.0098193,0.094457
0.052113,-0.010793,0.1113
0.047577,-0.011034,0.12906
0.04341,-0.010549,0.14769
0.039415,-0.01021,0.16716
0.035439,-0.010676,0.18741
0.031475,-0.011955,0.20842
0.027519,-0.014063,0.23014
0.023562,-0.017015,0.25255
0.019601,-0.02083,0.27558
0.015627,-0.025528,0.29922
0.018328,-0.026977,0.26226
0.021362,-0.028575,0.2296
0.024733,-0.030317,0.20047
0.028445,-0.032201,0.17432
0.032503,-0.034225,0.15074
0.036906,-0.036389,0.12943
0.041655,-0.038689,0.11016
0.046747,-0.041125,0.092747
0.052179,-0.043693,0.077056
0.057945,-0.046393,0.06298
0.057358,-0.0371,0.068285
0.056418,-0.029325,0.073012
0.055139,-0.023024,0.077235
0.053535,-0.01816,0.081017
0.05162,-0.014702,0.084415
0.049404,-0.012621,0.087474
0.046952,-0.011674,0.090234
0.044772,-0.009866,0.092727
0.04299,-0.0067397,0.094976
0.041616,-0.0022981,0.096997
0.037087,-0.0033937,0.10356
0.032838,-0.0042077,0.11124
0.028878,-0.0047359,0.11994
0.025219,-0.0049752,0.12963
0.021869,-0.004924,0.14025
0.018834,-0.004582,0.15178
0.016116,-0.0039672,0.16418
0.013597,-0.0035399,0.17742
0.011225,-0.0035031,0.19149
0.0089989,-0.0038545,0.20638
0.013323,-0.0033311,0.16383
0.018063,-0.0041387,0.12749
0.023921,-0.0035413,0.096522
0.030965,-0.0013178,0.070333
0.039225,0.0025174,0.048507
0.048763,0.0079636,0.030784
0.059657,0.015033,0.017032
0.071993,0.023744,0.0072049
0.085857,0.034122,0.0013139
0.10133,0.046192,-0.00061953
0.10493,0.04839,-0.0019489
0.1086,0.050648,-0.0054318
0.11233,0.052972,-0.010844
0.11612,0.055366,-0.018003
0.11996,0.057832,-0.026752
0.12387,0.060373,-0.036964
0.12783,0.06299,-0.04852
0.13186,0.065685,-0.061326
0.13596,0.068456,-0.075287
0.14012,0.071304,-0.09033
0.13615,0.069357,-0.065181
0.13216,0.067545,-0.045753
0.12817,0.065851,-0.030764
0.12419,0.064262,-0.01938
0.12022,0.062768,-0.011028
0.11628,0.061357,-0.0053159
0.11236,0.06002,-0.0019622
0.10847,0.058748,-0.00076544
0.10463,0.057539,9.477e-05
0.10085,0.056393,0.0028407
0.10862,0.062256,0.00077471
0.11676,0.068453,-0.00047023
0.12526,0.074991,-0.00093659
0.13412,0.081871,-0.0013706
0.14336,0.089097,-0.0025201
0.15296,0.09667,-0.0043562
0.16294,0.10459,-0.0068528
0.17329,0.11287,-0.0099882
0.18401,0.1215,-0.013743
0.19512,0.13049,-0.0181
0.18614,0.11752,-0.019001
0.17759,0.10516,-0.020201
0.16945,0.093407,-0.021661
0.16171,0.082242,-0.023357
0.15434,0.071664,-0.025272
0.14734,0.061666,-0.027395
0.14068,0.052242,-0.02972
0.13435,0.043385,-0.032241
0.12835,0.035091,-0.034955
0.12266,0.027355,-0.037862
0.11742,0.027809,-0.020985
0.1125,0.028356,-0.0096124
0.10786,0.028974,-0.0030413
0.10345,0.029643,-0.00076695
0.099265,0.030363,0.00093103
0.095297,0.031135,0.0062586
0.091517,0.031942,0.015019
0.087901,0.032767,0.027049
0.084427,0.033598,0.042217
0.081079,0.034419,0.060421
0.071534,0.030385,0.037223
0.062401,0.026553,0.020742
0.053725,0.022931,0.0096119
0.04555,0.019531,0.0029008
0.037923,0.016363,-5.9305e-05
0.030879,0.013435,-0.00078713
0.024437,0.010739,-0.0038711
0.018642,0.0082905,-0.0095812
0.013541,0.0061087,-0.017719
0.0091778,0.0042123,-0.02816
0.011818,0.0076832,-0.019812
0.014858,0.011975,-0.012945
0.018302,0.017086,-0.0075724
0.022153,0.023017,-0.0036983
0.026415,0.029768,-0.0013239
0.03109,0.037335,-0.00044938
0.036189,0.045723,3.0979e-05
0.041726,0.05494,0.0019713
0.047704,0.064982,0.0054076
0.054124,0.075845,0.01035
0.050845,0.067709,0.004096
0.047746,0.059929,0.00041221
0.044829,0.052522,-0.00065252
0.042073,0.045485,-0.0021702
0.039462,0.038819,-0.006407
0.036997,0.03254,-0.013382
0.034677,0.026663,-0.023104
0.032499,0.021204,-0.035581
0.030462,0.016175,-0.050812
0.028564,0.011584,-0.068796
0.031263,0.029865,-0.084764
0.036283,0.053417,-0.10254
0.043669,0.082322,-0.12202
0.053463,0.11665,-0.14296
0.065702,0.15647,-0.16508
0.080421,0.20184,-0.18807
0.097648,0.25277,-0.21164
0.11741,0.30932,-0.23558
0.13973,0.3715,-0.25968
0.16464,0.43932,-0.28383
0.14378,0.37566,-0.2323
0.12612,0.31763,-0.19621
0.1114,0.2649,-0.16932
0.099376,0.21716,-0.14837
0.089842,0.17414,-0.13147
0.082616,0.13559,-0.11748
0.077538,0.10129,-0.10567
0.074475,0.07103,-0.095541
0.073313,0.044628,-0.086727
0.073967,0.021907,-0.078968
0.074287,0.023657,-0.096906
0.074555,0.025481,-0.11478
0.074785,0.027374,-0.13225
0.074995,0.029331,-0.14907
0.0752,0.031348,-0.16509
0.075412,0.033419,-0.18021
0.075645,0.035538,-0.19435
0.075908,0.037702,-0.20753
0.076211,0.039904,-0.21973
0.076562,0.042141,-0.231
0.077447,0.03709,-0.16857
0.078172,0.031983,-0.12148
0.078788,0.02688,-0.085488
0.079333,0.021824,-0.057933
0.079837,0.016848,-0.037057
0.080322,0.011977,-0.021654
0.080811,0.0072336,-0.010874
0.081321,0.0026354,-0.0041016
0.081868,-0.001803,-0.00088452
0.082473,-0.0060633,-7.9591e-05
0.089277,0.00034349,-0.00054436
0.096676,0.0078921,-0.00075132
0.10468,0.016592,-0.0012664
0.11329,0.026456,-0.0021222
0.12252,0.037497,-0.0032859
0.13239,0.049725,-0.0047253
0.14289,0.06315,-0.0064133
0.15404,0.07778,-0.0083241
0.16585,0.093622,-0.010438
0.17831,0.11068,-0.012737
0.1663,0.10431,-0.017377
0.1548,0.098065,-0.021913
0.14379,0.091959,-0.026234
0.13327,0.085996,-0.030299
0.12322,0.080184,-0.034108
0.11363,0.074528,-0.037671
0.10448,0.069035,-0.04101
0.095773,0.06371,-0.044142
0.08749,0.058558,-0.047089
0.079624,0.053585,-0.049866
0.067456,0.05545,-0.060724
0.056898,0.056778,-0.071615
0.047875,0.057581,-0.082478
0.040321,0.057868,-0.093276
0.03418,0.057647,-0.10399
0.029405,0.05692,-0.11461
0.025959,0.055688,-0.12511
0.023816,0.053949,-0.13551
0.022561,0.051873,-0.14577
0.020308,0.050289,-0.15588
0.027771,0.064565,-0.162
0.03577,0.080882,-0.16863
0.044305,0.099256,-0.1758
0.053802,0.11951,-0.18355
0.064595,0.14149,-0.19188
0.076705,0.16521,-0.20084
0.090151,0.19065,-0.21041
0.10495,0.21781,-0.2206
0.12112,0.24668,-0.23139
0.13867,0.27725,-0.24274
0.13545,0.26811,-0.20832
0.13239,0.25952,-0.17848
0.12947,0.25145,-0.15232
0.12668,0.24384,-0.12924
0.12401,0.23666,-0.10881
0.12145,0.22989,-0.090702
0.11899,0.22349,-0.074694
0.11662,0.21743,-0.060595
0.11433,0.21169,-0.048263
0.11211,0.20624,-0.037576
0.11004,0.18403,-0.036621
0.10967,0.16208,-0.036276
0.11099,0.14041,-0.036423
0.11397,0.119,-0.03697
0.11861,0.097866,-0.03786
0.12489,0.076994,-0.039042
0.13281,0.056381,-0.040483
0.14238,0.036019,-0.042152
0.15361,0.015899,-0.044028
0.1665,-0.003989,-0.04609
0.13687,0.018452,-0.037457
0.11262,0.038952,-0.028987
0.093397,0.057669,-0.021193
0.078868,0.074733,-0.014423
0.068761,0.090244,-0.0089213
0.062859,0.10427,-0.0048581
0.061006,0.11684,-0.0023606
0.063108,0.12795,-0.0015252
0.067075,0.13858,-0.0008544
0.067703,0.1513,0.0016252
0.071947,0.1504,-0.0017454
0.07439,0.15033,-0.0037886
0.075396,0.15087,-0.010664
0.077611,0.15075,-0.022133
0.08157,0.14973,-0.037945
0.08729,0.14783,-0.057882
0.094792,0.14506,-0.081744
0.1041,0.14141,-0.10934
0.11522,0.13688,-0.14049
0.12819,0.13147,-0.17503
0.137,0.13346,-0.17342
0.14618,0.13533,-0.17351
0.15571,0.13708,-0.17492
0.16561,0.1387,-0.17742
0.17587,0.14021,-0.18078
0.18647,0.14159,-0.18486
0.19743,0.14286,-0.18953
0.20873,0.144,-0.19468
0.22035,0.14504,-0.20024
0.23231,0.14596,-0.20615
0.22413,0.13551,-0.16416
0.21637,0.12542,-0.13058
0.20901,0.1157,-0.10322
0.20202,0.10634,-0.080684
0.19536,0.097323,-0.062052
0.18903,0.08864,-0.046668
0.183,0.080282,-0.034059
0.17725,0.072239,-0.02387
0.17177,0.0645,-0.015826
0.16654,0.057057,-0.0097083
0.15364,0.063823,-0.014482
0.14165,0.07006,-0.019836
0.13056,0.075783,-0.025675
0.12034,0.081004,-0.031945
0.11098,0.085736,-0.038624
0.10244,0.089991,-0.045695
0.09471,0.093778,-0.053158
0.087781,0.097106,-0.06101
0.081635,0.099985,-0.069254
0.076262,0.10242,-0.07789
0.075999,0.10525,-0.077236
0.075846,0.10803,-0.077135
0.075796,0.11076,-0.077504
0.075843,0.11345,-0.078278
0.075985,0.11609,-0.079406
0.076216,0.11869,-0.080848
0.076532,0.12125,-0.082575
0.076931,0.12378,-0.084561
0.077409,0.12628,-0.086787
0.077963,0.12875,-0.089237
0.080139,0.132,-0.089635
0.082354,0.13531,-0.088478
0.084607,0.13866,-0.086002
0.086896,0.14207,-0.082446
0.089221,0.14553,-0.078031
0.09158,0.14903,-0.072964
0.093974,0.15259,-0.067428
0.096402,0.15619,-0.061586
0.098862,0.15985,-0.055579
0.10135,0.16355,-0.049531
0.10285,0.17293,-0.057811
0.10554,0.18185,-0.066431
0.10944,0.19028,-0.075354
0.11401,0.19852,-0.084542
0.11769,0.20747,-0.093959
0.12036,0.21719,-0.10357
0.12204,0.22767,-0.11335
0.12271,0.23893,-0.12326
0.12237,0.25095,-0.13327
0.12103,0.26374,-0.14335
0.13564,0.26743,-0.095624
0.14806,0.27218,-0.062035
0.15843,0.27802,-0.038377
0.16684,0.28496,-0.02211
0.17335,0.29303,-0.01161
0.17981,0.3012,-0.0058039
0.18818,0.30832,-0.0039543
0.19849,0.31445,-0.0026475
0.21076,0.31962,0.0016673
0.22499,0.32382,0.0087051
0.21305,0.30499,0.0019435
0.20157,0.28693,-0.0018711
0.19052,0.2696,-0.0034956
0.1799,0.25299,-0.0036966
0.16965,0.23703,-0.0049362
0.15978,0.22171,-0.0075431
0.15026,0.20701,-0.01143
0.1411,0.1929,-0.016545
0.13227,0.17937,-0.022861
0.12376,0.1664,-0.030363
0.12637,0.17923,-0.029373
0.12977,0.19199,-0.028442
0.13393,0.20466,-0.027565
0.13885,0.21724,-0.026738
0.14453,0.22971,-0.025957
0.15096,0.24206,-0.025219
0.15813,0.25427,-0.024523
0.16587,0.26645,-0.023864
0.17334,0.27911,-0.023241
0.18041,0.29232,-0.022651
0.16393,0.26337,-0.018843
0.14834,0.23666,-0.015598
0.13357,0.21207,-0.012816
0.1197,0.1894,-0.010424
0.10717,0.16826,-0.0083721
0.095988,0.14849,-0.006622
0.086108,0.13,-0.0051436
0.077501,0.1127,-0.0039127
0.070134,0.096495,-0.0029101
0.063975,0.081293,-0.0021196
0.06487,0.093206,-0.0023107
0.068135,0.10427,-0.0025345
0.073768,0.11455,-0.0027912
0.079314,0.12568,-0.0030748
0.08323,0.13872,-0.0033829
0.085545,0.15373,-0.0037173
0.08629,0.17073,-0.0040809
0.085489,0.18976,-0.0044762
0.083166,0.21087,-0.0049064
0.079343,0.23407,-0.0053746
0.062258,0.21178,-0.0023189
0.046595,0.19125,0.0059291
0.032287,0.17242,0.023509
0.01923,0.15519,0.050298
0.0073247,0.13948,0.086199
-0.0035176,0.12524,0.13113
-0.013373,0.11242,0.18503
-0.022302,0.10102,0.24783
-0.030346,0.091014,0.31945
-0.037529,0.08243,0.39986
-0.04574,0.075406,0.33283
-0.053101,0.069679,0.27481
-0.059675,0.065141,0.2242
-0.065517,0.061705,0.18001
-0.070673,0.059292,0.14152
-0.075183,0.057839,0.10825
-0.07908,0.057289,0.079826
-0.082395,0.057595,0.055995
-0.085153,0.058722,0.036554
-0.087898,0.059877,0.021365
-0.094188,0.062328,0.016821
-0.10126,0.064002,0.012805
-0.10914,0.064899,0.0093406
-0.11782,0.06502,0.0064452
-0.12732,0.064365,0.0041377
-0.13764,0.062932,0.0024326
-0.14879,0.060717,0.0013458
-0.16078,0.057717,0.00089039
-0.17362,0.053924,0.00088597
-0.18732,0.049321,0.00038453
-0.16638,0.054777,-0.0015535
-0.14782,0.058926,-0.0037852
-0.13148,0.061756,-0.0060187
-0.11725,0.063261,-0.0081053
-0.105,0.063431,-0.0099683
-0.094618,0.062261,-0.011577
-0.086015,0.059741,-0.012922
-0.07908,0.05589,-0.014013
-0.072278,0.052743,-0.014904
-0.064673,0.051488,-0.015638
-0.056693,0.047182,-0.0123
-0.049145,0.0433,-0.009524
-0.042007,0.039835,-0.0072153
-0.03526,0.036783,-0.0053088
-0.028885,0.03414,-0.0037553
-0.022866,0.0319,-0.0025202
-0.017187,0.030058,-0.0015776
-0.011834,0.02861,-0.00090909
-0.006795,0.027551,-0.00050135
-0.0020595,0.026875,-0.00034532
-0.0046137,0.026122,-8.49e-05
-0.0071704,0.025532,0.0007147
-0.0097254,0.025098,0.0019755
-0.012273,0.024814,0.0036271
-0.014809,0.024677,0.0056153
-0.017328,0.02468,0.0078961
-0.019824,0.024821,0.010433
-0.022293,0.025094,0.013196
-0.024729,0.025496,0.016156
-0.027128,0.026023,0.019288
-0.022368,0.022067,0.020372
-0.018137,0.018475,0.021568
-0.014408,0.015236,0.022863
-0.011157,0.01234,0.024248
-0.0083583,0.0097797,0.025715
-0.0059894,0.0075466,0.027257
-0.0040283,0.0056348,0.028868
-0.0024548,0.0040388,0.030544
-0.0012508,0.0027545,0.032281
-0.00040117,0.0017789,0.034075
-0.0003304,0.0014482,0.035808
-0.00026241,0.0011705,0.03751
-0.00019703,0.00094557,0.039182
-0.00013439,0.00077349,0.040825
-7.4803e-05,0.00065439,0.042437
-1.8837e-05,0.00058854,0.044021
1.2723e-05,0.00055026,0.045575
-1.0755e-05,0.0005017,0.047102
-7.4479e-05,0.00043144,0.048599
-0.00013506,0.00030637,0.050067
0.00011596,0.0002892,0.032912
0.00042237,0.00031563,0.019783
0.0011466,0.00085398,0.01023
0.0022767,0.001888,0.0039051
0.0038103,0.0034101,0.00056739
0.0057589,0.0054213,-0.00024188
0.0081483,0.0078858,-0.0028534
0.011002,0.010802,-0.0086332
0.014339,0.014181,-0.017754
0.018177,0.018031,-0.030364
0.019367,0.013429,-0.029543
0.021892,0.0079756,-0.028592
0.025754,0.0016482,-0.027554
0.030965,-0.0055777,-0.026463
0.037546,-0.013727,-0.025336
0.04552,-0.022826,-0.024185
0.054917,-0.032896,-0.023009
0.065768,-0.043961,-0.021808
0.078104,-0.056039,-0.020573
0.091954,-0.069149,-0.019301
0.077574,-0.059669,-0.011819
0.064535,-0.05073,-0.0061411
0.052835,-0.042337,-0.002218
0.042469,-0.034498,-1.7795e-05
0.033384,-0.027281,0.00051108
0.0252,-0.021119,0.0014765
0.017838,-0.01609,0.0041516
0.011298,-0.012196,0.0085353
0.0055794,-0.0094422,0.014629
0.0006811,-0.0078348,0.022436
0.0040467,-0.0080135,0.014683
0.0074856,-0.008852,0.0086756
0.011007,-0.010338,0.0043179
0.014614,-0.012464,0.0015545
0.018298,-0.015234,0.00036608
0.022315,-0.018351,-3.1896e-05
0.027013,-0.021439,-0.0018812
0.032407,-0.024481,-0.0053359
0.038513,-0.027456,-0.010408
0.045346,-0.030347,-0.017099
0.042812,-0.029478,-0.012006
0.040368,-0.028547,-0.007982
0.038012,-0.027561,-0.0048739
0.035741,-0.026527,-0.0025622
0.033553,-0.025454,-0.00095253
0.031448,-0.024347,3.0427e-05
0.029424,-0.023214,0.00044748
0.027478,-0.022059,0.00054804
0.0256,-0.020887,0.0010595
0.023789,-0.019705,0.0020153
0.022475,-0.018788,0.0083699
0.02112,-0.017882,0.019285
0.019705,-0.016979,0.034703
0.018218,-0.016075,0.054679
0.016653,-0.015168,0.079282
0.015013,-0.01426,0.10854
0.013305,-0.013355,0.14239
0.011541,-0.012458,0.1807
0.0097355,-0.011574,0.22322
0.0078956,-0.010721,0.26968
0.0027278,-0.0053392,0.20378
-0.00034479,-0.0019662,0.15348
-0.0015104,-0.00039611,0.11427
-0.0014988,3.672e-05,0.083368
-0.0029249,0.0016603,0.058879
-0.0059807,0.0046667,0.039521
-0.010592,0.0090079,0.024407
-0.016769,0.014707,0.012989
-0.024599,0.02185,0.005039
-0.034212,0.03056,0.00056879
-0.027866,0.024441,0.0026521
-0.022593,0.018299,0.0058213
-0.018449,0.012205,0.010055
-0.015489,0.0062234,0.015338
-0.013763,0.00040321,0.021662
-0.01331,-0.0052267,0.029018
-0.014147,-0.010664,0.037403
-0.016275,-0.015931,0.046802
-0.019677,-0.021064,0.057198
-0.024166,-0.026257,0.068563
-0.020442,-0.022128,0.068397
-0.017025,-0.018351,0.067966
-0.013919,-0.014931,0.067304
-0.011126,-0.011872,0.066441
-0.0086489,-0.0091788,0.065402
-0.0064905,-0.0068545,0.064211
-0.0046692,-0.0048891,0.062887
-0.0031951,-0.0032794,0.061449
-0.0020746,-0.0020252,0.059913
-0.0013135,-0.0011264,0.058293
-0.0013482,-0.0013149,0.047039
-0.0014689,-0.0015337,0.037298
-0.0016657,-0.0017894,0.028918
-0.0019302,-0.0020872,0.021774
-0.0022557,-0.0024313,0.015766
-0.0026333,-0.0028281,0.010809
-0.003062,-0.0032776,0.0068339
-0.0035418,-0.0037785,0.0037857
-0.0040723,-0.0043308,0.0016245
-0.0046526,-0.0049352,0.00032454
-0.0028738,-0.0031739,0.0039458
-0.0015163,-0.0019536,0.011065
-0.0005415,-0.0012356,0.021804
3.305e-05,-0.0010405,0.036419
0.00021929,-0.0013582,0.05514
0.00074128,-0.0014373,0.078119
0.0018765,-0.00099589,0.1054
0.0036987,3.5846e-05,0.13694
0.00628,0.0017254,0.17261
0.00969,0.0041416,0.21225
0.0073833,-0.0002835,0.18121
0.0061792,-0.0038932,0.15437
0.0060161,-0.0067008,0.1309
0.0068444,-0.0087203,0.11024
0.0083494,-0.010254,0.091972
0.0092295,-0.012626,0.07575
0.0093397,-0.01599,0.061342
0.0086978,-0.020352,0.048581
0.0073182,-0.025732,0.037349
0.0052106,-0.032166,0.027571
0.01352,-0.036425,0.022862
0.022628,-0.041794,0.018674
0.032547,-0.048288,0.014938
0.043287,-0.055925,0.011612
0.054856,-0.064727,0.0086717
0.067258,-0.074719,0.0061017
0.080496,-0.085925,0.0038911
0.09457,-0.098372,0.0020286
0.10948,-0.11208,0.00050327
0.12522,-0.12709,-0.00069843
0.1036,-0.10548,-0.00071217
0.084198,-0.086056,-0.00077504
0.066962,-0.068752,-0.00080747
0.051827,-0.053522,-0.00074904
0.038733,-0.040319,-0.00061326
0.027622,-0.029092,-0.0006627
0.018436,-0.019796,-0.00095582
0.011119,-0.012385,-0.0015144
0.0056113,-0.0068122,-0.0023574
0.0018545,-0.0030296,-0.003504
0.0031081,-0.0041185,-0.0033185
0.0046079,-0.0054961,-0.003196
0.006378,-0.007187,-0.0031358
0.0084434,-0.009216,-0.0031361
0.010829,-0.011608,-0.003193
0.013559,-0.014387,-0.0033031
0.016657,-0.017578,-0.0034621
0.020146,-0.021205,-0.0036664
0.024049,-0.025291,-0.0039113
0.028386,-0.029858,-0.0041929
0.032958,-0.03471,-0.0028553
0.037916,-0.03999,-0.0018782
0.043269,-0.045713,-0.0012559
0.049027,-0.051889,-0.0009831
0.055197,-0.058531,-0.0010133
0.061792,-0.065654,-0.00086292
0.06882,-0.073269,-0.00039758
0.076285,-0.081385,0.00037684
0.084193,-0.090011,0.0014548
0.092547,-0.099154,0.002831
0.098554,-0.10568,0.0084221
0.10469,-0.11241,0.016019
0.11098,-0.11934,0.02545
0.11744,-0.1264,0.036566
0.12409,-0.1336,0.049237
0.13093,-0.14094,0.063351
0.13796,-0.14839,0.078814
0.14518,-0.15598,0.09555
0.1526,-0.16368,0.11349
0.16023,-0.17151,0.13259
0.15035,-0.15897,0.087384
0.14135,-0.14652,0.052917
0.13322,-0.13417,0.027628
0.12593,-0.12189,0.010493
0.11948,-0.10969,0.00081191
0.11386,-0.097566,-0.0019477
0.10896,-0.085478,-0.0055825
0.10472,-0.073412,-0.015594
0.10113,-0.061373,-0.031797
0.098201,-0.049367,-0.054061
0.10494,-0.05645,-0.038518
0.11189,-0.063843,-0.026116
0.11908,-0.071548,-0.016542
0.12651,-0.079568,-0.0095607
0.1342,-0.087905,-0.0049848
0.14215,-0.096562,-0.0026645
0.15037,-0.10554,-0.0022248
0.15892,-0.11486,-0.00063437
0.1678,-0.12451,0.0029005
0.17702,-0.13449,0.00831
0.15856,-0.13771,0.0087564
0.14313,-0.13889,0.0092788
0.13061,-0.13808,0.0098486
0.12092,-0.13531,0.010447
0.11396,-0.13061,0.01106
0.10774,-0.12568,0.011706
0.099318,-0.12302,0.012418
0.088661,-0.1226,0.013195
0.075743,-0.12439,0.01403
0.060531,-0.12837,0.014923
0.058382,-0.12133,0.013886
0.056358,-0.11462,0.013154
0.054446,-0.10823,0.012658
0.052633,-0.10215,0.01235
0.050909,-0.096359,0.012194
0.049262,-0.090847,0.012166
0.047683,-0.085604,0.012245
0.046164,-0.080621,0.012419
0.044697,-0.075887,0.012678
0.043274,-0.071393,0.013014
0.042326,-0.066054,0.011998
0.041344,-0.061207,0.011102
0.040312,-0.056822,0.010307
0.039216,-0.052874,0.0096006
0.038044,-0.049339,0.0089701
0.036784,-0.046194,0.008406
0.035426,-0.043418,0.0079002
0.033959,-0.040991,0.0074458
0.032373,-0.038894,0.0070368
0.030857,-0.036947,0.0066653
0.034222,-0.04012,0.0011198
0.038234,-0.043078,-0.00047232
0.042849,-0.045812,-0.0030522
0.048066,-0.048302,-0.0096274
0.053926,-0.050518,-0.020178
0.060479,-0.052427,-0.034683
0.067774,-0.053996,-0.053115
0.075863,-0.055192,-0.075444
0.084794,-0.055982,-0.10164
0.094617,-0.056338,-0.13166
0.08823,-0.044902,-0.10412
0.082254,-0.034124,-0.081403
0.076713,-0.024027,-0.062552
0.071626,-0.014629,-0.04693
0.067011,-0.0059484,-0.034067
0.062881,0.0020001,-0.023628
0.059249,0.0092026,-0.015354
0.056129,0.015648,-0.0090528
0.053533,0.021327,-0.0045725
0.051475,0.026235,-0.0017958
0.053866,0.028696,-0.0013734
0.05635,0.031206,-0.0010319
0.058929,0.033765,-0.00079783
0.061601,0.036372,-0.00069737
0.064368,0.039027,-0.00066843
0.067233,0.041732,-0.00046946
0.070195,0.044485,-6.355e-05
0.073256,0.047287,0.00057176
0.076416,0.050139,0.0014576
0.079674,0.053039,0.0026143
0.069996,0.047307,0.0050633
0.061208,0.041978,0.0076282
0.053244,0.037037,0.01017
0.046043,0.032467,0.012604
0.03955,0.028254,0.014878
0.033715,0.024385,0.016963
0.028492,0.020846,0.018842
0.023838,0.017623,0.020511
0.019713,0.014704,0.021967
0.016081,0.012077,0.023217
0.015414,0.011576,0.023633
0.014764,0.011086,0.024235
0.01413,0.010607,0.02501
0.013513,0.010138,0.025952
0.012912,0.009678,0.027051
0.012328,0.0092274,0.028307
0.01176,0.0087863,0.029713
0.011204,0.0083596,0.031269
0.010659,0.0079491,0.032972
0.010123,0.0075546,0.034824
0.014249,0.0126,0.032991
0.017918,0.020462,0.031198
0.021033,0.031293,0.029442
0.023481,0.045265,0.02773
0.02515,0.062551,0.026069
0.025927,0.083314,0.024465
0.02571,0.10771,0.022921
0.024407,0.13586,0.021441
0.021937,0.1679,0.020024
0.018231,0.20393,0.018668
0.021874,0.18336,0.027496
0.025073,0.16408,0.037468
0.027831,0.14606,0.048504
0.03015,0.12928,0.060558
0.03203,0.1137,0.073595
0.033472,0.099322,0.087597
0.034475,0.086115,0.10255
0.03504,0.074066,0.11844
0.035164,0.06316,0.13526
0.034846,0.053386,0.15301
0.033703,0.053448,0.099042
0.032624,0.053521,0.056574
0.031594,0.053607,0.025795
0.030596,0.053709,0.0068736
0.02961,0.053835,-6.9559e-05
0.028636,0.053966,-0.0052539
0.027691,0.05407,-0.022474
0.026768,0.054156,-0.051835
0.025862,0.054231,-0.093363
0.024972,0.054296,-0.1471
0.025063,0.057091,-0.11731
0.025153,0.059987,-0.090931
0.025244,0.062983,-0.067929
0.025337,0.066073,-0.048307
0.025431,0.069254,-0.032048
0.025526,0.072521,-0.019145
0.025622,0.07587,-0.0095838
0.025718,0.079295,-0.0033539
0.025813,0.08279,-0.00044216
0.0259,0.086357,0.00041151
0.033658,0.074089,-0.00013137
0.040053,0.063997,-0.00066626
0.045244,0.055831,-0.0021306
0.049356,0.049384,-0.0043204
0.052484,0.044492,-0.0071002
0.054699,0.041026,-0.01038
0.056049,0.038892,-0.014099
0.056558,0.038028,-0.01822
0.056903,0.03741,-0.022706
0.058061,0.035554,-0.02753
0.048602,0.026779,-0.042723
0.04052,0.018349,-0.060699
0.03381,0.010255,-0.081349
0.028468,0.0024907,-0.10462
0.024493,-0.0049498,-0.13046
0.021885,-0.01207,-0.15884
0.020649,-0.01887,-0.18972
0.020791,-0.025353,-0.22305
0.022317,-0.031516,-0.25872
0.025237,-0.037361,-0.29667
0.026222,-0.039063,-0.26717
0.027151,-0.040667,-0.2414
0.028022,-0.042174,-0.21852
0.028837,-0.043585,-0.19801
0.029595,-0.044902,-0.17941
0.030298,-0.046126,-0.16245
0.030948,-0.047258,-0.14688
0.031545,-0.048299,-0.13252
0.032091,-0.04925,-0.11924
0.032587,-0.050114,-0.10694
0.035298,-0.053079,-0.094944
0.038603,-0.055788,-0.083244
0.042508,-0.058248,-0.071968
0.047016,-0.060469,-0.061226
0.052134,-0.06246,-0.051115
0.057868,-0.064232,-0.041713
0.064224,-0.065795,-0.033094
0.071209,-0.06716,-0.025319
0.078828,-0.068337,-0.01845
0.087086,-0.069336,-0.012536
0.083973,-0.060416,-0.027108
0.081201,-0.051902,-0.046254
0.078753,-0.043762,-0.069628
0.076619,-0.035973,-0.096948
0.074792,-0.028517,-0.12798
0.073267,-0.021384,-0.16251
0.072043,-0.014566,-0.20035
0.071121,-0.0080631,-0.24131
0.070501,-0.0018743,-0.28523
0.070187,0.0039966,-0.33195
0.061507,-0.0059047,-0.3178
0.05418,-0.015137,-0.30534
0.048165,-0.023723,-0.29406
0.043427,-0.031683,-0.28366
0.039936,-0.039037,-0.27387
0.03767,-0.045802,-0.26454
0.036609,-0.051996,-0.25553
0.03674,-0.057634,-0.24675
0.038054,-0.06273,-0.23813
0.040374,-0.067399,-0.22961
0.038381,-0.064042,-0.19675
0.036568,-0.061016,-0.16909
0.035081,-0.058176,-0.14546
0.033902,-0.055483,-0.12504
0.033017,-0.052907,-0.10723
0.032414,-0.050421,-0.091608
0.032082,-0.048003,-0.077841
0.032011,-0.045632,-0.06567
0.032195,-0.04329,-0.054907
0.032624,-0.040962,-0.045388
0.034291,-0.039972,-0.066625
0.036178,-0.038825,-0.091496
0.038293,-0.037513,-0.1198
0.040646,-0.036028,-0.1513
0.043244,-0.034367,-0.18577
0.046096,-0.032526,-0.22298
0.049209,-0.030502,-0.26272
0.05259,-0.028294,-0.30481
0.056246,-0.025902,-0.34907
0.060182,-0.023324,-0.39538
0.054794,-0.016612,-0.3857
0.049893,-0.01079,-0.378
0.045439,-0.0057825,-0.37177
0.041401,-0.0015235,-0.36671
0.03775,0.002044,-0.36253
0.034462,0.0049696,-0.35909
0.031515,0.0072969,-0.35622
0.028892,0.0090639,-0.35382
0.026576,0.010305,-0.3518
0.024552,0.011048,-0.3501
0.022239,0.0084329,-0.35724
0.020261,0.0056612,-0.36507
0.018611,0.0027284,-0.37348
0.017281,-0.00036962,-0.3824
0.016266,-0.0036361,-0.39176
0.015563,-0.0070734,-0.40152
0.01517,-0.010684,-0.41162
0.015084,-0.014468,-0.42203
0.015305,-0.018428,-0.43272
0.015834,-0.022564,-0.44367
0.014142,-0.024399,-0.41337
0.013245,-0.025745,-0.38473
0.013139,-0.026611,-0.35758
0.013141,-0.027373,-0.33182
0.012329,-0.028534,-0.30735
0.010703,-0.030094,-0.28409
0.0082677,-0.032052,-0.26198
0.0050264,-0.034408,-0.24093
0.00098187,-0.03716,-0.2209
-0.0038641,-0.040309,-0.20185
-0.0071457,-0.03229,-0.19731
-0.0099844,-0.025405,-0.19374
-0.012354,-0.019662,-0.19096
-0.014231,-0.01507,-0.18882
-0.015594,-0.011635,-0.18721
-0.016423,-0.0093595,-0.18601
-0.0167,-0.0082462,-0.18516
-0.016687,-0.0077685,-0.18457
-0.017232,-0.0062718,-0.18418
-0.018383,-0.0036257,-0.18393
-0.0082492,-0.0017327,-0.17578
-0.0024701,-0.00037713,-0.16791
-0.00077654,4.578e-05,-0.16027
0.002232,-0.00032886,-0.15283
0.0096111,-0.00026349,-0.14552
0.021361,0.00024017,-0.13827
0.037483,0.0011914,-0.13102
0.057976,0.0026043,-0.12372
0.08284,0.0044929,-0.11635
0.11207,0.0068685,-0.10891
0.087405,0.0051522,-0.10419
0.06596,0.0039431,-0.10018
0.047657,0.0031191,-0.096798
0.032418,0.0025619,-0.093927
0.020163,0.002158,-0.091501
0.010819,0.0017984,-0.089443
0.0043126,0.0013821,-0.087693
0.00058155,0.0008202,-0.086174
-0.00071085,0.0006219,-0.084814
-0.0023997,0.0016561,-0.083504
-0.0013197,-0.00010518,-0.072442
-0.00043914,-0.0014958,-0.06331
0.0019839,-0.0060471,-0.05542
0.0059475,-0.013784,-0.048246
0.011459,-0.024749,-0.041497
0.018536,-0.039001,-0.03507
0.027197,-0.056604,-0.029006
0.037465,-0.077626,-0.023394
0.049358,-0.10213,-0.018348
0.062896,-0.13017,-0.013957
0.060032,-0.12417,-0.016237
0.057475,-0.11793,-0.018391
0.055519,-0.11135,-0.020433
0.054173,-0.10448,-0.022374
0.053446,-0.097339,-0.024233
0.053348,-0.089959,-0.026023
0.053889,-0.082371,-0.027763
0.05508,-0.074603,-0.029463
0.056929,-0.066681,-0.031137
0.059448,-0.05863,-0.032793
0.051617,-0.058583,-0.031003
0.044714,-0.058171,-0.028952
0.038731,-0.057398,-0.026733
0.033659,-0.056271,-0.024417
0.029491,-0.054796,-0.022063
0.02622,-0.052978,-0.019718
0.023838,-0.050824,-0.017422
0.022302,-0.048356,-0.015203
0.02048,-0.0461,-0.013084
0.017851,-0.044296,-0.011081
0.015123,-0.03352,-0.010513
0.011704,-0.024877,-0.0098992
0.010372,-0.016942,-0.0092667
0.011355,-0.0094799,-0.0086316
0.014569,-0.0024215,-0.0080099
0.020021,0.0043022,-0.0074148
0.027804,0.010746,-0.0068565
0.038073,0.016939,-0.0063383
0.050931,0.023059,-0.0058584
0.065734,0.030962,-0.0053965
0.068926,0.031005,-0.0058106
0.071812,0.03185,-0.0063197
0.075165,0.031722,-0.0069352
0.079067,0.030399,-0.0076566
0.083505,0.027861,-0.0084844
0.088472,0.024085,-0.0094204
0.093962,0.019049,-0.010468
0.09997,0.012728,-0.011631
0.10649,0.005097,-0.012915
0.11353,-0.0038665,-0.014325
0.10838,-0.018597,-0.012256
0.10421,-0.034153,-0.010178
0.101,-0.050545,-0.0081869
0.098748,-0.067787,-0.0063597
0.097437,-0.085887,-0.0047602
0.097061,-0.10486,-0.0034415
0.097618,-0.1247,-0.0024483
0.099109,-0.14544,-0.0018187
0.10154,-0.16706,-0.0015859
0.10491,-0.18959,-0.0016144
0.094322,-0.1749,-0.0019764
0.08433,-0.16073,-0.0037783
0.074947,-0.14708,-0.0069118
0.066188,-0.13396,-0.011186
0.058063,-0.12135,-0.016462
0.050584,-0.10927,-0.022637
0.043762,-0.097717,-0.029633
0.037608,-0.086689,-0.037388
0.032131,-0.076191,-0.045852
0.027341,-0.066226,-0.054989
0.028219,-0.068453,-0.035243
0.029061,-0.070635,-0.021006
0.029878,-0.072792,-0.011116
0.030677,-0.074936,-0.0047726
0.031464,-0.07708,-0.0014072
0.032245,-0.079234,-0.00054753
0.033035,-0.081421,0.00087414
0.033843,-0.083653,0.0042969
0.03467,-0.085935,0.0095221
0.035514,-0.088268,0.016384
0.034892,-0.087493,0.011559
0.033713,-0.086889,0.0081196
0.031882,-0.086506,0.0056595
0.029408,-0.086349,0.0038991
0.026296,-0.086425,0.0026418
0.022546,-0.086739,0.0017483
0.018156,-0.087298,0.0011184
0.013118,-0.08811,0.00067933
0.0074251,-0.089181,0.0003783
0.0010651,-0.090517,0.00017682
0.0057646,-0.094146,0.0013088
0.010359,-0.09798,0.003036
0.014849,-0.10202,0.0053574
0.019236,-0.10627,0.0082744
0.023521,-0.11073,0.01179
0.027703,-0.11541,0.015908
0.031782,-0.1203,0.020634
0.035759,-0.12541,0.025977
0.039631,-0.13074,0.031941
0.043399,-0.13629,0.038539
0.045991,-0.15138,0.025768
0.04845,-0.16742,0.015574
0.050773,-0.18445,0.0078657
0.052952,-0.20248,0.0025639
0.054983,-0.22154,-0.00040839
0.056854,-0.24164,-0.0012244
0.058549,-0.26278,-0.0028546
0.060053,-0.28498,-0.0066079
0.061358,-0.30822,-0.012419
0.06245,-0.33253,-0.020228
0.073426,-0.31867,-0.026874
0.082389,-0.30647,-0.034058
0.089294,-0.29582,-0.041712
0.094102,-0.28661,-0.049788
0.096776,-0.27877,-0.058243
0.097284,-0.2722,-0.067045
0.095797,-0.26676,-0.076158
0.095596,-0.26119,-0.085555
0.097834,-0.25504,-0.095198
0.1025,-0.24825,-0.10506
0.075839,-0.18668,-0.080814
0.054191,-0.13637,-0.06469
0.037,-0.095894,-0.053574
0.023786,-0.064021,-0.04576
0.01412,-0.03965,-0.040238
0.0075798,-0.021797,-0.036379
0.0028271,-0.0098892,-0.033759
-0.00088319,-0.0032512,-0.032045
-0.0037897,-0.001217,-0.030908
-0.0069653,-0.00071528,-0.029966
-0.008574,-0.0026106,-0.02448
-0.01072,-0.0036758,-0.019694
-0.01288,-0.0055658,-0.01549
-0.014999,-0.0086587,-0.011789
-0.017161,-0.012953,-0.0085607
-0.019457,-0.018436,-0.0058113
-0.021978,-0.025092,-0.0035703
-0.024809,-0.032904,-0.0018756
-0.028032,-0.041854,-0.00076599
-0.031726,-0.051929,-0.00027479
-0.037445,-0.052627,-0.00023682
-0.043492,-0.053466,-0.00017268
-0.049877,-0.054447,1.6792e-05
-0.056606,-0.055572,0.00035032
-0.063689,-0.056843,0.00084548
-0.071135,-0.058261,0.0015192
-0.078952,-0.059827,0.0023866
-0.08715,-0.061542,0.0034626
-0.095736,-0.063404,0.0047595
-0.10472,-0.065415,0.0062895
-0.10549,-0.073457,0.0078965
-0.10598,-0.08231,0.0094593
-0.10617,-0.091983,0.010937
-0.10608,-0.10248,0.0123
-0.10569,-0.11381,0.013527
-0.10502,-0.12597,0.014605
-0.10406,-0.13898,0.015525
-0.10281,-0.15283,0.016284
-0.10128,-0.16753,0.016879
-0.099472,-0.18308,0.017314
-0.08335,-0.16056,0.012653
-0.068777,-0.14006,0.0091402
-0.055695,-0.12146,0.0064321
-0.044052,-0.10463,0.0043258
-0.033797,-0.089484,0.0026974
-0.024878,-0.075907,0.0014701
-0.017249,-0.063809,0.0005954
-0.010863,-0.053103,4.2751e-05
-0.0056717,-0.043705,-0.00020697
-0.0016304,-0.035536,-0.00023188
-0.0030929,-0.032243,-5.3253e-05
-0.0045268,-0.029187,0.00069894
-0.005933,-0.026358,0.0021777
-0.0073111,-0.023746,0.0044544
-0.0086595,-0.021342,0.007586
-0.0099749,-0.019137,0.011617
-0.011253,-0.017121,0.016579
-0.012488,-0.015289,0.022497
-0.013674,-0.013635,0.029386
-0.014804,-0.012154,0.037257
-0.0089886,-0.013725,0.021294
-0.0038714,-0.01602,0.010254
0.00051557,-0.019032,0.0033817
0.0041541,-0.02278,0.00018957
0.0070461,-0.027303,-0.00069821
0.0092199,-0.032631,-0.0044092
0.011219,-0.038677,-0.011646
0.014216,-0.045176,-0.022544
0.018251,-0.05218,-0.037217
0.023313,-0.059745,-0.055725
0.018649,-0.054825,-0.032206
0.015194,-0.050197,-0.016383
0.012829,-0.045806,-0.0064839
0.011365,-0.04162,-0.0013515
0.0095859,-0.037895,-8.3718e-05
0.0071215,-0.034668,0.0023379
0.0039543,-0.03188,0.0079921
5.5387e-05,-0.029476,0.016744
-0.0046173,-0.027428,0.028549
-0.010114,-0.025724,0.043408
-0.013685,-0.028946,0.028744
-0.017739,-0.032429,0.017298
-0.02227,-0.036146,0.0088208
-0.02727,-0.040068,0.0031504
-0.03273,-0.044169,0.00017642
-0.038635,-0.048423,-0.00054919
-0.044962,-0.052796,-0.0028273
-0.051693,-0.057266,-0.0075932
-0.058819,-0.061824,-0.01478
-0.066329,-0.066459,-0.024317
-0.053809,-0.044744,-0.020544
-0.042382,-0.027773,-0.017884
-0.032046,-0.015382,-0.016007
-0.022806,-0.0074036,-0.014707
-0.014665,-0.0036451,-0.013847
-0.008602,-1.1495e-05,-0.013301
-0.0053298,0.006575,-0.012936
-0.0048098,0.016142,-0.012599
-0.0070566,0.028824,-0.012182
-0.0098948,0.045329,-0.011644
-0.0099149,0.040732,-0.018739
-0.010771,0.036204,-0.027021
-0.014726,0.031153,-0.036503
-0.0218,0.025548,-0.04725
-0.032039,0.01937,-0.059327
-0.045504,0.012611,-0.07277
-0.062265,0.0052684,-0.087557
-0.082397,-0.0026497,-0.10363
-0.10597,-0.011131,-0.12087
-0.13306,-0.020159,-0.13916
-0.12258,-0.016472,-0.13782
-0.11251,-0.012836,-0.13547
-0.10285,-0.0092505,-0.13226
-0.093621,-0.0057131,-0.12834
-0.084821,-0.0022235,-0.12382
-0.076463,0.0012191,-0.1188
-0.068557,0.0046152,-0.11337
-0.061112,0.0079653,-0.10763
-0.054138,0.011269,-0.10163
-0.047645,0.014528,-0.095443
-0.055508,0.014455,-0.06636
-0.063888,0.014287,-0.043498
-0.07281,0.014042,-0.026027
-0.0823,0.013739,-0.013384
-0.092386,0.013393,-0.0051816
-0.1031,0.013019,-0.0011432
-0.11446,0.012626,-0.00024259
-0.12653,0.012217,0.0033303
-0.13934,0.011799,0.010567
-0.15291,0.011378,0.02136
-0.14217,0.013598,0.0077931
-0.13181,0.01575,0.00077706
-0.12183,0.01783,-0.00086343
-0.11222,0.019836,-0.0044183
-0.10296,0.021764,-0.012561
-0.094073,0.023607,-0.024966
-0.085562,0.025357,-0.041389
-0.077441,0.027008,-0.061638
-0.069717,0.028556,-0.08556
-0.062396,0.029995,-0.11302
-0.07118,0.024385,-0.078338
-0.080753,0.018924,-0.052225
-0.091111,0.013563,-0.032737
-0.10225,0.0082684,-0.018607
-0.11415,0.0030153,-0.0089795
-0.12682,-0.0022105,-0.0032551
-0.14025,-0.0074165,-0.00099919
-0.15443,-0.012602,-0.00013056
-0.1694,-0.017761,0.0034295
-0.18513,-0.022884,0.0096314
-0.17405,-0.025319,0.013294
-0.16358,-0.026711,0.017274
-0.15368,-0.027149,0.021517
-0.14432,-0.026708,0.025978
-0.13546,-0.025453,0.030618
-0.12699,-0.024003,0.035409
-0.11868,-0.02339,0.040324
-0.11055,-0.023594,0.045345
-0.10258,-0.024578,0.050451
-0.09478,-0.026316,0.055629
-0.10007,-0.027941,0.046862
-0.10552,-0.029608,0.039566
-0.11112,-0.031315,0.033448
-0.11687,-0.033064,0.02829
-0.12277,-0.034852,0.023917
-0.12882,-0.036681,0.020195
-0.135,-0.038551,0.017012
-0.14131,-0.04046,0.014282
-0.14777,-0.042408,0.011931
-0.15435,-0.044396,0.0099018
-0.13982,-0.037383,0.016196
-0.12596,-0.031242,0.024104
-0.11278,-0.025892,0.033693
-0.10031,-0.021263,0.045016
-0.088536,-0.017293,0.058116
-0.077483,-0.013929,0.073027
-0.067154,-0.011128,0.089774
-0.057554,-0.0088548,0.10838
-0.048693,-0.007066,0.12886
-0.040651,-0.0052647,0.15122
-0.037102,-0.0052187,0.10473
-0.033931,-0.0049961,0.067363
-0.031053,-0.0049476,0.038593
-0.028435,-0.0051045,0.017998
-0.026048,-0.0054473,0.0052302
-0.023857,-0.0059603,1.3362e-05
-0.021783,-0.0066641,-0.002407
-0.019706,-0.0076222,-0.011769
-0.017587,-0.0088458,-0.02839
-0.015401,-0.01035,-0.052322
-0.014894,-0.013963,-0.046071
-0.014279,-0.018318,-0.04031
-0.013558,-0.023431,-0.034993
-0.012728,-0.029325,-0.030095
-0.011789,-0.036029,-0.025591
-0.010739,-0.043577,-0.021468
-0.0095742,-0.052003,-0.017711
-0.0082934,-0.061343,-0.014312
-0.0068937,-0.071636,-0.011261
-0.0053732,-0.082916,-0.008552
